record_id,series,trial_key,profile,category,stage,source,source_line,timed_start_ns,timed_end_ns,timing_scope,utc_end,nominal_censor_budget_ms,confirmed_messages,note
historical-001,main,Tmain001,redis-always,completed,prefill_and_drain,data/raw/main/summary.jsonl,1,18206136345437038,18206164013033884,Prefill start to last consumer acknowledgment; excludes setup and warm-up,2026-09-23T21:33:11.508125332Z,,16384,
historical-002,main,Tmain002,redis-memory,completed,prefill_and_drain,data/raw/main/summary.jsonl,2,18206164562834920,18206165246507786,Prefill start to last consumer acknowledgment; excludes setup and warm-up,2026-09-23T21:33:12.756317334Z,,16384,
historical-003,main,Tmain003,redis-periodic,completed,prefill_and_drain,data/raw/main/summary.jsonl,3,18206165716416729,18206172712827290,Prefill start to last consumer acknowledgment; excludes setup and warm-up,2026-09-23T21:33:20.080594026Z,,16384,
historical-004,main,Tmain004,nats-always,completed,prefill_and_drain,data/raw/main/summary.jsonl,4,18206173441648193,18206198133029445,Prefill start to last consumer acknowledgment; excludes setup and warm-up,2026-09-23T21:33:45.595926881Z,,16384,
historical-005,main,Tmain005,redis-always,completed,prefill_and_drain,data/raw/main/summary.jsonl,5,18206199343098772,18206259061978134,Prefill start to last consumer acknowledgment; excludes setup and warm-up,2026-09-23T21:34:46.426151302Z,,16384,
historical-006,main,Tmain006,redis-periodic,completed,prefill_and_drain,data/raw/main/summary.jsonl,6,18206259456351474,18206260259099610,Prefill start to last consumer acknowledgment; excludes setup and warm-up,2026-09-23T21:34:47.754389074Z,,16384,
historical-007,main,Tmain007,nats-periodic,completed,prefill_and_drain,data/raw/main/summary.jsonl,7,18206260770604948,18206261927448548,Prefill start to last consumer acknowledgment; excludes setup and warm-up,2026-09-23T21:34:49.384298378Z,,16384,
historical-008,main,Tmain008,redis-periodic,completed,prefill_and_drain,data/raw/main/summary.jsonl,8,18206262448634254,18206264882727564,Prefill start to last consumer acknowledgment; excludes setup and warm-up,2026-09-23T21:34:52.38906003Z,,16384,
historical-009,main,Tmain009,redis-memory,completed,prefill_and_drain,data/raw/main/summary.jsonl,9,18206265460232784,18206267780377768,Prefill start to last consumer acknowledgment; excludes setup and warm-up,2026-09-23T21:34:55.297418853Z,,16384,
historical-010,main,Tmain010,nats-periodic,completed,prefill_and_drain,data/raw/main/summary.jsonl,10,18206268310045323,18206271823820033,Prefill start to last consumer acknowledgment; excludes setup and warm-up,2026-09-23T21:34:59.295666902Z,,16384,
historical-011,main,Tmain011,nats-periodic,completed,prefill_and_drain,data/raw/main/summary.jsonl,11,18206272275354597,18206279766035258,Prefill start to last consumer acknowledgment; excludes setup and warm-up,2026-09-23T21:35:07.128714509Z,,16384,
historical-012,main,Tmain012,nats-always,completed,prefill_and_drain,data/raw/main/summary.jsonl,12,18206282156913660,18206308660540538,Prefill start to last consumer acknowledgment; excludes setup and warm-up,2026-09-23T21:35:36.128201451Z,,16384,
historical-013,main,Tmain013,redis-always,completed,prefill_and_drain,data/raw/main/summary.jsonl,13,18206309396368658,18206325378600148,Prefill start to last consumer acknowledgment; excludes setup and warm-up,2026-09-23T21:35:52.870490189Z,,16384,
historical-014,main,Tmain014,nats-memory,completed,prefill_and_drain,data/raw/main/summary.jsonl,14,18206325878791378,18206327572708784,Prefill start to last consumer acknowledgment; excludes setup and warm-up,2026-09-23T21:35:55.027805694Z,,16384,
historical-015,main,Tmain015,nats-memory,completed,prefill_and_drain,data/raw/main/summary.jsonl,15,18206328045866420,18206328876682479,Prefill start to last consumer acknowledgment; excludes setup and warm-up,2026-09-23T21:35:56.327302307Z,,16384,
historical-016,main,Tmain016,redis-always,completed,prefill_and_drain,data/raw/main/summary.jsonl,16,18206330170499310,18206380367281773,Prefill start to last consumer acknowledgment; excludes setup and warm-up,2026-09-23T21:36:47.889621818Z,,16384,
historical-017,main,Tmain017,redis-memory,completed,prefill_and_drain,data/raw/main/summary.jsonl,17,18206380839141795,18206386640530978,Prefill start to last consumer acknowledgment; excludes setup and warm-up,2026-09-23T21:36:54.000639752Z,,16384,
historical-018,main,Tmain018,nats-memory,completed,prefill_and_drain,data/raw/main/summary.jsonl,18,18206387015366875,18206388124203826,Prefill start to last consumer acknowledgment; excludes setup and warm-up,2026-09-23T21:36:55.581564058Z,,16384,
historical-019,main,Tmain019,redis-memory,completed,prefill_and_drain,data/raw/main/summary.jsonl,19,18206388670150437,18206390146583900,Prefill start to last consumer acknowledgment; excludes setup and warm-up,2026-09-23T21:36:57.696717095Z,,16384,
historical-020,main,Tmain020,nats-memory,completed,prefill_and_drain,data/raw/main/summary.jsonl,20,18206390677729677,18206397938317871,Prefill start to last consumer acknowledgment; excludes setup and warm-up,2026-09-23T21:37:05.294373228Z,,16384,
historical-021,main,Tmain021,redis-memory,completed,prefill_and_drain,data/raw/main/summary.jsonl,21,18206398314769695,18206399205767567,Prefill start to last consumer acknowledgment; excludes setup and warm-up,2026-09-23T21:37:06.730130668Z,,16384,
historical-022,main,Tmain022,nats-always,completed,prefill_and_drain,data/raw/main/summary.jsonl,22,18206408174112937,18206433192183844,Prefill start to last consumer acknowledgment; excludes setup and warm-up,2026-09-23T21:37:40.659124528Z,,16384,
historical-023,main,Tmain023,redis-periodic,completed,prefill_and_drain,data/raw/main/summary.jsonl,23,18206433665497275,18206435164192491,Prefill start to last consumer acknowledgment; excludes setup and warm-up,2026-09-23T21:37:42.692588787Z,,16384,
historical-024,main,Tmain024,nats-periodic,completed,prefill_and_drain,data/raw/main/summary.jsonl,24,18206435698093439,18206437402587000,Prefill start to last consumer acknowledgment; excludes setup and warm-up,2026-09-23T21:37:44.857028879Z,,16384,
historical-025,main,Tmain025,nats-always,completed,prefill_and_drain,data/raw/main/summary.jsonl,25,18206438206619366,18206468989515959,Prefill start to last consumer acknowledgment; excludes setup and warm-up,2026-09-23T21:38:16.355165904Z,,16384,
historical-026,main,Tmain026,nats-always,completed,prefill_and_drain,data/raw/main/summary.jsonl,26,18206469930573587,18206494245136679,Prefill start to last consumer acknowledgment; excludes setup and warm-up,2026-09-23T21:38:41.708512812Z,,16384,
historical-027,main,Tmain027,redis-always,completed,prefill_and_drain,data/raw/main/summary.jsonl,27,18206494968588392,18206504867806249,Prefill start to last consumer acknowledgment; excludes setup and warm-up,2026-09-23T21:38:52.406883303Z,,16384,
historical-028,main,Tmain028,nats-periodic,completed,prefill_and_drain,data/raw/main/summary.jsonl,28,18206505467797696,18206506390459807,Prefill start to last consumer acknowledgment; excludes setup and warm-up,2026-09-23T21:38:53.843211474Z,,16384,
historical-029,main,Tmain029,nats-memory,completed,prefill_and_drain,data/raw/main/summary.jsonl,29,18206506858551627,18206510238645648,Prefill start to last consumer acknowledgment; excludes setup and warm-up,2026-09-23T21:38:57.701313193Z,,16384,
historical-030,main,Tmain030,redis-periodic,completed,prefill_and_drain,data/raw/main/summary.jsonl,30,18206510791682738,18206511777190859,Prefill start to last consumer acknowledgment; excludes setup and warm-up,2026-09-23T21:38:59.307497478Z,,16384,
historical-031,main,Tmain031,redis-periodic,completed,prefill_and_drain,data/raw/main/summary.jsonl,31,18206512404923629,18206513287640254,Prefill start to last consumer acknowledgment; excludes setup and warm-up,2026-09-23T21:39:00.823429659Z,,16384,
historical-032,main,Tmain032,redis-memory,completed,prefill_and_drain,data/raw/main/summary.jsonl,32,18206513913685024,18206514619772335,Prefill start to last consumer acknowledgment; excludes setup and warm-up,2026-09-23T21:39:02.118933443Z,,16384,
historical-033,main,Tmain033,nats-always,completed,prefill_and_drain,data/raw/main/summary.jsonl,33,18206515491826322,18206540643642493,Prefill start to last consumer acknowledgment; excludes setup and warm-up,2026-09-23T21:39:28.104564238Z,,16384,
historical-034,main,Tmain034,redis-always,completed,prefill_and_drain,data/raw/main/summary.jsonl,34,18206541937182211,18206594474683874,Prefill start to last consumer acknowledgment; excludes setup and warm-up,2026-09-23T21:40:22.034877063Z,,16384,
historical-035,main,Tmain035,nats-memory,completed,prefill_and_drain,data/raw/main/summary.jsonl,35,18206595053399373,18206598396137397,Prefill start to last consumer acknowledgment; excludes setup and warm-up,2026-09-23T21:40:25.859540809Z,,16384,
historical-036,main,Tmain036,nats-memory,completed,prefill_and_drain,data/raw/main/summary.jsonl,36,18206598916639651,18206599752140080,Prefill start to last consumer acknowledgment; excludes setup and warm-up,2026-09-23T21:40:27.207128969Z,,16384,
historical-037,main,Tmain037,nats-always,completed,prefill_and_drain,data/raw/main/summary.jsonl,37,18206600580909066,18206633442415616,Prefill start to last consumer acknowledgment; excludes setup and warm-up,2026-09-23T21:41:00.815374839Z,,16384,
historical-038,main,Tmain038,nats-periodic,completed,prefill_and_drain,data/raw/main/summary.jsonl,38,18206633868903749,18206634738595812,Prefill start to last consumer acknowledgment; excludes setup and warm-up,2026-09-23T21:41:02.195133663Z,,16384,
historical-039,main,Tmain039,nats-memory,completed,prefill_and_drain,data/raw/main/summary.jsonl,39,18206635203662743,18206636259120505,Prefill start to last consumer acknowledgment; excludes setup and warm-up,2026-09-23T21:41:03.722016513Z,,16384,
historical-040,main,Tmain040,redis-periodic,completed,prefill_and_drain,data/raw/main/summary.jsonl,40,18206636818369237,18206640224380385,Prefill start to last consumer acknowledgment; excludes setup and warm-up,2026-09-23T21:41:07.747311092Z,,16384,
historical-041,main,Tmain041,nats-always,completed,prefill_and_drain,data/raw/main/summary.jsonl,41,18206641134310208,18206668972930232,Prefill start to last consumer acknowledgment; excludes setup and warm-up,2026-09-23T21:41:36.439042197Z,,16384,
historical-042,main,Tmain042,redis-always,completed,prefill_and_drain,data/raw/main/summary.jsonl,42,18206669655494026,18206679697219598,Prefill start to last consumer acknowledgment; excludes setup and warm-up,2026-09-23T21:41:47.260104551Z,,16384,
historical-043,main,Tmain043,redis-memory,completed,prefill_and_drain,data/raw/main/summary.jsonl,43,18206680284256131,18206682861793336,Prefill start to last consumer acknowledgment; excludes setup and warm-up,2026-09-23T21:41:50.418068763Z,,16384,
historical-044,main,Tmain044,redis-periodic,completed,prefill_and_drain,data/raw/main/summary.jsonl,44,18206683418274772,18206684472201955,Prefill start to last consumer acknowledgment; excludes setup and warm-up,2026-09-23T21:41:51.931099977Z,,16384,
historical-045,main,Tmain045,nats-periodic,completed,prefill_and_drain,data/raw/main/summary.jsonl,45,18206684946769921,18206686142310257,Prefill start to last consumer acknowledgment; excludes setup and warm-up,2026-09-23T21:41:53.593139396Z,,16384,
historical-046,main,Tmain046,redis-memory,completed,prefill_and_drain,data/raw/main/summary.jsonl,46,18206686606781478,18206687979202628,Prefill start to last consumer acknowledgment; excludes setup and warm-up,2026-09-23T21:41:55.437514495Z,,16384,
historical-047,main,Tmain047,nats-memory,completed,prefill_and_drain,data/raw/main/summary.jsonl,47,18206688436598910,18206690113155485,Prefill start to last consumer acknowledgment; excludes setup and warm-up,2026-09-23T21:41:57.574467793Z,,16384,
historical-048,main,Tmain048,nats-memory,completed,prefill_and_drain,data/raw/main/summary.jsonl,48,18206690563184351,18206697885932600,Prefill start to last consumer acknowledgment; excludes setup and warm-up,2026-09-23T21:42:05.245166246Z,,16384,
historical-049,main,Tmain049,nats-periodic,completed,prefill_and_drain,data/raw/main/summary.jsonl,49,18206698250695029,18206700026954089,Prefill start to last consumer acknowledgment; excludes setup and warm-up,2026-09-23T21:42:07.485959922Z,,16384,
historical-050,main,Tmain050,nats-periodic,completed,prefill_and_drain,data/raw/main/summary.jsonl,50,18206700512467889,18206703507584159,Prefill start to last consumer acknowledgment; excludes setup and warm-up,2026-09-23T21:42:10.97150963Z,,16384,
historical-051,main,Tmain051,nats-periodic,completed,prefill_and_drain,data/raw/main/summary.jsonl,51,18206703935119767,18206711518470228,Prefill start to last consumer acknowledgment; excludes setup and warm-up,2026-09-23T21:42:18.878804284Z,,16384,
historical-052,main,Tmain052,nats-always,excluded_setup_failure,setup,data/raw/main/summary.jsonl,52,,,Unavailable; no duration is imputed,,,,
historical-053,main,Tmain052r2,nats-always,completed,prefill_and_drain,data/raw/main/summary.jsonl,53,18207133548692066,18207159482668903,Prefill start to last consumer acknowledgment; excludes setup and warm-up,2026-09-23T21:49:46.951932065Z,,16384,
historical-054,main,Tmain053,redis-memory,completed,prefill_and_drain,data/raw/main/summary.jsonl,54,18207159956946758,18207160867193454,Prefill start to last consumer acknowledgment; excludes setup and warm-up,2026-09-23T21:49:48.374110354Z,,16384,
historical-055,main,Tmain054,redis-always,completed,prefill_and_drain,data/raw/main/summary.jsonl,55,18207161871026918,18207189345873351,Prefill start to last consumer acknowledgment; excludes setup and warm-up,2026-09-23T21:50:16.834193926Z,,16384,
historical-056,main,Tmain055,redis-always,completed,prefill_and_drain,data/raw/main/summary.jsonl,56,18207190128085243,18207206005248010,Prefill start to last consumer acknowledgment; excludes setup and warm-up,2026-09-23T21:50:33.548834442Z,,16384,
historical-057,main,Tmain056,nats-always,completed,prefill_and_drain,data/raw/main/summary.jsonl,57,18207206951389352,18207230945848825,Prefill start to last consumer acknowledgment; excludes setup and warm-up,2026-09-23T21:50:58.409217964Z,,16384,
historical-058,main,Tmain057,redis-periodic,completed,prefill_and_drain,data/raw/main/summary.jsonl,58,18207231369970093,18207237559935775,Prefill start to last consumer acknowledgment; excludes setup and warm-up,2026-09-23T21:51:04.921260916Z,,16384,
historical-059,main,Tmain058,redis-periodic,completed,prefill_and_drain,data/raw/main/summary.jsonl,59,18207237973461128,18207239606993977,Prefill start to last consumer acknowledgment; excludes setup and warm-up,2026-09-23T21:51:07.096331795Z,,16384,
historical-060,main,Tmain059,redis-memory,completed,prefill_and_drain,data/raw/main/summary.jsonl,60,18207240041166930,18207245760385347,Prefill start to last consumer acknowledgment; excludes setup and warm-up,2026-09-23T21:51:13.110574406Z,,16384,
historical-061,main,Tmain060,redis-always,completed,prefill_and_drain,data/raw/main/summary.jsonl,61,18207246957280604,18207305456309096,Prefill start to last consumer acknowledgment; excludes setup and warm-up,2026-09-23T21:52:12.823116273Z,,16384,
historical-062,main,Tmain061,redis-always,completed,prefill_and_drain,data/raw/main/summary.jsonl,62,18207306150483526,18207322158148387,Prefill start to last consumer acknowledgment; excludes setup and warm-up,2026-09-23T21:52:29.690318878Z,,16384,
historical-063,main,Tmain062,nats-memory,completed,prefill_and_drain,data/raw/main/summary.jsonl,63,18207322741897375,18207323579745741,Prefill start to last consumer acknowledgment; excludes setup and warm-up,2026-09-23T21:52:31.037663904Z,,16384,
historical-064,main,Tmain063,redis-always,completed,prefill_and_drain,data/raw/main/summary.jsonl,64,18207324476492792,18207352902522744,Prefill start to last consumer acknowledgment; excludes setup and warm-up,2026-09-23T21:53:00.402855245Z,,16384,
historical-065,main,Tmain064,nats-periodic,completed,prefill_and_drain,data/raw/main/summary.jsonl,65,18207353433825163,18207356916670344,Prefill start to last consumer acknowledgment; excludes setup and warm-up,2026-09-23T21:53:04.383867848Z,,16384,
historical-066,main,Tmain065,nats-memory,completed,prefill_and_drain,data/raw/main/summary.jsonl,66,18207357368217193,18207365161702168,Prefill start to last consumer acknowledgment; excludes setup and warm-up,2026-09-23T21:53:12.515570006Z,,16384,
historical-067,main,Tmain066,nats-periodic,completed,prefill_and_drain,data/raw/main/summary.jsonl,67,18207365523987976,18207366724313514,Prefill start to last consumer acknowledgment; excludes setup and warm-up,2026-09-23T21:53:14.179299125Z,,16384,
historical-068,main,Tmain067,nats-always,completed,prefill_and_drain,data/raw/main/summary.jsonl,68,18207370835565406,18207412252907881,Prefill start to last consumer acknowledgment; excludes setup and warm-up,2026-09-23T21:53:59.722900193Z,,16384,
historical-069,main,Tmain068,redis-memory,completed,prefill_and_drain,data/raw/main/summary.jsonl,69,18207412663878253,18207419525347351,Prefill start to last consumer acknowledgment; excludes setup and warm-up,2026-09-23T21:54:06.88541069Z,,16384,
historical-070,main,Tmain069,nats-always,completed,prefill_and_drain,data/raw/main/summary.jsonl,70,18207420192720338,18207451011539212,Prefill start to last consumer acknowledgment; excludes setup and warm-up,2026-09-23T21:54:38.379913375Z,,16384,
historical-071,main,Tmain070,redis-always,completed,prefill_and_drain,data/raw/main/summary.jsonl,71,18207452108522805,18207502632544499,Prefill start to last consumer acknowledgment; excludes setup and warm-up,2026-09-23T21:55:30.113396442Z,,16384,
historical-072,main,Tmain071,nats-memory,completed,prefill_and_drain,data/raw/main/summary.jsonl,72,18207503127228714,18207504845186260,Prefill start to last consumer acknowledgment; excludes setup and warm-up,2026-09-23T21:55:32.303943921Z,,16384,
historical-073,main,Tmain072,redis-periodic,completed,prefill_and_drain,data/raw/main/summary.jsonl,73,18207505413085735,18207506247137739,Prefill start to last consumer acknowledgment; excludes setup and warm-up,2026-09-23T21:55:33.726934299Z,,16384,
historical-074,main,Tmain073,redis-memory,completed,prefill_and_drain,data/raw/main/summary.jsonl,74,18207506787380370,18207508315682443,Prefill start to last consumer acknowledgment; excludes setup and warm-up,2026-09-23T21:55:35.821868355Z,,16384,
historical-075,main,Tmain074,redis-memory,completed,prefill_and_drain,data/raw/main/summary.jsonl,75,18207508903963990,18207509793192988,Prefill start to last consumer acknowledgment; excludes setup and warm-up,2026-09-23T21:55:37.319899589Z,,16384,
historical-076,main,Tmain075,redis-always,completed,prefill_and_drain,data/raw/main/summary.jsonl,76,18207510539305477,18207520338064442,Prefill start to last consumer acknowledgment; excludes setup and warm-up,2026-09-23T21:55:47.839147277Z,,16384,
historical-077,main,Tmain076,nats-always,completed,prefill_and_drain,data/raw/main/summary.jsonl,77,18207521208966030,18207545666991572,Prefill start to last consumer acknowledgment; excludes setup and warm-up,2026-09-23T21:56:13.124898624Z,,16384,
historical-078,main,Tmain077,redis-memory,completed,prefill_and_drain,data/raw/main/summary.jsonl,78,18207546146655352,18207548788896804,Prefill start to last consumer acknowledgment; excludes setup and warm-up,2026-09-23T21:56:16.252139741Z,,16384,
historical-079,main,Tmain078,redis-periodic,completed,prefill_and_drain,data/raw/main/summary.jsonl,79,18207549284820373,18207550304520887,Prefill start to last consumer acknowledgment; excludes setup and warm-up,2026-09-23T21:56:17.801896764Z,,16384,
historical-080,main,Tmain079,nats-periodic,completed,prefill_and_drain,data/raw/main/summary.jsonl,80,18207550845937512,18207551834190165,Prefill start to last consumer acknowledgment; excludes setup and warm-up,2026-09-23T21:56:19.291864455Z,,16384,
historical-081,main,Tmain080,nats-always,completed,prefill_and_drain,data/raw/main/summary.jsonl,81,18207552658776630,18207578516514329,Prefill start to last consumer acknowledgment; excludes setup and warm-up,2026-09-23T21:56:45.980661353Z,,16384,
historical-082,main,Tmain081,nats-always,completed,prefill_and_drain,data/raw/main/summary.jsonl,82,18207579473260990,18207604752077879,Prefill start to last consumer acknowledgment; excludes setup and warm-up,2026-09-23T21:57:12.215655846Z,,16384,
historical-083,main,Tmain082,nats-memory,completed,prefill_and_drain,data/raw/main/summary.jsonl,83,18207605237736500,18207608577949917,Prefill start to last consumer acknowledgment; excludes setup and warm-up,2026-09-23T21:57:16.039270338Z,,16384,
historical-084,main,Tmain083,redis-periodic,completed,prefill_and_drain,data/raw/main/summary.jsonl,84,18207609129202835,18207610482805147,Prefill start to last consumer acknowledgment; excludes setup and warm-up,2026-09-23T21:57:17.9551949Z,,16384,
historical-085,main,Tmain084,nats-memory,completed,prefill_and_drain,data/raw/main/summary.jsonl,85,18207610975125749,18207612075818516,Prefill start to last consumer acknowledgment; excludes setup and warm-up,2026-09-23T21:57:19.539463017Z,,16384,
historical-086,main,Tmain085,redis-periodic,completed,prefill_and_drain,data/raw/main/summary.jsonl,86,18207612493218959,18207619397609990,Prefill start to last consumer acknowledgment; excludes setup and warm-up,2026-09-23T21:57:26.765947631Z,,16384,
historical-087,main,Tmain086,redis-periodic,completed,prefill_and_drain,data/raw/main/summary.jsonl,87,18207619863544580,18207622331933048,Prefill start to last consumer acknowledgment; excludes setup and warm-up,2026-09-23T21:57:29.797199061Z,,16384,
historical-088,main,Tmain087,redis-memory,completed,prefill_and_drain,data/raw/main/summary.jsonl,88,18207622898419685,18207623604759200,Prefill start to last consumer acknowledgment; excludes setup and warm-up,2026-09-23T21:57:31.099077454Z,,16384,
historical-089,main,Tmain088,nats-periodic,completed,prefill_and_drain,data/raw/main/summary.jsonl,89,18207624106500337,18207625909133809,Prefill start to last consumer acknowledgment; excludes setup and warm-up,2026-09-23T21:57:33.367814149Z,,16384,
historical-090,main,Tmain089,redis-always,completed,prefill_and_drain,data/raw/main/summary.jsonl,90,18207839143106263,18207898030747442,Prefill start to last consumer acknowledgment; excludes setup and warm-up,2026-09-23T22:02:05.407289369Z,,16384,
historical-091,main,Tmain090,nats-periodic,completed,prefill_and_drain,data/raw/main/summary.jsonl,91,18207898407254359,18207905904270713,Prefill start to last consumer acknowledgment; excludes setup and warm-up,2026-09-23T22:02:13.264852924Z,,16384,
historical-092,main,Tmain091,nats-periodic,completed,prefill_and_drain,data/raw/main/summary.jsonl,92,18207906311766568,18207907205397935,Prefill start to last consumer acknowledgment; excludes setup and warm-up,2026-09-23T22:02:14.6600108Z,,16384,
historical-093,main,Tmain092,redis-periodic,completed,prefill_and_drain,data/raw/main/summary.jsonl,93,18207907703898597,18207910150348788,Prefill start to last consumer acknowledgment; excludes setup and warm-up,2026-09-23T22:02:17.623751385Z,,16384,
historical-094,main,Tmain093,nats-always,completed,prefill_and_drain,data/raw/main/summary.jsonl,94,18207913591222726,18207958925335613,Prefill start to last consumer acknowledgment; excludes setup and warm-up,2026-09-23T22:03:06.398931302Z,,16384,
historical-095,main,Tmain094,redis-memory,completed,prefill_and_drain,data/raw/main/summary.jsonl,95,18207959438953007,18207960142476608,Prefill start to last consumer acknowledgment; excludes setup and warm-up,2026-09-23T22:03:07.640656595Z,,16384,
historical-096,main,Tmain095,nats-always,completed,prefill_and_drain,data/raw/main/summary.jsonl,96,18207961103108008,18207986228824985,Prefill start to last consumer acknowledgment; excludes setup and warm-up,2026-09-23T22:03:33.700924153Z,,16384,
historical-097,main,Tmain096,redis-always,completed,prefill_and_drain,data/raw/main/summary.jsonl,97,18207986948185320,18208002493237065,Prefill start to last consumer acknowledgment; excludes setup and warm-up,2026-09-23T22:03:49.991109911Z,,16384,
historical-098,main,Tmain097,nats-memory,completed,prefill_and_drain,data/raw/main/summary.jsonl,98,18208003034174895,18208003867300443,Prefill start to last consumer acknowledgment; excludes setup and warm-up,2026-09-23T22:03:51.319835797Z,,16384,
historical-099,main,Tmain098,redis-memory,completed,prefill_and_drain,data/raw/main/summary.jsonl,99,18208004410546921,18208005919759639,Prefill start to last consumer acknowledgment; excludes setup and warm-up,2026-09-23T22:03:53.447559802Z,,16384,
historical-100,main,Tmain099,nats-always,completed,prefill_and_drain,data/raw/main/summary.jsonl,100,18208006779813930,18208038319839473,Prefill start to last consumer acknowledgment; excludes setup and warm-up,2026-09-23T22:04:25.686853354Z,,16384,
historical-101,main,Tmain100,redis-periodic,completed,prefill_and_drain,data/raw/main/summary.jsonl,101,18208038642705512,18208044812811840,Prefill start to last consumer acknowledgment; excludes setup and warm-up,2026-09-23T22:04:32.169784218Z,,16384,
historical-102,main,Tmain101,nats-periodic,completed,prefill_and_drain,data/raw/main/summary.jsonl,102,18208045176460767,18208046997564109,Prefill start to last consumer acknowledgment; excludes setup and warm-up,2026-09-23T22:04:34.454658035Z,,16384,
historical-103,main,Tmain102,redis-always,completed,prefill_and_drain,data/raw/main/summary.jsonl,103,18208047962185220,18208075365653606,Prefill start to last consumer acknowledgment; excludes setup and warm-up,2026-09-23T22:05:02.853648651Z,,16384,
historical-104,main,Tmain103,redis-periodic,completed,prefill_and_drain,data/raw/main/summary.jsonl,104,18208075910626265,18208076917096636,Prefill start to last consumer acknowledgment; excludes setup and warm-up,2026-09-23T22:05:04.43319753Z,,16384,
historical-105,main,Tmain104,nats-always,completed,prefill_and_drain,data/raw/main/summary.jsonl,105,18208077883055233,18208102317893363,Prefill start to last consumer acknowledgment; excludes setup and warm-up,2026-09-23T22:05:29.785392721Z,,16384,
historical-106,main,Tmain105,redis-memory,completed,prefill_and_drain,data/raw/main/summary.jsonl,106,18208102716691023,18208108379934096,Prefill start to last consumer acknowledgment; excludes setup and warm-up,2026-09-23T22:05:35.738560731Z,,16384,
historical-107,main,Tmain106,redis-always,completed,prefill_and_drain,data/raw/main/summary.jsonl,107,18208109564881952,18208161944383968,Prefill start to last consumer acknowledgment; excludes setup and warm-up,2026-09-23T22:06:29.442554002Z,,16384,
historical-108,main,Tmain107,nats-memory,completed,prefill_and_drain,data/raw/main/summary.jsonl,108,18208162420773864,18208169714984482,Prefill start to last consumer acknowledgment; excludes setup and warm-up,2026-09-23T22:06:37.066327424Z,,16384,
historical-109,main,Tmain108,redis-periodic,completed,prefill_and_drain,data/raw/main/summary.jsonl,109,18208170112168855,18208170928908733,Prefill start to last consumer acknowledgment; excludes setup and warm-up,2026-09-23T22:06:38.415860418Z,,16384,
historical-110,main,Tmain109,nats-memory,completed,prefill_and_drain,data/raw/main/summary.jsonl,110,18208171437137066,18208172539479207,Prefill start to last consumer acknowledgment; excludes setup and warm-up,2026-09-23T22:06:39.996567282Z,,16384,
historical-111,main,Tmain110,redis-memory,completed,prefill_and_drain,data/raw/main/summary.jsonl,111,18208173011793859,18208173910746295,Prefill start to last consumer acknowledgment; excludes setup and warm-up,2026-09-23T22:06:41.426756775Z,,16384,
historical-112,main,Tmain111,nats-periodic,completed,prefill_and_drain,data/raw/main/summary.jsonl,112,18208174441390561,18208175626943235,Prefill start to last consumer acknowledgment; excludes setup and warm-up,2026-09-23T22:06:43.07976356Z,,16384,
historical-113,main,Tmain112,redis-periodic,completed,prefill_and_drain,data/raw/main/summary.jsonl,113,18208176122652232,18208177865518523,Prefill start to last consumer acknowledgment; excludes setup and warm-up,2026-09-23T22:06:45.349813402Z,,16384,
historical-114,main,Tmain113,nats-memory,completed,prefill_and_drain,data/raw/main/summary.jsonl,114,18208178371407583,18208181676072801,Prefill start to last consumer acknowledgment; excludes setup and warm-up,2026-09-23T22:06:49.143106859Z,,16384,
historical-115,main,Tmain114,redis-always,completed,prefill_and_drain,data/raw/main/summary.jsonl,115,18208184411505281,18208242879387491,Prefill start to last consumer acknowledgment; excludes setup and warm-up,2026-09-23T22:07:50.242588426Z,,16384,
historical-116,main,Tmain115,nats-memory,completed,prefill_and_drain,data/raw/main/summary.jsonl,116,18208243244357610,18208244858685064,Prefill start to last consumer acknowledgment; excludes setup and warm-up,2026-09-23T22:07:52.317765226Z,,16384,
historical-117,main,Tmain116,nats-periodic,completed,prefill_and_drain,data/raw/main/summary.jsonl,117,18208245295569509,18208252819933926,Prefill start to last consumer acknowledgment; excludes setup and warm-up,2026-09-23T22:08:00.182938589Z,,16384,
historical-118,main,Tmain117,redis-always,completed,prefill_and_drain,data/raw/main/summary.jsonl,118,18208253406387634,18208263017830361,Prefill start to last consumer acknowledgment; excludes setup and warm-up,2026-09-23T22:08:10.508385483Z,,16384,
historical-119,main,Tmain118,nats-always,completed,prefill_and_drain,data/raw/main/summary.jsonl,119,18208263881822018,18208288345480807,Prefill start to last consumer acknowledgment; excludes setup and warm-up,2026-09-23T22:08:35.799648761Z,,16384,
historical-120,main,Tmain119,nats-periodic,completed,prefill_and_drain,data/raw/main/summary.jsonl,120,18208288813836539,18208292379761429,Prefill start to last consumer acknowledgment; excludes setup and warm-up,2026-09-23T22:08:39.846289181Z,,16384,
historical-121,main,Tmain120,redis-memory,completed,prefill_and_drain,data/raw/main/summary.jsonl,121,18208292912613446,18208296029140962,Prefill start to last consumer acknowledgment; excludes setup and warm-up,2026-09-23T22:08:43.547109666Z,,16384,
historical-122,main,Tmain121,nats-always,completed,prefill_and_drain,data/raw/main/summary.jsonl,122,18208297026974692,18208323283080084,Prefill start to last consumer acknowledgment; excludes setup and warm-up,2026-09-23T22:09:10.751136915Z,,16384,
historical-123,main,Tmain122,nats-memory,completed,prefill_and_drain,data/raw/main/summary.jsonl,123,18208323761133948,18208324832631185,Prefill start to last consumer acknowledgment; excludes setup and warm-up,2026-09-23T22:09:12.290191884Z,,16384,
historical-124,main,Tmain123,redis-periodic,completed,prefill_and_drain,data/raw/main/summary.jsonl,124,18208325234544305,18208331380042759,Prefill start to last consumer acknowledgment; excludes setup and warm-up,2026-09-23T22:09:18.733407477Z,,16384,
historical-125,main,Tmain124,nats-memory,completed,prefill_and_drain,data/raw/main/summary.jsonl,125,18208331785886992,18208332628440797,Prefill start to last consumer acknowledgment; excludes setup and warm-up,2026-09-23T22:09:20.087482203Z,,16384,
historical-126,main,Tmain125,nats-memory,completed,prefill_and_drain,data/raw/main/summary.jsonl,126,18208333105268568,18208336449848631,Prefill start to last consumer acknowledgment; excludes setup and warm-up,2026-09-23T22:09:23.911915887Z,,16384,
historical-127,main,Tmain126,nats-always,completed,prefill_and_drain,data/raw/main/summary.jsonl,127,18208339791665074,18208363569436295,Prefill start to last consumer acknowledgment; excludes setup and warm-up,2026-09-23T22:09:51.029034726Z,,16384,
historical-128,main,Tmain127,redis-periodic,completed,prefill_and_drain,data/raw/main/summary.jsonl,128,18208364120207128,18208364924284425,Prefill start to last consumer acknowledgment; excludes setup and warm-up,2026-09-23T22:09:52.42371483Z,,16384,
historical-129,main,Tmain128,redis-memory,completed,prefill_and_drain,data/raw/main/summary.jsonl,129,18208365509816593,18208366479128683,Prefill start to last consumer acknowledgment; excludes setup and warm-up,2026-09-23T22:09:54.021848754Z,,16384,
historical-130,main,Tmain129,redis-memory,completed,prefill_and_drain,data/raw/main/summary.jsonl,130,18208367128465898,18208367818360010,Prefill start to last consumer acknowledgment; excludes setup and warm-up,2026-09-23T22:09:55.328327698Z,,16384,
historical-131,main,Tmain130,nats-periodic,completed,prefill_and_drain,data/raw/main/summary.jsonl,131,18208368367523684,18208369265536983,Prefill start to last consumer acknowledgment; excludes setup and warm-up,2026-09-23T22:09:56.716238825Z,,16384,
historical-132,main,Tmain131,redis-memory,completed,prefill_and_drain,data/raw/main/summary.jsonl,132,18208369817558409,18208372640942405,Prefill start to last consumer acknowledgment; excludes setup and warm-up,2026-09-23T22:10:00.161242938Z,,16384,
historical-133,main,Tmain132,nats-memory,completed,prefill_and_drain,data/raw/main/summary.jsonl,133,18208373139637810,18208380400010396,Prefill start to last consumer acknowledgment; excludes setup and warm-up,2026-09-23T22:10:07.751198156Z,,16384,
historical-134,main,Tmain133,nats-periodic,completed,prefill_and_drain,data/raw/main/summary.jsonl,134,18208380735960060,18208388528449818,Prefill start to last consumer acknowledgment; excludes setup and warm-up,2026-09-23T22:10:15.885148621Z,,16384,
historical-135,main,Tmain134,nats-periodic,completed,prefill_and_drain,data/raw/main/summary.jsonl,135,18208388898334633,18208390102347025,Prefill start to last consumer acknowledgment; excludes setup and warm-up,2026-09-23T22:10:17.607164065Z,,16384,
historical-136,main,Tmain135,nats-periodic,completed,prefill_and_drain,data/raw/main/summary.jsonl,136,18208390635163046,18208392443522775,Prefill start to last consumer acknowledgment; excludes setup and warm-up,2026-09-23T22:10:19.905162491Z,,16384,
historical-137,main,Tmain136,nats-periodic,completed,prefill_and_drain,data/raw/main/summary.jsonl,137,18208392924238644,18208396348358302,Prefill start to last consumer acknowledgment; excludes setup and warm-up,2026-09-23T22:10:23.81211385Z,,16384,
historical-138,main,Tmain137,redis-periodic,completed,prefill_and_drain,data/raw/main/summary.jsonl,138,18208396835848592,18208398491402299,Prefill start to last consumer acknowledgment; excludes setup and warm-up,2026-09-23T22:10:25.964152992Z,,16384,
historical-139,main,Tmain138,redis-always,completed,prefill_and_drain,data/raw/main/summary.jsonl,139,18208402273680950,18208429065394652,Prefill start to last consumer acknowledgment; excludes setup and warm-up,2026-09-23T22:10:56.559897158Z,,16384,
historical-140,main,Tmain139,redis-periodic,completed,prefill_and_drain,data/raw/main/summary.jsonl,140,18208429575662754,18208430605966378,Prefill start to last consumer acknowledgment; excludes setup and warm-up,2026-09-23T22:10:58.094204329Z,,16384,
historical-141,main,Tmain140,nats-always,completed,prefill_and_drain,data/raw/main/summary.jsonl,141,18208431463157793,18208455697768716,Prefill start to last consumer acknowledgment; excludes setup and warm-up,2026-09-23T22:11:23.166064426Z,,16384,
historical-142,main,Tmain141,redis-always,completed,prefill_and_drain,data/raw/main/summary.jsonl,142,18208456449937304,18208472148292714,Prefill start to last consumer acknowledgment; excludes setup and warm-up,2026-09-23T22:11:39.713043386Z,,16384,
historical-143,main,Tmain142,nats-always,completed,prefill_and_drain,data/raw/main/summary.jsonl,143,18208473070951905,18208498007679241,Prefill start to last consumer acknowledgment; excludes setup and warm-up,2026-09-23T22:12:05.473387041Z,,16384,
historical-144,main,Tmain143,nats-always,completed,prefill_and_drain,data/raw/main/summary.jsonl,144,18208498842863410,18208530209450277,Prefill start to last consumer acknowledgment; excludes setup and warm-up,2026-09-23T22:12:37.576290607Z,,16384,
historical-145,main,Tmain144,redis-memory,completed,prefill_and_drain,data/raw/main/summary.jsonl,145,18208530520049450,18208536218880927,Prefill start to last consumer acknowledgment; excludes setup and warm-up,2026-09-23T22:12:43.577803944Z,,16384,
historical-146,main,Tmain145,redis-always,completed,prefill_and_drain,data/raw/main/summary.jsonl,146,18208537257034442,18208587776574069,Prefill start to last consumer acknowledgment; excludes setup and warm-up,2026-09-23T22:13:35.336670733Z,,16384,
historical-147,main,Tmain146,nats-memory,completed,prefill_and_drain,data/raw/main/summary.jsonl,147,18208588344787875,18208590047127094,Prefill start to last consumer acknowledgment; excludes setup and warm-up,2026-09-23T22:13:37.505726617Z,,16384,
historical-148,main,Tmain147,redis-memory,completed,prefill_and_drain,data/raw/main/summary.jsonl,148,18208590534116452,18208592057099548,Prefill start to last consumer acknowledgment; excludes setup and warm-up,2026-09-23T22:13:39.560912455Z,,16384,
historical-149,main,Tmain148,redis-always,completed,prefill_and_drain,data/raw/main/summary.jsonl,149,18208592759493042,18208602842195612,Prefill start to last consumer acknowledgment; excludes setup and warm-up,2026-09-23T22:13:50.367915585Z,,16384,
historical-150,main,Tmain149,redis-periodic,completed,prefill_and_drain,data/raw/main/summary.jsonl,150,18208603385534720,18208606579540441,Prefill start to last consumer acknowledgment; excludes setup and warm-up,2026-09-23T22:13:54.125153467Z,,16384,
historical-151,main,Tmain150,redis-always,completed,prefill_and_drain,data/raw/main/summary.jsonl,151,18208607996462180,18208668868352507,Prefill start to last consumer acknowledgment; excludes setup and warm-up,2026-09-23T22:14:56.244755624Z,,16384,
historical-152,main,Tmain151,redis-always,completed,prefill_and_drain,data/raw/main/summary.jsonl,152,18208670110871799,18208729994627074,Prefill start to last consumer acknowledgment; excludes setup and warm-up,2026-09-23T22:15:57.369730634Z,,16384,
historical-153,main,Tmain152,redis-periodic,completed,prefill_and_drain,data/raw/main/summary.jsonl,153,18208730444142985,18208731270247942,Prefill start to last consumer acknowledgment; excludes setup and warm-up,2026-09-23T22:15:58.746904657Z,,16384,
historical-154,main,Tmain153,nats-always,completed,prefill_and_drain,data/raw/main/summary.jsonl,154,18208732107386060,18208763826775477,Prefill start to last consumer acknowledgment; excludes setup and warm-up,2026-09-23T22:16:31.186861064Z,,16384,
historical-155,main,Tmain154,redis-always,completed,prefill_and_drain,data/raw/main/summary.jsonl,155,18208764401192856,18208774452156865,Prefill start to last consumer acknowledgment; excludes setup and warm-up,2026-09-23T22:16:41.942222585Z,,16384,
historical-156,main,Tmain155,nats-memory,completed,prefill_and_drain,data/raw/main/summary.jsonl,156,18208774965955002,18208778160660496,Prefill start to last consumer acknowledgment; excludes setup and warm-up,2026-09-23T22:16:45.622152302Z,,16384,
historical-157,main,Tmain156,redis-memory,completed,prefill_and_drain,data/raw/main/summary.jsonl,157,18208778628463840,18208780144976706,Prefill start to last consumer acknowledgment; excludes setup and warm-up,2026-09-23T22:16:47.655400626Z,,16384,
historical-158,main,Tmain157,nats-always,completed,prefill_and_drain,data/raw/main/summary.jsonl,158,18208781108893053,18208806473801971,Prefill start to last consumer acknowledgment; excludes setup and warm-up,2026-09-23T22:17:13.934215899Z,,16384,
historical-159,main,Tmain158,nats-periodic,completed,prefill_and_drain,data/raw/main/summary.jsonl,159,18208806973336297,18208807884273184,Prefill start to last consumer acknowledgment; excludes setup and warm-up,2026-09-23T22:17:15.347842335Z,,16384,
historical-160,main,Tmain159,nats-memory,completed,prefill_and_drain,data/raw/main/summary.jsonl,160,18208808382558024,18208809227076202,Prefill start to last consumer acknowledgment; excludes setup and warm-up,2026-09-23T22:17:16.682335234Z,,16384,
historical-161,main,Tmain160,redis-always,completed,prefill_and_drain,data/raw/main/summary.jsonl,161,18208809967053718,18208825922606298,Prefill start to last consumer acknowledgment; excludes setup and warm-up,2026-09-23T22:17:33.457948181Z,,16384,
historical-162,main,Tmain161,nats-always,completed,prefill_and_drain,data/raw/main/summary.jsonl,162,18208826830918163,18208852222332906,Prefill start to last consumer acknowledgment; excludes setup and warm-up,2026-09-23T22:17:59.684483203Z,,16384,
historical-163,main,Tmain162,nats-always,completed,prefill_and_drain,data/raw/main/summary.jsonl,163,18208853060072929,18208879314447887,Prefill start to last consumer acknowledgment; excludes setup and warm-up,2026-09-23T22:18:26.785336097Z,,16384,
historical-164,main,Tmain163,redis-periodic,completed,prefill_and_drain,data/raw/main/summary.jsonl,164,18208879856687860,18208880865469522,Prefill start to last consumer acknowledgment; excludes setup and warm-up,2026-09-23T22:18:28.373048441Z,,16384,
historical-165,main,Tmain164,nats-memory,completed,prefill_and_drain,data/raw/main/summary.jsonl,165,18208881378073803,18208883099391575,Prefill start to last consumer acknowledgment; excludes setup and warm-up,2026-09-23T22:18:30.558480346Z,,16384,
historical-166,main,Tmain165,redis-memory,completed,prefill_and_drain,data/raw/main/summary.jsonl,166,18208883559241493,18208884485961761,Prefill start to last consumer acknowledgment; excludes setup and warm-up,2026-09-23T22:18:31.984234913Z,,16384,
historical-167,main,Tmain166,nats-periodic,completed,prefill_and_drain,data/raw/main/summary.jsonl,167,18208884999577063,18208887910324057,Prefill start to last consumer acknowledgment; excludes setup and warm-up,2026-09-23T22:18:35.374836009Z,,16384,
historical-168,main,Tmain167,redis-always,completed,prefill_and_drain,data/raw/main/summary.jsonl,168,18208888794907658,18208917200695828,Prefill start to last consumer acknowledgment; excludes setup and warm-up,2026-09-23T22:19:04.754270582Z,,16384,
historical-169,main,Tmain168,nats-memory,completed,prefill_and_drain,data/raw/main/summary.jsonl,169,18208917771077624,18208918895432694,Prefill start to last consumer acknowledgment; excludes setup and warm-up,2026-09-23T22:19:06.346523846Z,,16384,
historical-170,main,Tmain169,nats-memory,completed,prefill_and_drain,data/raw/main/summary.jsonl,170,18208919321650732,18208926650506972,Prefill start to last consumer acknowledgment; excludes setup and warm-up,2026-09-23T22:19:14.006638096Z,,16384,
historical-171,main,Tmain170,redis-memory,completed,prefill_and_drain,data/raw/main/summary.jsonl,171,18208927035589467,18208929619584775,Prefill start to last consumer acknowledgment; excludes setup and warm-up,2026-09-23T22:19:17.171091838Z,,16384,
historical-172,main,Tmain171,redis-always,completed,prefill_and_drain,data/raw/main/summary.jsonl,172,18208930963850096,18208985176148019,Prefill start to last consumer acknowledgment; excludes setup and warm-up,2026-09-23T22:20:12.693801897Z,,16384,
historical-173,main,Tmain172,nats-always,completed,prefill_and_drain,data/raw/main/summary.jsonl,173,18208986208913152,18209014495334147,Prefill start to last consumer acknowledgment; excludes setup and warm-up,2026-09-23T22:20:41.965429178Z,,16384,
historical-174,main,Tmain173,redis-periodic,completed,prefill_and_drain,data/raw/main/summary.jsonl,174,18209014991475175,18209017978088501,Prefill start to last consumer acknowledgment; excludes setup and warm-up,2026-09-23T22:20:45.436681751Z,,16384,
historical-175,main,Tmain174,nats-periodic,completed,prefill_and_drain,data/raw/main/summary.jsonl,175,18209018448712219,18209019620130142,Prefill start to last consumer acknowledgment; excludes setup and warm-up,2026-09-23T22:20:47.080140953Z,,16384,
historical-176,main,Tmain175,nats-periodic,completed,prefill_and_drain,data/raw/main/summary.jsonl,176,18209020080845957,18209021771076205,Prefill start to last consumer acknowledgment; excludes setup and warm-up,2026-09-23T22:20:49.233734722Z,,16384,
historical-177,main,Tmain176,nats-periodic,completed,prefill_and_drain,data/raw/main/summary.jsonl,177,18209022208026374,18209030002217017,Prefill start to last consumer acknowledgment; excludes setup and warm-up,2026-09-23T22:20:57.359608208Z,,16384,
historical-178,main,Tmain177,redis-memory,completed,prefill_and_drain,data/raw/main/summary.jsonl,178,18209030315892457,18209036203215967,Prefill start to last consumer acknowledgment; excludes setup and warm-up,2026-09-23T22:21:03.552383716Z,,16384,
historical-179,main,Tmain178,redis-periodic,completed,prefill_and_drain,data/raw/main/summary.jsonl,179,18209036506703820,18209042568867160,Prefill start to last consumer acknowledgment; excludes setup and warm-up,2026-09-23T22:21:09.927808544Z,,16384,
historical-180,main,Tmain179,redis-periodic,completed,prefill_and_drain,data/raw/main/summary.jsonl,180,18209042921908312,18209044485763058,Prefill start to last consumer acknowledgment; excludes setup and warm-up,2026-09-23T22:21:11.943243553Z,,16384,
historical-181,main,Tmain180,redis-memory,completed,prefill_and_drain,data/raw/main/summary.jsonl,181,18209045046318517,18209045734280337,Prefill start to last consumer acknowledgment; excludes setup and warm-up,2026-09-23T22:21:13.247474754Z,,16384,
historical-182,main,Tmain181,nats-periodic,completed,prefill_and_drain,data/raw/main/summary.jsonl,182,18209046265297028,18209049248837752,Prefill start to last consumer acknowledgment; excludes setup and warm-up,2026-09-23T22:21:16.709928476Z,,16384,
historical-183,main,Tmain182,redis-memory,completed,prefill_and_drain,data/raw/main/summary.jsonl,183,18209049648744159,18209055438307261,Prefill start to last consumer acknowledgment; excludes setup and warm-up,2026-09-23T22:21:22.794918991Z,,16384,
historical-184,main,Tmain183,nats-always,completed,prefill_and_drain,data/raw/main/summary.jsonl,184,18209056123757288,18209086594491744,Prefill start to last consumer acknowledgment; excludes setup and warm-up,2026-09-23T22:21:53.960762832Z,,16384,
historical-185,main,Tmain184,nats-periodic,completed,prefill_and_drain,data/raw/main/summary.jsonl,185,18209086957343918,18209088741795773,Prefill start to last consumer acknowledgment; excludes setup and warm-up,2026-09-23T22:21:56.196559082Z,,16384,
historical-186,main,Tmain185,nats-memory,completed,prefill_and_drain,data/raw/main/summary.jsonl,186,18209089239444948,18209090089056348,Prefill start to last consumer acknowledgment; excludes setup and warm-up,2026-09-23T22:21:57.547770908Z,,16384,
historical-187,main,Tmain186,redis-always,completed,prefill_and_drain,data/raw/main/summary.jsonl,187,18209090822426248,18209106147279690,Prefill start to last consumer acknowledgment; excludes setup and warm-up,2026-09-23T22:22:13.690209733Z,,16384,
historical-188,main,Tmain187,redis-periodic,completed,prefill_and_drain,data/raw/main/summary.jsonl,188,18209106690164280,18209108193143182,Prefill start to last consumer acknowledgment; excludes setup and warm-up,2026-09-23T22:22:15.722119975Z,,16384,
historical-189,main,Tmain188,redis-memory,completed,prefill_and_drain,data/raw/main/summary.jsonl,189,18209108783210719,18209110322543419,Prefill start to last consumer acknowledgment; excludes setup and warm-up,2026-09-23T22:22:17.819780708Z,,16384,
historical-190,main,Tmain189,nats-always,completed,prefill_and_drain,data/raw/main/summary.jsonl,190,18209111162074262,18209135946238437,Prefill start to last consumer acknowledgment; excludes setup and warm-up,2026-09-23T22:22:43.411449142Z,,16384,
historical-191,main,Tmain190,redis-memory,completed,prefill_and_drain,data/raw/main/summary.jsonl,191,18209136496682889,18209139189952350,Prefill start to last consumer acknowledgment; excludes setup and warm-up,2026-09-23T22:22:46.73055286Z,,16384,
historical-192,main,Tmain191,redis-always,completed,prefill_and_drain,data/raw/main/summary.jsonl,192,18209140419668277,18209190227125724,Prefill start to last consumer acknowledgment; excludes setup and warm-up,2026-09-23T22:23:37.772240176Z,,16384,
historical-193,main,Tmain192,nats-always,completed,prefill_and_drain,data/raw/main/summary.jsonl,193,18209191124722292,18209218079931589,Prefill start to last consumer acknowledgment; excludes setup and warm-up,2026-09-23T22:24:05.547104193Z,,16384,
historical-194,main,Tmain193,redis-always,completed,prefill_and_drain,data/raw/main/summary.jsonl,194,18209218968856411,18209247066557029,Prefill start to last consumer acknowledgment; excludes setup and warm-up,2026-09-23T22:24:34.540997586Z,,16384,
historical-195,main,Tmain194,nats-memory,completed,prefill_and_drain,data/raw/main/summary.jsonl,195,18209247563669367,18209250989426015,Prefill start to last consumer acknowledgment; excludes setup and warm-up,2026-09-23T22:24:38.44814013Z,,16384,
historical-196,main,Tmain195,nats-memory,completed,prefill_and_drain,data/raw/main/summary.jsonl,196,18209251462265542,18209252566605031,Prefill start to last consumer acknowledgment; excludes setup and warm-up,2026-09-23T22:24:40.026767001Z,,16384,
historical-197,main,Tmain196,nats-periodic,completed,prefill_and_drain,data/raw/main/summary.jsonl,197,18209253075904755,18209253975215792,Prefill start to last consumer acknowledgment; excludes setup and warm-up,2026-09-23T22:24:41.423874512Z,,16384,
historical-198,main,Tmain197,redis-periodic,completed,prefill_and_drain,data/raw/main/summary.jsonl,198,18209254515207749,18209255527831361,Prefill start to last consumer acknowledgment; excludes setup and warm-up,2026-09-23T22:24:43.036894139Z,,16384,
historical-199,main,Tmain198,nats-always,completed,prefill_and_drain,data/raw/main/summary.jsonl,199,18209256510892019,18209281239618766,Prefill start to last consumer acknowledgment; excludes setup and warm-up,2026-09-23T22:25:08.70374401Z,,16384,
historical-200,main,Tmain199,redis-always,completed,prefill_and_drain,data/raw/main/summary.jsonl,200,18209281907392666,18209291766368284,Prefill start to last consumer acknowledgment; excludes setup and warm-up,2026-09-23T22:25:19.292658511Z,,16384,
historical-201,main,Tmain200,redis-always,completed,prefill_and_drain,data/raw/main/summary.jsonl,201,18209293103929300,18209355039432868,Prefill start to last consumer acknowledgment; excludes setup and warm-up,2026-09-23T22:26:22.409953275Z,,16384,
historical-202,main,Tmain201,nats-periodic,completed,prefill_and_drain,data/raw/main/summary.jsonl,202,18209355391060800,18209362972101442,Prefill start to last consumer acknowledgment; excludes setup and warm-up,2026-09-23T22:26:30.331003418Z,,16384,
historical-203,main,Tmain202,redis-memory,completed,prefill_and_drain,data/raw/main/summary.jsonl,203,18209363370944238,18209364266015208,Prefill start to last consumer acknowledgment; excludes setup and warm-up,2026-09-23T22:26:31.780524376Z,,16384,
historical-204,main,Tmain203,nats-memory,completed,prefill_and_drain,data/raw/main/summary.jsonl,204,18209364754821576,18209372044794818,Prefill start to last consumer acknowledgment; excludes setup and warm-up,2026-09-23T22:26:39.406511276Z,,16384,
historical-205,main,Tmain204,nats-periodic,completed,prefill_and_drain,data/raw/main/summary.jsonl,205,18209372419889273,18209373579101428,Prefill start to last consumer acknowledgment; excludes setup and warm-up,2026-09-23T22:26:41.031404077Z,,16384,
historical-206,main,Tmain205,redis-periodic,completed,prefill_and_drain,data/raw/main/summary.jsonl,206,18209374128263545,18209375295082581,Prefill start to last consumer acknowledgment; excludes setup and warm-up,2026-09-23T22:26:42.832445756Z,,16384,
historical-207,main,Tmain206,redis-periodic,completed,prefill_and_drain,data/raw/main/summary.jsonl,207,18209375916796305,18209379071500882,Prefill start to last consumer acknowledgment; excludes setup and warm-up,2026-09-23T22:26:46.550786792Z,,16384,
historical-208,main,Tmain207,redis-periodic,completed,prefill_and_drain,data/raw/main/summary.jsonl,208,18209379498661732,18209385618119256,Prefill start to last consumer acknowledgment; excludes setup and warm-up,2026-09-23T22:26:52.976440119Z,,16384,
historical-209,main,Tmain208,nats-memory,completed,prefill_and_drain,data/raw/main/summary.jsonl,209,18209385982154343,18209387727010313,Prefill start to last consumer acknowledgment; excludes setup and warm-up,2026-09-23T22:26:55.20291637Z,,16384,
historical-210,main,Tmain209,redis-memory,completed,prefill_and_drain,data/raw/main/summary.jsonl,210,18209388279976701,18209388960529782,Prefill start to last consumer acknowledgment; excludes setup and warm-up,2026-09-23T22:26:56.478109024Z,,16384,
historical-211,main,Tmain210,nats-always,completed,prefill_and_drain,data/raw/main/summary.jsonl,211,18209390045392022,18209414329727791,Prefill start to last consumer acknowledgment; excludes setup and warm-up,2026-09-23T22:27:21.790104007Z,,16384,
historical-212,main,Tmain211,nats-periodic,completed,prefill_and_drain,data/raw/main/summary.jsonl,212,18209414762495777,18209422312604554,Prefill start to last consumer acknowledgment; excludes setup and warm-up,2026-09-23T22:27:29.672640247Z,,16384,
historical-213,main,Tmain212,nats-always,completed,prefill_and_drain,data/raw/main/summary.jsonl,213,18209423013491226,18209446997757528,Prefill start to last consumer acknowledgment; excludes setup and warm-up,2026-09-23T22:27:54.462147634Z,,16384,
historical-214,main,Tmain213,nats-memory,completed,prefill_and_drain,data/raw/main/summary.jsonl,214,18209447475507682,18209448344032602,Prefill start to last consumer acknowledgment; excludes setup and warm-up,2026-09-23T22:27:55.79691868Z,,16384,
historical-215,main,Tmain214,redis-periodic,completed,prefill_and_drain,data/raw/main/summary.jsonl,215,18209448911663310,18209451820071270,Prefill start to last consumer acknowledgment; excludes setup and warm-up,2026-09-23T22:27:59.362051376Z,,16384,
historical-216,main,Tmain215,nats-periodic,completed,prefill_and_drain,data/raw/main/summary.jsonl,216,18209452410477537,18209453312270492,Prefill start to last consumer acknowledgment; excludes setup and warm-up,2026-09-23T22:28:00.775334897Z,,16384,
historical-217,main,Tmain216,redis-periodic,completed,prefill_and_drain,data/raw/main/summary.jsonl,217,18209453855510897,18209454662034112,Prefill start to last consumer acknowledgment; excludes setup and warm-up,2026-09-23T22:28:02.167004818Z,,16384,
historical-218,main,Tmain217,redis-periodic,completed,prefill_and_drain,data/raw/main/summary.jsonl,218,18209455253708756,18209456245849083,Prefill start to last consumer acknowledgment; excludes setup and warm-up,2026-09-23T22:28:03.772636704Z,,16384,
historical-219,main,Tmain218,redis-memory,completed,prefill_and_drain,data/raw/main/summary.jsonl,219,18209456846366475,18209458288241025,Prefill start to last consumer acknowledgment; excludes setup and warm-up,2026-09-23T22:28:05.771262186Z,,16384,
historical-220,main,Tmain219,nats-periodic,completed,prefill_and_drain,data/raw/main/summary.jsonl,220,18209458779736204,18209460515234896,Prefill start to last consumer acknowledgment; excludes setup and warm-up,2026-09-23T22:28:07.975785235Z,,16384,
historical-221,main,Tmain220,redis-always,completed,prefill_and_drain,data/raw/main/summary.jsonl,221,18209461208034257,18209489139078854,Prefill start to last consumer acknowledgment; excludes setup and warm-up,2026-09-23T22:28:36.671628039Z,,16384,
historical-222,main,Tmain221,redis-memory,completed,prefill_and_drain,data/raw/main/summary.jsonl,222,18209489702974542,18209490597558846,Prefill start to last consumer acknowledgment; excludes setup and warm-up,2026-09-23T22:28:38.121235307Z,,16384,
historical-223,main,Tmain222,redis-always,completed,prefill_and_drain,data/raw/main/summary.jsonl,223,18209491551624581,18209518653876169,Prefill start to last consumer acknowledgment; excludes setup and warm-up,2026-09-23T22:29:06.170489416Z,,16384,
historical-224,main,Tmain223,nats-always,completed,prefill_and_drain,data/raw/main/summary.jsonl,224,18209519509907569,18209550054255182,Prefill start to last consumer acknowledgment; excludes setup and warm-up,2026-09-23T22:29:37.42224389Z,,16384,
historical-225,main,Tmain224,redis-periodic,completed,prefill_and_drain,data/raw/main/summary.jsonl,225,18209550373249758,18209557250289546,Prefill start to last consumer acknowledgment; excludes setup and warm-up,2026-09-23T22:29:44.604801187Z,,16384,
historical-226,main,Tmain225,nats-periodic,completed,prefill_and_drain,data/raw/main/summary.jsonl,226,18209557619242420,18209561106803395,Prefill start to last consumer acknowledgment; excludes setup and warm-up,2026-09-23T22:29:48.571154478Z,,16384,
historical-227,main,Tmain226,nats-memory,completed,prefill_and_drain,data/raw/main/summary.jsonl,227,18209561575969809,18209563256067134,Prefill start to last consumer acknowledgment; excludes setup and warm-up,2026-09-23T22:29:50.715141642Z,,16384,
historical-228,main,Tmain227,nats-memory,completed,prefill_and_drain,data/raw/main/summary.jsonl,228,18209563731317387,18209566514340762,Prefill start to last consumer acknowledgment; excludes setup and warm-up,2026-09-23T22:29:53.974896385Z,,16384,
historical-229,main,Tmain228,redis-periodic,completed,prefill_and_drain,data/raw/main/summary.jsonl,229,18209566999729077,18209568626964056,Prefill start to last consumer acknowledgment; excludes setup and warm-up,2026-09-23T22:29:56.139092616Z,,16384,
historical-230,main,Tmain229,redis-memory,completed,prefill_and_drain,data/raw/main/summary.jsonl,230,18209569244066365,18209569915945471,Prefill start to last consumer acknowledgment; excludes setup and warm-up,2026-09-23T22:29:57.446514434Z,,16384,
historical-231,main,Tmain230,redis-always,completed,prefill_and_drain,data/raw/main/summary.jsonl,231,18209575261575505,18209625586483735,Prefill start to last consumer acknowledgment; excludes setup and warm-up,2026-09-23T22:30:53.129115292Z,,16384,
historical-232,main,Tmain231,nats-memory,completed,prefill_and_drain,data/raw/main/summary.jsonl,232,18209626102561573,18209633507168798,Prefill start to last consumer acknowledgment; excludes setup and warm-up,2026-09-23T22:31:00.875597548Z,,16384,
historical-233,main,Tmain232,redis-memory,completed,prefill_and_drain,data/raw/main/summary.jsonl,233,18209633895976380,18209636959072638,Prefill start to last consumer acknowledgment; excludes setup and warm-up,2026-09-23T22:31:04.439659639Z,,16384,
historical-234,main,Tmain233,nats-always,completed,prefill_and_drain,data/raw/main/summary.jsonl,234,18209637818830749,18209661808989433,Prefill start to last consumer acknowledgment; excludes setup and warm-up,2026-09-23T22:31:29.275660173Z,,16384,
historical-235,main,Tmain234,nats-always,completed,prefill_and_drain,data/raw/main/summary.jsonl,235,18209662659033600,18209689435314366,Prefill start to last consumer acknowledgment; excludes setup and warm-up,2026-09-23T22:31:56.904654256Z,,16384,
historical-236,main,Tmain235,nats-periodic,completed,prefill_and_drain,data/raw/main/summary.jsonl,236,18209689919767975,18209691085781510,Prefill start to last consumer acknowledgment; excludes setup and warm-up,2026-09-23T22:31:58.540176343Z,,16384,
historical-237,main,Tmain236,redis-memory,completed,prefill_and_drain,data/raw/main/summary.jsonl,237,18209691475212419,18209697174621645,Prefill start to last consumer acknowledgment; excludes setup and warm-up,2026-09-23T22:32:04.532850324Z,,16384,
historical-238,main,Tmain237,nats-memory,completed,prefill_and_drain,data/raw/main/summary.jsonl,238,18209697560113273,18209698696754875,Prefill start to last consumer acknowledgment; excludes setup and warm-up,2026-09-23T22:32:06.154617746Z,,16384,
historical-239,main,Tmain238,redis-always,completed,prefill_and_drain,data/raw/main/summary.jsonl,239,18209699413843541,18209714728110670,Prefill start to last consumer acknowledgment; excludes setup and warm-up,2026-09-23T22:32:22.266891827Z,,16384,
historical-240,main,Tmain239,redis-always,completed,prefill_and_drain,data/raw/main/summary.jsonl,240,18209716031474021,18209775221679569,Prefill start to last consumer acknowledgment; excludes setup and warm-up,2026-09-23T22:33:22.600306736Z,,16384,
historical-241,main,Tmain240,nats-always,completed,prefill_and_drain,data/raw/main/summary.jsonl,241,18209775996190250,18209801799179919,Prefill start to last consumer acknowledgment; excludes setup and warm-up,2026-09-23T22:33:49.267872004Z,,16384,
historical-242,main,Tmain241,nats-periodic,completed,prefill_and_drain,data/raw/main/summary.jsonl,242,18209802283149998,18209805685644508,Prefill start to last consumer acknowledgment; excludes setup and warm-up,2026-09-23T22:33:53.149785161Z,,16384,
historical-243,main,Tmain242,redis-memory,completed,prefill_and_drain,data/raw/main/summary.jsonl,243,18209806081380674,18209812970721684,Prefill start to last consumer acknowledgment; excludes setup and warm-up,2026-09-23T22:34:00.344346382Z,,16384,
historical-244,main,Tmain243,redis-periodic,completed,prefill_and_drain,data/raw/main/summary.jsonl,244,18209813373687821,18209814849784286,Prefill start to last consumer acknowledgment; excludes setup and warm-up,2026-09-23T22:34:02.31711417Z,,16384,
historical-245,main,Tmain244,nats-always,completed,prefill_and_drain,data/raw/main/summary.jsonl,245,18209815668457220,18209839998199547,Prefill start to last consumer acknowledgment; excludes setup and warm-up,2026-09-23T22:34:27.462463803Z,,16384,
historical-246,main,Tmain245,nats-always,completed,prefill_and_drain,data/raw/main/summary.jsonl,246,18209840885227986,18209864595213564,Prefill start to last consumer acknowledgment; excludes setup and warm-up,2026-09-23T22:34:52.062518407Z,,16384,
historical-247,main,Tmain246,nats-memory,completed,prefill_and_drain,data/raw/main/summary.jsonl,247,18209865061599680,18209866726152407,Prefill start to last consumer acknowledgment; excludes setup and warm-up,2026-09-23T22:34:54.187173886Z,,16384,
historical-248,main,Tmain247,nats-memory,completed,prefill_and_drain,data/raw/main/summary.jsonl,248,18209867221862757,18209868089341513,Prefill start to last consumer acknowledgment; excludes setup and warm-up,2026-09-23T22:34:55.541396093Z,,16384,
historical-249,main,Tmain248,redis-memory,completed,prefill_and_drain,data/raw/main/summary.jsonl,249,18209868564620759,18209871702904834,Prefill start to last consumer acknowledgment; excludes setup and warm-up,2026-09-23T22:34:59.20275916Z,,16384,
historical-250,main,Tmain249,redis-memory,completed,prefill_and_drain,data/raw/main/summary.jsonl,250,18209872285623409,18209873245832017,Prefill start to last consumer acknowledgment; excludes setup and warm-up,2026-09-23T22:35:00.707929374Z,,16384,
historical-251,main,Tmain250,redis-memory,completed,prefill_and_drain,data/raw/main/summary.jsonl,251,18209873804793120,18209874496570675,Prefill start to last consumer acknowledgment; excludes setup and warm-up,2026-09-23T22:35:02.01165217Z,,16384,
historical-252,main,Tmain251,redis-periodic,completed,prefill_and_drain,data/raw/main/summary.jsonl,252,18209875035782699,18209878383635474,Prefill start to last consumer acknowledgment; excludes setup and warm-up,2026-09-23T22:35:05.87837569Z,,16384,
historical-253,main,Tmain252,nats-periodic,completed,prefill_and_drain,data/raw/main/summary.jsonl,253,18209878928529132,18209880004938941,Prefill start to last consumer acknowledgment; excludes setup and warm-up,2026-09-23T22:35:07.462098459Z,,16384,
historical-254,main,Tmain253,nats-periodic,completed,prefill_and_drain,data/raw/main/summary.jsonl,254,18209880457224917,18209882239074166,Prefill start to last consumer acknowledgment; excludes setup and warm-up,2026-09-23T22:35:09.702981859Z,,16384,
historical-255,main,Tmain254,nats-memory,completed,prefill_and_drain,data/raw/main/summary.jsonl,255,18209882681352982,18209890056073065,Prefill start to last consumer acknowledgment; excludes setup and warm-up,2026-09-23T22:35:17.409998037Z,,16384,
historical-256,main,Tmain255,nats-always,completed,prefill_and_drain,data/raw/main/summary.jsonl,256,18209890759448781,18209922152674392,Prefill start to last consumer acknowledgment; excludes setup and warm-up,2026-09-23T22:35:49.513110197Z,,16384,
historical-257,main,Tmain256,redis-memory,completed,prefill_and_drain,data/raw/main/summary.jsonl,257,18209922589060455,18209924008535268,Prefill start to last consumer acknowledgment; excludes setup and warm-up,2026-09-23T22:35:51.515229354Z,,16384,
historical-258,main,Tmain257,redis-always,completed,prefill_and_drain,data/raw/main/summary.jsonl,258,18209924734509984,18209940357501753,Prefill start to last consumer acknowledgment; excludes setup and warm-up,2026-09-23T22:36:07.893667558Z,,16384,
historical-259,main,Tmain258,nats-periodic,completed,prefill_and_drain,data/raw/main/summary.jsonl,259,18209940873925590,18209948333876662,Prefill start to last consumer acknowledgment; excludes setup and warm-up,2026-09-23T22:36:15.692536861Z,,16384,
historical-260,main,Tmain259,nats-periodic,completed,prefill_and_drain,data/raw/main/summary.jsonl,260,18209948708843296,18209949884293775,Prefill start to last consumer acknowledgment; excludes setup and warm-up,2026-09-23T22:36:17.338079478Z,,16384,
historical-261,main,Tmain260,redis-always,completed,prefill_and_drain,data/raw/main/summary.jsonl,261,18209951040372527,18210008525866954,Prefill start to last consumer acknowledgment; excludes setup and warm-up,2026-09-23T22:37:15.908473049Z,,16384,
historical-262,main,Tmain261,nats-memory,completed,prefill_and_drain,data/raw/main/summary.jsonl,262,18210008934896357,18210010016295517,Prefill start to last consumer acknowledgment; excludes setup and warm-up,2026-09-23T22:37:17.468918477Z,,16384,
historical-263,main,Tmain262,nats-always,completed,prefill_and_drain,data/raw/main/summary.jsonl,263,18210010891966015,18210035426540588,Prefill start to last consumer acknowledgment; excludes setup and warm-up,2026-09-23T22:37:42.893583889Z,,16384,
historical-264,main,Tmain263,redis-periodic,completed,prefill_and_drain,data/raw/main/summary.jsonl,264,18210035852051968,18210041998994524,Prefill start to last consumer acknowledgment; excludes setup and warm-up,2026-09-23T22:37:49.359286902Z,,16384,
historical-265,main,Tmain264,redis-always,completed,prefill_and_drain,data/raw/main/summary.jsonl,265,18210042578465356,18210052076557587,Prefill start to last consumer acknowledgment; excludes setup and warm-up,2026-09-23T22:37:59.591507096Z,,16384,
historical-266,main,Tmain265,redis-always,completed,prefill_and_drain,data/raw/main/summary.jsonl,266,18210053482441951,18210105303568953,Prefill start to last consumer acknowledgment; excludes setup and warm-up,2026-09-23T22:38:52.84938648Z,,16384,
historical-267,main,Tmain266,redis-periodic,completed,prefill_and_drain,data/raw/main/summary.jsonl,267,18210105931353085,18210106949818764,Prefill start to last consumer acknowledgment; excludes setup and warm-up,2026-09-23T22:38:54.444360013Z,,16384,
historical-268,main,Tmain267,redis-always,completed,prefill_and_drain,data/raw/main/summary.jsonl,268,18210107939446579,18210136629871680,Prefill start to last consumer acknowledgment; excludes setup and warm-up,2026-09-23T22:39:24.192236916Z,,16384,
historical-269,main,Tmain268,nats-always,completed,prefill_and_drain,data/raw/main/summary.jsonl,269,18210137659823317,18210164909611269,Prefill start to last consumer acknowledgment; excludes setup and warm-up,2026-09-23T22:39:52.379524792Z,,16384,
historical-270,main,Tmain269,redis-periodic,completed,prefill_and_drain,data/raw/main/summary.jsonl,270,18210165398513275,18210166225564638,Prefill start to last consumer acknowledgment; excludes setup and warm-up,2026-09-23T22:39:53.704273457Z,,16384,
historical-271,main,Tmain270,nats-memory,completed,prefill_and_drain,data/raw/main/summary.jsonl,271,18210166718896460,18210170311159861,Prefill start to last consumer acknowledgment; excludes setup and warm-up,2026-09-23T22:39:57.775873072Z,,16384,
historical-272,main,Tmain271,redis-periodic,completed,prefill_and_drain,data/raw/main/summary.jsonl,272,18210170741489953,18210177659870212,Prefill start to last consumer acknowledgment; excludes setup and warm-up,2026-09-23T22:40:05.016179498Z,,16384,
historical-273,main,Tmain272,nats-periodic,completed,prefill_and_drain,data/raw/main/summary.jsonl,273,18210178027551782,18210179195591481,Prefill start to last consumer acknowledgment; excludes setup and warm-up,2026-09-23T22:40:06.646853965Z,,16384,
historical-274,main,Tmain273,nats-periodic,completed,prefill_and_drain,data/raw/main/summary.jsonl,274,18210179619400533,18210187040990415,Prefill start to last consumer acknowledgment; excludes setup and warm-up,2026-09-23T22:40:14.401985468Z,,16384,
historical-275,main,Tmain274,redis-always,completed,prefill_and_drain,data/raw/main/summary.jsonl,275,18210188463620457,18210205989949346,Prefill start to last consumer acknowledgment; excludes setup and warm-up,2026-09-23T22:40:33.496564632Z,,16384,
historical-276,main,Tmain275,nats-memory,completed,prefill_and_drain,data/raw/main/summary.jsonl,276,18210206534731307,18210209927264477,Prefill start to last consumer acknowledgment; excludes setup and warm-up,2026-09-23T22:40:37.383982333Z,,16384,
historical-277,main,Tmain276,nats-memory,completed,prefill_and_drain,data/raw/main/summary.jsonl,277,18210210385546368,18210212113275107,Prefill start to last consumer acknowledgment; excludes setup and warm-up,2026-09-23T22:40:39.572759575Z,,16384,
historical-278,main,Tmain277,redis-periodic,completed,prefill_and_drain,data/raw/main/summary.jsonl,278,18210212581312843,18210215363421441,Prefill start to last consumer acknowledgment; excludes setup and warm-up,2026-09-23T22:40:42.91946332Z,,16384,
historical-279,main,Tmain278,nats-memory,completed,prefill_and_drain,data/raw/main/summary.jsonl,279,18210215929066646,18210217036090826,Prefill start to last consumer acknowledgment; excludes setup and warm-up,2026-09-23T22:40:44.488446888Z,,16384,
historical-280,main,Tmain279,nats-always,completed,prefill_and_drain,data/raw/main/summary.jsonl,280,18210217895781121,18210242096500362,Prefill start to last consumer acknowledgment; excludes setup and warm-up,2026-09-23T22:41:09.561718978Z,,16384,
historical-281,main,Tmain280,redis-always,completed,prefill_and_drain,data/raw/main/summary.jsonl,281,18210243023832950,18210270157766847,Prefill start to last consumer acknowledgment; excludes setup and warm-up,2026-09-23T22:41:37.639243962Z,,16384,
historical-282,main,Tmain281,redis-periodic,completed,prefill_and_drain,data/raw/main/summary.jsonl,282,18210270749321560,18210271595345170,Prefill start to last consumer acknowledgment; excludes setup and warm-up,2026-09-23T22:41:39.05679385Z,,16384,
historical-283,main,Tmain282,redis-memory,completed,prefill_and_drain,data/raw/main/summary.jsonl,283,18210272001922337,18210277503394574,Prefill start to last consumer acknowledgment; excludes setup and warm-up,2026-09-23T22:41:44.855858792Z,,16384,
historical-284,main,Tmain283,nats-always,completed,prefill_and_drain,data/raw/main/summary.jsonl,284,18210278225110123,18210304673638634,Prefill start to last consumer acknowledgment; excludes setup and warm-up,2026-09-23T22:42:12.139581942Z,,16384,
historical-285,main,Tmain284,nats-memory,completed,prefill_and_drain,data/raw/main/summary.jsonl,285,18210305116342863,18210312983047998,Prefill start to last consumer acknowledgment; excludes setup and warm-up,2026-09-23T22:42:20.34433349Z,,16384,
historical-286,main,Tmain285,nats-periodic,completed,prefill_and_drain,data/raw/main/summary.jsonl,286,18210313398659372,18210314300330216,Prefill start to last consumer acknowledgment; excludes setup and warm-up,2026-09-23T22:42:21.769111576Z,,16384,
historical-287,main,Tmain286,nats-always,completed,prefill_and_drain,data/raw/main/summary.jsonl,287,18210315145674732,18210339390546160,Prefill start to last consumer acknowledgment; excludes setup and warm-up,2026-09-23T22:42:46.855695532Z,,16384,
historical-288,main,Tmain287,redis-memory,completed,prefill_and_drain,data/raw/main/summary.jsonl,288,18210339931362725,18210340616202534,Prefill start to last consumer acknowledgment; excludes setup and warm-up,2026-09-23T22:42:48.140296453Z,,16384,
historical-289,main,Tmain288,redis-periodic,completed,prefill_and_drain,data/raw/main/summary.jsonl,289,18210341231027963,18210342258520923,Prefill start to last consumer acknowledgment; excludes setup and warm-up,2026-09-23T22:42:49.740247881Z,,16384,
historical-290,main,Tmain289,redis-always,completed,prefill_and_drain,data/raw/main/summary.jsonl,290,18210343472346291,18210403213312682,Prefill start to last consumer acknowledgment; excludes setup and warm-up,2026-09-23T22:43:50.573659799Z,,16384,
historical-291,main,Tmain290,nats-always,completed,prefill_and_drain,data/raw/main/summary.jsonl,291,18210403923440529,18210435512123374,Prefill start to last consumer acknowledgment; excludes setup and warm-up,2026-09-23T22:44:22.877496228Z,,16384,
historical-292,main,Tmain291,redis-memory,completed,prefill_and_drain,data/raw/main/summary.jsonl,292,18210435915171001,18210438939312892,Prefill start to last consumer acknowledgment; excludes setup and warm-up,2026-09-23T22:44:26.454916437Z,,16384,
historical-293,main,Tmain292,nats-always,completed,prefill_and_drain,data/raw/main/summary.jsonl,293,18210439840516809,18210465915907613,Prefill start to last consumer acknowledgment; excludes setup and warm-up,2026-09-23T22:44:53.377725706Z,,16384,
historical-294,main,Tmain293,redis-memory,completed,prefill_and_drain,data/raw/main/summary.jsonl,294,18210466439751097,18210468005161840,Prefill start to last consumer acknowledgment; excludes setup and warm-up,2026-09-23T22:44:55.466854853Z,,16384,
historical-295,main,Tmain294,redis-memory,completed,prefill_and_drain,data/raw/main/summary.jsonl,295,18210468556452660,18210469469741679,Prefill start to last consumer acknowledgment; excludes setup and warm-up,2026-09-23T22:44:56.971379609Z,,16384,
historical-296,main,Tmain295,redis-periodic,completed,prefill_and_drain,data/raw/main/summary.jsonl,296,18210470063790572,18210471656761167,Prefill start to last consumer acknowledgment; excludes setup and warm-up,2026-09-23T22:44:59.183605144Z,,16384,
historical-297,main,Tmain296,nats-periodic,completed,prefill_and_drain,data/raw/main/summary.jsonl,297,18210472209743866,18210475899404601,Prefill start to last consumer acknowledgment; excludes setup and warm-up,2026-09-23T22:45:03.368598895Z,,16384,
historical-298,main,Tmain297,redis-always,completed,prefill_and_drain,data/raw/main/summary.jsonl,298,18210476644236844,18210492694962203,Prefill start to last consumer acknowledgment; excludes setup and warm-up,2026-09-23T22:45:20.249336422Z,,16384,
historical-299,main,Tmain298,redis-always,completed,prefill_and_drain,data/raw/main/summary.jsonl,299,18210494009764589,18210546295917687,Prefill start to last consumer acknowledgment; excludes setup and warm-up,2026-09-23T22:46:13.85372334Z,,16384,
historical-300,main,Tmain299,nats-memory,completed,prefill_and_drain,data/raw/main/summary.jsonl,300,18210546897291198,18210547753293049,Prefill start to last consumer acknowledgment; excludes setup and warm-up,2026-09-23T22:46:15.214752926Z,,16384,
historical-301,main,Tmain300,nats-periodic,completed,prefill_and_drain,data/raw/main/summary.jsonl,301,18210548213222661,18210549971845451,Prefill start to last consumer acknowledgment; excludes setup and warm-up,2026-09-23T22:46:17.436000375Z,,16384,
historical-302,durability,D001,nats-periodic,completed,timed_publication,data/raw/durability/summary.jsonl,1,18210550457620090,18210555457900236,Timed publication window including completion of admitted requests,2026-09-23T22:46:23.705780708Z,,257688,
historical-303,durability,D002,redis-memory,completed,timed_publication,data/raw/durability/summary.jsonl,2,18210556715211329,18210561715393586,Timed publication window including completion of admitted requests,2026-09-23T22:46:30.47223295Z,,370392,
historical-304,durability,D003,nats-always,completed,timed_publication,data/raw/durability/summary.jsonl,3,18210568562456924,18210573572520351,Timed publication window including completion of admitted requests,2026-09-23T22:46:40.782819363Z,,3541,
historical-305,durability,D004,nats-memory,completed,timed_publication,data/raw/durability/summary.jsonl,4,18210573807820919,18210578808055092,Timed publication window including completion of admitted requests,2026-09-23T22:46:47.130246501Z,,273779,
historical-306,durability,D005,redis-always,completed,timed_publication,data/raw/durability/summary.jsonl,5,18210580272143246,18210585273612567,Timed publication window including completion of admitted requests,2026-09-23T22:46:52.571214148Z,,25704,
historical-307,durability,D006,redis-periodic,completed,timed_publication,data/raw/durability/summary.jsonl,6,18210585640137788,18210590640342534,Timed publication window including completion of admitted requests,2026-09-23T22:46:59.100824655Z,,303669,
historical-308,durability,D007,redis-always,completed,timed_publication,data/raw/durability/summary.jsonl,7,18210592254792467,18210597256959673,Timed publication window including completion of admitted requests,2026-09-23T22:47:04.565460902Z,,26037,
historical-309,durability,D008,redis-memory,completed,timed_publication,data/raw/durability/summary.jsonl,8,18210597590513728,18210602590742009,Timed publication window including completion of admitted requests,2026-09-23T22:47:11.34948829Z,,370770,
historical-310,durability,D009,nats-memory,completed,timed_publication,data/raw/durability/summary.jsonl,9,18210604361720096,18210609361863006,Timed publication window including completion of admitted requests,2026-09-23T22:47:17.78643414Z,,303864,
historical-311,durability,D010,nats-always,completed,timed_publication,data/raw/durability/summary.jsonl,10,18210613240377047,18210618318607858,Timed publication window including completion of admitted requests,2026-09-23T22:47:25.516557611Z,,377,
historical-312,durability,D011,nats-periodic,completed,timed_publication,data/raw/durability/summary.jsonl,11,18210618552459114,18210623552717496,Timed publication window including completion of admitted requests,2026-09-23T22:47:31.753112164Z,,246698,
historical-313,durability,D012,redis-periodic,completed,timed_publication,data/raw/durability/summary.jsonl,12,18210624811981279,18210629812135198,Timed publication window including completion of admitted requests,2026-09-23T22:47:38.286626165Z,,306316,
historical-314,durability,D013,redis-always,completed,timed_publication,data/raw/durability/summary.jsonl,13,18210632921520185,18210637923156702,Timed publication window including completion of admitted requests,2026-09-23T22:47:45.240453532Z,,25082,
historical-315,durability,D014,redis-periodic,completed,timed_publication,data/raw/durability/summary.jsonl,14,18210638263066136,18210643263239849,Timed publication window including completion of admitted requests,2026-09-23T22:47:51.744621703Z,,310076,
historical-316,durability,D015,nats-memory,completed,timed_publication,data/raw/durability/summary.jsonl,15,18210644748631132,18210649748821882,Timed publication window including completion of admitted requests,2026-09-23T22:47:58.210261118Z,,306274,
historical-317,durability,D016,nats-always,completed,timed_publication,data/raw/durability/summary.jsonl,16,18210653035114768,18210658044952340,Timed publication window including completion of admitted requests,2026-09-23T22:48:05.253621841Z,,3351,
historical-318,durability,D017,redis-memory,completed,timed_publication,data/raw/durability/summary.jsonl,17,18210658343607915,18210663343789421,Timed publication window including completion of admitted requests,2026-09-23T22:48:12.063809228Z,,365505,
historical-319,durability,D018,nats-periodic,completed,timed_publication,data/raw/durability/summary.jsonl,18,18210665072405882,18210670072565447,Timed publication window including completion of admitted requests,2026-09-23T22:48:18.299255832Z,,252332,
historical-320,durability,D019,redis-periodic,completed,timed_publication,data/raw/durability/summary.jsonl,19,18210671306702730,18210676306907333,Timed publication window including completion of admitted requests,2026-09-23T22:48:24.79336424Z,,310204,
historical-321,durability,D020,nats-memory,completed,timed_publication,data/raw/durability/summary.jsonl,20,18210677802120185,18210682802481130,Timed publication window including completion of admitted requests,2026-09-23T22:48:31.245770627Z,,302179,
historical-322,durability,D021,redis-always,completed,timed_publication,data/raw/durability/summary.jsonl,21,18210685033350159,18210690053804207,Timed publication window including completion of admitted requests,2026-09-23T22:48:37.274601244Z,,2608,
historical-323,durability,D022,nats-always,completed,timed_publication,data/raw/durability/summary.jsonl,22,18211015991825821,18211021014242252,Timed publication window including completion of admitted requests,2026-09-23T22:54:08.224342744Z,,3577,
historical-324,durability,D023,redis-memory,completed,timed_publication,data/raw/durability/summary.jsonl,23,18211021284018770,18211026284172983,Timed publication window including completion of admitted requests,2026-09-23T22:54:15.009154567Z,,370658,
historical-325,durability,D024,nats-periodic,completed,timed_publication,data/raw/durability/summary.jsonl,24,18211028030358910,18211033030573861,Timed publication window including completion of admitted requests,2026-09-23T22:54:21.287424616Z,,257750,
historical-326,durability,D025,redis-periodic,completed,timed_publication,data/raw/durability/summary.jsonl,25,18211034339428328,18211039339648185,Timed publication window including completion of admitted requests,2026-09-23T22:54:27.782863136Z,,304406,
historical-327,durability,D026,nats-periodic,completed,timed_publication,data/raw/durability/summary.jsonl,26,18211040800776311,18211045800977569,Timed publication window including completion of admitted requests,2026-09-23T22:54:34.015323774Z,,244250,
historical-328,durability,D027,redis-always,completed,timed_publication,data/raw/durability/summary.jsonl,27,18211047302509747,18211052304661070,Timed publication window including completion of admitted requests,2026-09-23T22:54:39.566284779Z,,15184,
historical-329,durability,D028,nats-memory,completed,timed_publication,data/raw/durability/summary.jsonl,28,18211052583522520,18211057583804650,Timed publication window including completion of admitted requests,2026-09-23T22:54:46.026885274Z,,306016,
historical-330,durability,D029,redis-memory,completed,timed_publication,data/raw/durability/summary.jsonl,29,18211059039772034,18211064039930881,Timed publication window including completion of admitted requests,2026-09-23T22:54:52.777101589Z,,372128,
historical-331,durability,D030,nats-always,completed,timed_publication,data/raw/durability/summary.jsonl,30,18211069371245133,18211074517915717,Timed publication window including completion of admitted requests,2026-09-23T22:55:01.716195436Z,,430,
historical-332,durability,D031,nats-always,completed,timed_publication,data/raw/durability/summary.jsonl,31,18211226752545689,18211231849247288,Timed publication window including completion of admitted requests,2026-09-23T22:57:39.048888648Z,,459,
historical-333,durability,D032,redis-always,completed,timed_publication,data/raw/durability/summary.jsonl,32,18211233439097022,18211238443877230,Timed publication window including completion of admitted requests,2026-09-23T22:57:45.664878828Z,,2774,
historical-334,durability,D033,nats-periodic,completed,timed_publication,data/raw/durability/summary.jsonl,33,18211238697446078,18211244174595919,Timed publication window including completion of admitted requests,2026-09-23T22:57:55.957636402Z,,246925,
historical-335,durability,D034,redis-periodic,completed,timed_publication,data/raw/durability/summary.jsonl,34,18211248986129023,18211253986419454,Timed publication window including completion of admitted requests,2026-09-23T22:58:02.426853201Z,,303871,
historical-336,durability,D035,redis-memory,completed,timed_publication,data/raw/durability/summary.jsonl,35,18211255457796570,18211260457949184,Timed publication window including completion of admitted requests,2026-09-23T22:58:09.224472627Z,,371958,
historical-337,durability,D036,nats-memory,completed,timed_publication,data/raw/durability/summary.jsonl,36,18211262235098472,18211267235277092,Timed publication window including completion of admitted requests,2026-09-23T22:58:15.674523256Z,,302986,
historical-338,durability,D037,nats-memory,completed,timed_publication,data/raw/durability/summary.jsonl,37,18211268677358735,18211273677552671,Timed publication window including completion of admitted requests,2026-09-23T22:58:22.143782223Z,,310872,
historical-339,durability,D038,redis-always,excluded_completed_replay,timed_publication,data/raw/durability/summary.jsonl,38,18211550806699437,18211555826853195,Timed publication window including completion of admitted requests,2026-09-23T23:03:03.048526687Z,,3431,
historical-340,durability,D039,nats-periodic,completed,timed_publication,data/raw/durability/summary.jsonl,39,18211556084150575,18211561084313330,Timed publication window including completion of admitted requests,2026-09-23T23:03:09.286782186Z,,247626,
historical-341,durability,D040,nats-always,completed,timed_publication,data/raw/durability/summary.jsonl,40,18211565802369228,18211571871514623,Timed publication window including completion of admitted requests,2026-09-23T23:03:19.067350925Z,,149,
historical-342,durability,D041,redis-periodic,completed,timed_publication,data/raw/durability/summary.jsonl,41,18211572153187168,18211577153413246,Timed publication window including completion of admitted requests,2026-09-23T23:03:25.612772622Z,,308840,
historical-343,durability,D042,redis-memory,completed,timed_publication,data/raw/durability/summary.jsonl,42,18211578679299997,18211583679450022,Timed publication window including completion of admitted requests,2026-09-23T23:03:32.401239771Z,,369289,
historical-344,durability,D043,nats-always,completed,timed_publication,data/raw/durability/summary.jsonl,43,18211779950401258,18211785019165043,Timed publication window including completion of admitted requests,2026-09-23T23:06:52.218808634Z,,553,
historical-345,durability,D044,nats-periodic,completed,timed_publication,data/raw/durability/summary.jsonl,44,18211785244683572,18211790244990361,Timed publication window including completion of admitted requests,2026-09-23T23:06:58.470327423Z,,248177,
historical-346,durability,D045,redis-always,completed,timed_publication,data/raw/durability/summary.jsonl,45,18211792534095388,18211797539142764,Timed publication window including completion of admitted requests,2026-09-23T23:07:04.761180007Z,,5177,
historical-347,durability,D046,redis-periodic,completed,timed_publication,data/raw/durability/summary.jsonl,46,18211797769872374,18211802770088909,Timed publication window including completion of admitted requests,2026-09-23T23:07:11.230719431Z,,306973,
historical-348,durability,D047,redis-memory,completed,timed_publication,data/raw/durability/summary.jsonl,47,18211804258457913,18211809258612138,Timed publication window including completion of admitted requests,2026-09-23T23:07:17.969396597Z,,366184,
historical-349,durability,D048,nats-memory,completed,timed_publication,data/raw/durability/summary.jsonl,48,18211810991642454,18211815991804547,Timed publication window including completion of admitted requests,2026-09-23T23:07:24.432466894Z,,309581,
historical-350,durability,D049,redis-always,completed,timed_publication,data/raw/durability/summary.jsonl,49,18211818312951337,18211823314951470,Timed publication window including completion of admitted requests,2026-09-23T23:07:30.546696313Z,,7564,
historical-351,durability,D050,nats-always,completed,timed_publication,data/raw/durability/summary.jsonl,50,18211823943469366,18211828947371582,Timed publication window including completion of admitted requests,2026-09-23T23:07:36.161684733Z,,3510,
historical-352,durability,D051,redis-memory,completed,timed_publication,data/raw/durability/summary.jsonl,51,18211829261458288,18211834261619738,Timed publication window including completion of admitted requests,2026-09-23T23:07:42.994761013Z,,371744,
historical-353,durability,D052,nats-memory,completed,timed_publication,data/raw/durability/summary.jsonl,52,18211836009534333,18211841009689311,Timed publication window including completion of admitted requests,2026-09-23T23:07:49.446132465Z,,303708,
historical-354,durability,D053,nats-periodic,completed,timed_publication,data/raw/durability/summary.jsonl,53,18211842454042799,18211847454260045,Timed publication window including completion of admitted requests,2026-09-23T23:07:55.637418103Z,,243055,
historical-355,durability,D054,redis-periodic,completed,timed_publication,data/raw/durability/summary.jsonl,54,18211848689172418,18211853689373091,Timed publication window including completion of admitted requests,2026-09-23T23:08:02.138080986Z,,305536,
historical-356,durability,D055,nats-always,completed,timed_publication,data/raw/durability/summary.jsonl,55,18211856100560863,18211861108413532,Timed publication window including completion of admitted requests,2026-09-23T23:08:08.315491622Z,,2893,
historical-357,durability,D056,redis-always,completed,timed_publication,data/raw/durability/summary.jsonl,56,18211861449202149,18211866454249435,Timed publication window including completion of admitted requests,2026-09-23T23:08:13.793384336Z,,26221,
historical-358,durability,D057,redis-periodic,completed,timed_publication,data/raw/durability/summary.jsonl,57,18211866863429277,18211871863634152,Timed publication window including completion of admitted requests,2026-09-23T23:08:20.321616623Z,,309117,
historical-359,durability,D058,nats-periodic,completed,timed_publication,data/raw/durability/summary.jsonl,58,18211873377455141,18211878377647283,Timed publication window including completion of admitted requests,2026-09-23T23:08:26.609199006Z,,251723,
historical-360,durability,D059,redis-memory,completed,timed_publication,data/raw/durability/summary.jsonl,59,18211879671468370,18211884671631188,Timed publication window including completion of admitted requests,2026-09-23T23:08:33.391238935Z,,366720,
historical-361,durability,D060,nats-memory,completed,timed_publication,data/raw/durability/summary.jsonl,60,18211886406463285,18211891406609243,Timed publication window including completion of admitted requests,2026-09-23T23:08:39.815526488Z,,299618,
historical-362,serial,Tserial001,nats-periodic,completed,prefill_and_drain,data/raw/serial/summary.jsonl,1,18211892825929361,18211893364355076,Prefill start to last consumer acknowledgment; excludes setup and warm-up,2026-09-23T23:08:40.571723999Z,,1024,
historical-363,serial,Tserial002,redis-memory,completed,prefill_and_drain,data/raw/serial/summary.jsonl,2,18211893494553820,18211893994593869,Prefill start to last consumer acknowledgment; excludes setup and warm-up,2026-09-23T23:08:41.199952549Z,,1024,
historical-364,serial,Tserial003,nats-always,completed,prefill_and_drain,data/raw/serial/summary.jsonl,3,18211894605412227,18211896817048394,Prefill start to last consumer acknowledgment; excludes setup and warm-up,2026-09-23T23:08:44.026328714Z,,1024,
historical-365,serial,Tserial004,nats-memory,completed,prefill_and_drain,data/raw/serial/summary.jsonl,4,18211897016582392,18211897680929446,Prefill start to last consumer acknowledgment; excludes setup and warm-up,2026-09-23T23:08:44.889496138Z,,1024,
historical-366,serial,Tserial005,redis-always,completed,prefill_and_drain,data/raw/serial/summary.jsonl,5,18211899014721073,18211904196082123,Prefill start to last consumer acknowledgment; excludes setup and warm-up,2026-09-23T23:08:51.405371685Z,,1024,
historical-367,serial,Tserial006,redis-periodic,completed,prefill_and_drain,data/raw/serial/summary.jsonl,6,18211904369894416,18211904983912762,Prefill start to last consumer acknowledgment; excludes setup and warm-up,2026-09-23T23:08:52.191711059Z,,1024,
historical-368,serial,Tserial007,redis-always,completed,prefill_and_drain,data/raw/serial/summary.jsonl,7,18211906310410710,18211911620649851,Prefill start to last consumer acknowledgment; excludes setup and warm-up,2026-09-23T23:08:58.824257485Z,,1024,
historical-369,serial,Tserial008,redis-memory,completed,prefill_and_drain,data/raw/serial/summary.jsonl,8,18211911786600900,18211912323029214,Prefill start to last consumer acknowledgment; excludes setup and warm-up,2026-09-23T23:08:59.527752437Z,,1024,
historical-370,serial,Tserial009,nats-memory,completed,prefill_and_drain,data/raw/serial/summary.jsonl,9,18211912516737422,18211913225026394,Prefill start to last consumer acknowledgment; excludes setup and warm-up,2026-09-23T23:09:00.433188911Z,,1024,
historical-371,serial,Tserial010,nats-always,completed,prefill_and_drain,data/raw/serial/summary.jsonl,10,18211913823654945,18211916362255386,Prefill start to last consumer acknowledgment; excludes setup and warm-up,2026-09-23T23:09:03.570957137Z,,1024,
historical-372,serial,Tserial011,nats-periodic,completed,prefill_and_drain,data/raw/serial/summary.jsonl,11,18211916556311923,18211917173522336,Prefill start to last consumer acknowledgment; excludes setup and warm-up,2026-09-23T23:09:04.378780651Z,,1024,
historical-373,serial,Tserial012,redis-periodic,completed,prefill_and_drain,data/raw/serial/summary.jsonl,12,18211917345237557,18211917903508575,Prefill start to last consumer acknowledgment; excludes setup and warm-up,2026-09-23T23:09:05.112412Z,,1024,
historical-374,serial,Tserial013,redis-always,completed,prefill_and_drain,data/raw/serial/summary.jsonl,13,18211919079755015,18211924112212175,Prefill start to last consumer acknowledgment; excludes setup and warm-up,2026-09-23T23:09:11.323552955Z,,1024,
historical-375,serial,Tserial014,redis-periodic,completed,prefill_and_drain,data/raw/serial/summary.jsonl,14,18211924287902516,18211924846397618,Prefill start to last consumer acknowledgment; excludes setup and warm-up,2026-09-23T23:09:12.052531371Z,,1024,
historical-376,serial,Tserial015,nats-memory,completed,prefill_and_drain,data/raw/serial/summary.jsonl,15,18211925059694937,18211925754233970,Prefill start to last consumer acknowledgment; excludes setup and warm-up,2026-09-23T23:09:12.962336621Z,,1024,
historical-377,serial,Tserial016,nats-always,completed,prefill_and_drain,data/raw/serial/summary.jsonl,16,18211926368057434,18211928509190475,Prefill start to last consumer acknowledgment; excludes setup and warm-up,2026-09-23T23:09:15.718829794Z,,1024,
historical-378,serial,Tserial017,redis-memory,completed,prefill_and_drain,data/raw/serial/summary.jsonl,17,18211928659841266,18211929223456473,Prefill start to last consumer acknowledgment; excludes setup and warm-up,2026-09-23T23:09:16.428494174Z,,1024,
historical-379,serial,Tserial018,nats-periodic,completed,prefill_and_drain,data/raw/serial/summary.jsonl,18,18211929428272793,18211930162854033,Prefill start to last consumer acknowledgment; excludes setup and warm-up,2026-09-23T23:09:17.371376921Z,,1024,
historical-380,serial,Tserial019,redis-periodic,completed,prefill_and_drain,data/raw/serial/summary.jsonl,19,18211930330366348,18211930922045850,Prefill start to last consumer acknowledgment; excludes setup and warm-up,2026-09-23T23:09:18.128616421Z,,1024,
historical-381,serial,Tserial020,nats-memory,completed,prefill_and_drain,data/raw/serial/summary.jsonl,20,18211931133187657,18211931848032412,Prefill start to last consumer acknowledgment; excludes setup and warm-up,2026-09-23T23:09:19.056074388Z,,1024,
historical-382,serial,Tserial021,redis-always,completed,prefill_and_drain,data/raw/serial/summary.jsonl,21,18211933137482631,18211938150281303,Prefill start to last consumer acknowledgment; excludes setup and warm-up,2026-09-23T23:09:25.359832539Z,,1024,
historical-383,serial,Tserial022,nats-always,completed,prefill_and_drain,data/raw/serial/summary.jsonl,22,18211938737897057,18211940914194384,Prefill start to last consumer acknowledgment; excludes setup and warm-up,2026-09-23T23:09:28.123281163Z,,1024,
historical-384,serial,Tserial023,redis-memory,completed,prefill_and_drain,data/raw/serial/summary.jsonl,23,18211941069714795,18211941590382305,Prefill start to last consumer acknowledgment; excludes setup and warm-up,2026-09-23T23:09:28.798545474Z,,1024,
historical-385,serial,Tserial024,nats-periodic,completed,prefill_and_drain,data/raw/serial/summary.jsonl,24,18211941802528108,18211942516774700,Prefill start to last consumer acknowledgment; excludes setup and warm-up,2026-09-23T23:09:29.725063259Z,,1024,
historical-386,serial,Tserial025,redis-periodic,completed,prefill_and_drain,data/raw/serial/summary.jsonl,25,18211942695989039,18211943252783789,Prefill start to last consumer acknowledgment; excludes setup and warm-up,2026-09-23T23:09:30.459402234Z,,1024,
historical-387,serial,Tserial026,nats-periodic,completed,prefill_and_drain,data/raw/serial/summary.jsonl,26,18211943467381524,18211944158752265,Prefill start to last consumer acknowledgment; excludes setup and warm-up,2026-09-23T23:09:31.36543804Z,,1024,
historical-388,serial,Tserial027,redis-always,completed,prefill_and_drain,data/raw/serial/summary.jsonl,27,18211945450487703,18211950569852134,Prefill start to last consumer acknowledgment; excludes setup and warm-up,2026-09-23T23:09:37.780131756Z,,1024,
historical-389,serial,Tserial028,nats-memory,completed,prefill_and_drain,data/raw/serial/summary.jsonl,28,18211950794217485,18211951364460283,Prefill start to last consumer acknowledgment; excludes setup and warm-up,2026-09-23T23:09:38.573337351Z,,1024,
historical-390,serial,Tserial029,redis-memory,completed,prefill_and_drain,data/raw/serial/summary.jsonl,29,18211951531975191,18211952055229565,Prefill start to last consumer acknowledgment; excludes setup and warm-up,2026-09-23T23:09:39.262712623Z,,1024,
historical-391,serial,Tserial030,nats-always,completed,prefill_and_drain,data/raw/serial/summary.jsonl,30,18211952656516303,18211954819243134,Prefill start to last consumer acknowledgment; excludes setup and warm-up,2026-09-23T23:09:42.025007116Z,,1024,
historical-392,serial,Tserial031,nats-always,completed,prefill_and_drain,data/raw/serial/summary.jsonl,31,18211955423275973,18211957579056475,Prefill start to last consumer acknowledgment; excludes setup and warm-up,2026-09-23T23:09:44.788580959Z,,1024,
historical-393,serial,Tserial032,redis-always,completed,prefill_and_drain,data/raw/serial/summary.jsonl,32,18211958828520710,18211964053089090,Prefill start to last consumer acknowledgment; excludes setup and warm-up,2026-09-23T23:09:51.263685113Z,,1024,
historical-394,serial,Tserial033,nats-periodic,completed,prefill_and_drain,data/raw/serial/summary.jsonl,33,18211964275278149,18211965014819171,Prefill start to last consumer acknowledgment; excludes setup and warm-up,2026-09-23T23:09:52.223011365Z,,1024,
historical-395,serial,Tserial034,redis-periodic,completed,prefill_and_drain,data/raw/serial/summary.jsonl,34,18211965178636582,18211965749367221,Prefill start to last consumer acknowledgment; excludes setup and warm-up,2026-09-23T23:09:52.956661647Z,,1024,
historical-396,serial,Tserial035,redis-memory,completed,prefill_and_drain,data/raw/serial/summary.jsonl,35,18211965914455116,18211966450877799,Prefill start to last consumer acknowledgment; excludes setup and warm-up,2026-09-23T23:09:53.657135512Z,,1024,
historical-397,serial,Tserial036,nats-memory,completed,prefill_and_drain,data/raw/serial/summary.jsonl,36,18211966651781711,18211967333994362,Prefill start to last consumer acknowledgment; excludes setup and warm-up,2026-09-23T23:09:54.542145679Z,,1024,
historical-398,serial,Tserial037,nats-memory,completed,prefill_and_drain,data/raw/serial/summary.jsonl,37,18211967501854203,18211968176874121,Prefill start to last consumer acknowledgment; excludes setup and warm-up,2026-09-23T23:09:55.384962079Z,,1024,
historical-399,serial,Tserial038,redis-always,completed,prefill_and_drain,data/raw/serial/summary.jsonl,38,18211969460801803,18211974541102091,Prefill start to last consumer acknowledgment; excludes setup and warm-up,2026-09-23T23:10:01.751203551Z,,1024,
historical-400,serial,Tserial039,nats-periodic,completed,prefill_and_drain,data/raw/serial/summary.jsonl,39,18211974756786043,18211975476695443,Prefill start to last consumer acknowledgment; excludes setup and warm-up,2026-09-23T23:10:02.687340582Z,,1024,
historical-401,serial,Tserial040,nats-always,completed,prefill_and_drain,data/raw/serial/summary.jsonl,40,18211976095267274,18211978318327514,Prefill start to last consumer acknowledgment; excludes setup and warm-up,2026-09-23T23:10:05.527230743Z,,1024,
historical-402,serial,Tserial041,redis-periodic,completed,prefill_and_drain,data/raw/serial/summary.jsonl,41,18211978474609709,18211979109098780,Prefill start to last consumer acknowledgment; excludes setup and warm-up,2026-09-23T23:10:06.317365151Z,,1024,
historical-403,serial,Tserial042,redis-memory,completed,prefill_and_drain,data/raw/serial/summary.jsonl,42,18211979281499188,18211979807930214,Prefill start to last consumer acknowledgment; excludes setup and warm-up,2026-09-23T23:10:07.014977252Z,,1024,
historical-404,serial,Tserial043,nats-always,completed,prefill_and_drain,data/raw/serial/summary.jsonl,43,18211980374054331,18211982593450838,Prefill start to last consumer acknowledgment; excludes setup and warm-up,2026-09-23T23:10:09.800121082Z,,1024,
historical-405,serial,Tserial044,nats-periodic,completed,prefill_and_drain,data/raw/serial/summary.jsonl,44,18211982800685276,18211983486835835,Prefill start to last consumer acknowledgment; excludes setup and warm-up,2026-09-23T23:10:10.694512495Z,,1024,
historical-406,serial,Tserial045,redis-always,completed,prefill_and_drain,data/raw/serial/summary.jsonl,45,18211984727724735,18211989803078543,Prefill start to last consumer acknowledgment; excludes setup and warm-up,2026-09-23T23:10:17.013268579Z,,1024,
historical-407,serial,Tserial046,redis-periodic,completed,prefill_and_drain,data/raw/serial/summary.jsonl,46,18211989973269206,18211990550557578,Prefill start to last consumer acknowledgment; excludes setup and warm-up,2026-09-23T23:10:17.758039417Z,,1024,
historical-408,serial,Tserial047,redis-memory,completed,prefill_and_drain,data/raw/serial/summary.jsonl,47,18211990731857455,18211991300228867,Prefill start to last consumer acknowledgment; excludes setup and warm-up,2026-09-23T23:10:18.50848604Z,,1024,
historical-409,serial,Tserial048,nats-memory,completed,prefill_and_drain,data/raw/serial/summary.jsonl,48,18211991502134022,18211992210962579,Prefill start to last consumer acknowledgment; excludes setup and warm-up,2026-09-23T23:10:19.419413378Z,,1024,
historical-410,serial,Tserial049,redis-always,completed,prefill_and_drain,data/raw/serial/summary.jsonl,49,18211993529571245,18211998560628427,Prefill start to last consumer acknowledgment; excludes setup and warm-up,2026-09-23T23:10:25.769625641Z,,1024,
historical-411,serial,Tserial050,nats-always,completed,prefill_and_drain,data/raw/serial/summary.jsonl,50,18211999162760957,18212001337934172,Prefill start to last consumer acknowledgment; excludes setup and warm-up,2026-09-23T23:10:28.546479792Z,,1024,
historical-412,serial,Tserial051,redis-memory,completed,prefill_and_drain,data/raw/serial/summary.jsonl,51,18212001493492169,18212002007224549,Prefill start to last consumer acknowledgment; excludes setup and warm-up,2026-09-23T23:10:29.215525387Z,,1024,
historical-413,serial,Tserial052,nats-memory,completed,prefill_and_drain,data/raw/serial/summary.jsonl,52,18212002223713849,18212002941978918,Prefill start to last consumer acknowledgment; excludes setup and warm-up,2026-09-23T23:10:30.150875548Z,,1024,
historical-414,serial,Tserial053,nats-periodic,completed,prefill_and_drain,data/raw/serial/summary.jsonl,53,18212003158367350,18212003839719361,Prefill start to last consumer acknowledgment; excludes setup and warm-up,2026-09-23T23:10:31.048083817Z,,1024,
historical-415,serial,Tserial054,redis-periodic,completed,prefill_and_drain,data/raw/serial/summary.jsonl,54,18212004030951588,18212004640149471,Prefill start to last consumer acknowledgment; excludes setup and warm-up,2026-09-23T23:10:31.847673989Z,,1024,
historical-416,serial,Tserial055,nats-always,completed,prefill_and_drain,data/raw/serial/summary.jsonl,55,18212005278457898,18212007462748575,Prefill start to last consumer acknowledgment; excludes setup and warm-up,2026-09-23T23:10:34.665119961Z,,1024,
historical-417,serial,Tserial056,redis-always,completed,prefill_and_drain,data/raw/serial/summary.jsonl,56,18212008752125945,18212013844946694,Prefill start to last consumer acknowledgment; excludes setup and warm-up,2026-09-23T23:10:41.048758371Z,,1024,
historical-418,serial,Tserial057,redis-periodic,completed,prefill_and_drain,data/raw/serial/summary.jsonl,57,18212013974700717,18212014352132127,Prefill start to last consumer acknowledgment; excludes setup and warm-up,2026-09-23T23:10:41.553767499Z,,1024,
historical-419,serial,Tserial058,nats-periodic,completed,prefill_and_drain,data/raw/serial/summary.jsonl,58,18212014494463116,18212014951838665,Prefill start to last consumer acknowledgment; excludes setup and warm-up,2026-09-23T23:10:42.154315736Z,,1024,
historical-420,serial,Tserial059,redis-memory,completed,prefill_and_drain,data/raw/serial/summary.jsonl,59,18212015060900558,18212015486987603,Prefill start to last consumer acknowledgment; excludes setup and warm-up,2026-09-23T23:10:42.688695588Z,,1024,
historical-421,serial,Tserial060,nats-memory,completed,prefill_and_drain,data/raw/serial/summary.jsonl,60,18212015623963272,18212016268929274,Prefill start to last consumer acknowledgment; excludes setup and warm-up,2026-09-23T23:10:43.477959408Z,,1024,
historical-422,recovery,R000,nats-periodic,recovered,consumer_recovery,data/raw/recovery/summary.jsonl,1,18212017055888767,18212017313607562,Kill invocation to redelivery receipt,,7000,,
historical-423,recovery,R001,redis-periodic,recovered,consumer_recovery,data/raw/recovery/summary.jsonl,2,18212017435011847,18212018337228792,Kill invocation to redelivery receipt,,7000,,
historical-424,recovery,R002,redis-periodic,recovered,consumer_recovery,data/raw/recovery/summary.jsonl,3,18212018450734602,18212019353729207,Kill invocation to redelivery receipt,,7000,,
historical-425,recovery,R003,redis-periodic,nominal_control,consumer_recovery,data/raw/recovery/summary.jsonl,4,18212019392653242,,Kill invocation recorded; exact observation endpoint unavailable,,500,,
historical-426,recovery,R004,redis-periodic,recovered,consumer_recovery,data/raw/recovery/summary.jsonl,5,18212020674565452,18212020926606940,Kill invocation to redelivery receipt,,7000,,
historical-427,recovery,R005,redis-periodic,recovered,consumer_recovery,data/raw/recovery/summary.jsonl,6,18212021131095916,18212021201729433,Kill invocation to redelivery receipt,,3250,,
historical-428,recovery,R006,redis-periodic,recovered,consumer_recovery,data/raw/recovery/summary.jsonl,7,18212021243950478,18212021476780860,Kill invocation to redelivery receipt,,3250,,
historical-429,recovery,R007,redis-periodic,recovered,consumer_recovery,data/raw/recovery/summary.jsonl,8,18212021516561824,18212021750833616,Kill invocation to redelivery receipt,,3250,,
historical-430,recovery,R008,nats-periodic,recovered,consumer_recovery,data/raw/recovery/summary.jsonl,9,18212021797730269,18212022023683346,Kill invocation to redelivery receipt,,3250,,
historical-431,recovery,R009,redis-periodic,recovered,consumer_recovery,data/raw/recovery/summary.jsonl,10,18212022790278876,18212023052823667,Kill invocation to redelivery receipt,,7000,,
historical-432,recovery,R010,redis-periodic,recovered,consumer_recovery,data/raw/recovery/summary.jsonl,11,18212023820827612,18212024079444725,Kill invocation to redelivery receipt,,7000,,
historical-433,recovery,R011,nats-periodic,recovered,consumer_recovery,data/raw/recovery/summary.jsonl,12,18212024198503700,18212025104791902,Kill invocation to redelivery receipt,,7000,,
historical-434,recovery,R012,nats-periodic,recovered,consumer_recovery,data/raw/recovery/summary.jsonl,13,18212025313404299,18212025377874723,Kill invocation to redelivery receipt,,3250,,
historical-435,recovery,R013,nats-periodic,recovered,consumer_recovery,data/raw/recovery/summary.jsonl,14,18212025590823144,18212025654559698,Kill invocation to redelivery receipt,,3250,,
historical-436,recovery,R014,nats-periodic,recovered,consumer_recovery,data/raw/recovery/summary.jsonl,15,18212025862311340,18212025925777094,Kill invocation to redelivery receipt,,3250,,
historical-437,recovery,R015,redis-periodic,recovered,consumer_recovery,data/raw/recovery/summary.jsonl,16,18212026127695006,18212026197425848,Kill invocation to redelivery receipt,,3250,,
historical-438,recovery,R016,redis-periodic,nominal_control,consumer_recovery,data/raw/recovery/summary.jsonl,17,18212026313626543,,Kill invocation recorded; exact observation endpoint unavailable,,2000,,
historical-439,recovery,R017,nats-periodic,recovered,consumer_recovery,data/raw/recovery/summary.jsonl,18,18212028499937940,18212029410092853,Kill invocation to redelivery receipt,,7000,,
historical-440,recovery,R018,redis-periodic,recovered,consumer_recovery,data/raw/recovery/summary.jsonl,19,18212029463969389,18212029694495184,Kill invocation to redelivery receipt,,3250,,
historical-441,recovery,R019,nats-periodic,recovered,consumer_recovery,data/raw/recovery/summary.jsonl,20,18212029813783392,18212030721988812,Kill invocation to redelivery receipt,,7000,,
historical-442,recovery,R020,redis-periodic,recovered,consumer_recovery,data/raw/recovery/summary.jsonl,21,18212030839820840,18212031748290086,Kill invocation to redelivery receipt,,7000,,
historical-443,recovery,R021,redis-periodic,recovered,consumer_recovery,data/raw/recovery/summary.jsonl,22,18212031949849589,18212032019382489,Kill invocation to redelivery receipt,,3250,,
historical-444,recovery,R022,nats-periodic,recovered,consumer_recovery,data/raw/recovery/summary.jsonl,23,18212032064098026,18212032290497672,Kill invocation to redelivery receipt,,3250,,
historical-445,recovery,R023,redis-periodic,recovered,consumer_recovery,data/raw/recovery/summary.jsonl,24,18212032331218337,18212032638902477,Kill invocation to redelivery receipt,,3250,,
historical-446,recovery,R024,redis-periodic,recovered,consumer_recovery,data/raw/recovery/summary.jsonl,25,18212032681250341,18212032914505679,Kill invocation to redelivery receipt,,3250,,
historical-447,recovery,R025,redis-periodic,recovered,consumer_recovery,data/raw/recovery/summary.jsonl,26,18212033681294686,18212033932530615,Kill invocation to redelivery receipt,,7000,,
historical-448,recovery,R026,redis-periodic,recovered,consumer_recovery,data/raw/recovery/summary.jsonl,27,18212034136607526,18212034204831956,Kill invocation to redelivery receipt,,3250,,
historical-449,recovery,R027,redis-periodic,recovered,consumer_recovery,data/raw/recovery/summary.jsonl,28,18212034246551998,18212034498805209,Kill invocation to redelivery receipt,,3250,,
historical-450,recovery,R028,redis-periodic,recovered,consumer_recovery,data/raw/recovery/summary.jsonl,29,18212035266273752,18212035525411713,Kill invocation to redelivery receipt,,7000,,
historical-451,recovery,R029,redis-periodic,recovered,consumer_recovery,data/raw/recovery/summary.jsonl,30,18212035635643203,18212036549351957,Kill invocation to redelivery receipt,,7000,,
historical-452,recovery,R030,redis-periodic,recovered,consumer_recovery,data/raw/recovery/summary.jsonl,31,18212036585572478,18212036815455046,Kill invocation to redelivery receipt,,3250,,
historical-453,recovery,R031,nats-periodic,recovered,consumer_recovery,data/raw/recovery/summary.jsonl,32,18212037585590524,18212037842841257,Kill invocation to redelivery receipt,,7000,,
historical-454,recovery,R032,nats-periodic,recovered,consumer_recovery,data/raw/recovery/summary.jsonl,33,18212037967906040,18212038873269299,Kill invocation to redelivery receipt,,7000,,
historical-455,recovery,R033,redis-periodic,recovered,consumer_recovery,data/raw/recovery/summary.jsonl,34,18212039003292020,18212039955415233,Kill invocation to redelivery receipt,,7000,,
historical-456,recovery,R034,redis-periodic,recovered,consumer_recovery,data/raw/recovery/summary.jsonl,35,18212040721569564,18212041048625055,Kill invocation to redelivery receipt,,7000,,
historical-457,recovery,R035,nats-periodic,recovered,consumer_recovery,data/raw/recovery/summary.jsonl,36,18212041813545137,18212042074172135,Kill invocation to redelivery receipt,,7000,,
historical-458,recovery,R036,nats-periodic,recovered,consumer_recovery,data/raw/recovery/summary.jsonl,37,18212042285101455,18212042348720783,Kill invocation to redelivery receipt,,3250,,
historical-459,recovery,R037,redis-periodic,recovered,consumer_recovery,data/raw/recovery/summary.jsonl,38,18212042393263207,18212042651427900,Kill invocation to redelivery receipt,,3250,,
historical-460,recovery,R038,redis-periodic,recovered,consumer_recovery,data/raw/recovery/summary.jsonl,39,18212042695952827,18212042925163417,Kill invocation to redelivery receipt,,3250,,
historical-461,recovery,R039,redis-periodic,recovered,consumer_recovery,data/raw/recovery/summary.jsonl,40,18212043129816205,18212043224114885,Kill invocation to redelivery receipt,,3250,,
historical-462,recovery,R040,redis-periodic,recovered,consumer_recovery,data/raw/recovery/summary.jsonl,41,18212043426579519,18212043494324926,Kill invocation to redelivery receipt,,3250,,
historical-463,recovery,R041,redis-periodic,recovered,consumer_recovery,data/raw/recovery/summary.jsonl,42,18212043612972656,18212044522862730,Kill invocation to redelivery receipt,,7000,,
historical-464,recovery,R042,nats-periodic,recovered,consumer_recovery,data/raw/recovery/summary.jsonl,43,18212044570040500,18212044795891662,Kill invocation to redelivery receipt,,3250,,
historical-465,recovery,R043,redis-periodic,recovered,consumer_recovery,data/raw/recovery/summary.jsonl,44,18212044911715029,18212045825460379,Kill invocation to redelivery receipt,,7000,,
historical-466,recovery,R044,nats-periodic,recovered,consumer_recovery,data/raw/recovery/summary.jsonl,45,18212046597336083,18212046856326544,Kill invocation to redelivery receipt,,7000,,
historical-467,recovery,R045,nats-periodic,recovered,consumer_recovery,data/raw/recovery/summary.jsonl,46,18212046976621065,18212047886666956,Kill invocation to redelivery receipt,,7000,,
historical-468,recovery,R046,nats-periodic,recovered,consumer_recovery,data/raw/recovery/summary.jsonl,47,18212048008498506,18212048915646384,Kill invocation to redelivery receipt,,7000,,
historical-469,recovery,R047,nats-periodic,recovered,consumer_recovery,data/raw/recovery/summary.jsonl,48,18212049038581958,18212049945188183,Kill invocation to redelivery receipt,,7000,,
historical-470,recovery,R048,redis-periodic,recovered,consumer_recovery,data/raw/recovery/summary.jsonl,49,18212050154802441,18212050305125213,Kill invocation to redelivery receipt,,3250,,
historical-471,recovery,R049,redis-periodic,recovered,consumer_recovery,data/raw/recovery/summary.jsonl,50,18212051070483903,18212051392873085,Kill invocation to redelivery receipt,,7000,,
historical-472,recovery,R050,redis-periodic,recovered,consumer_recovery,data/raw/recovery/summary.jsonl,51,18212051434228435,18212051662614046,Kill invocation to redelivery receipt,,3250,,
historical-473,recovery,R051,redis-periodic,recovered,consumer_recovery,data/raw/recovery/summary.jsonl,52,18212051862159136,18212051926452912,Kill invocation to redelivery receipt,,3250,,
historical-474,recovery,R052,nats-periodic,recovered,consumer_recovery,data/raw/recovery/summary.jsonl,53,18212052134951359,18212052198299036,Kill invocation to redelivery receipt,,3250,,
historical-475,recovery,R053,redis-periodic,recovered,consumer_recovery,data/raw/recovery/summary.jsonl,54,18212052321687373,18212053257664325,Kill invocation to redelivery receipt,,7000,,
historical-476,recovery,R054,redis-periodic,recovered,consumer_recovery,data/raw/recovery/summary.jsonl,55,18212054019255960,18212054349859659,Kill invocation to redelivery receipt,,7000,,
historical-477,recovery,R055,redis-periodic,recovered,consumer_recovery,data/raw/recovery/summary.jsonl,56,18212054466950756,18212055369612121,Kill invocation to redelivery receipt,,7000,,
historical-478,recovery,R056,nats-periodic,recovered,consumer_recovery,data/raw/recovery/summary.jsonl,57,18212055575502792,18212055639128416,Kill invocation to redelivery receipt,,3250,,
historical-479,recovery,R057,redis-periodic,nominal_control,consumer_recovery,data/raw/recovery/summary.jsonl,58,18212055754138052,,Kill invocation recorded; exact observation endpoint unavailable,,2000,,
historical-480,recovery,R058,redis-periodic,recovered,consumer_recovery,data/raw/recovery/summary.jsonl,59,18212057829033598,18212058099112137,Kill invocation to redelivery receipt,,3250,,
historical-481,recovery,R059,nats-periodic,recovered,consumer_recovery,data/raw/recovery/summary.jsonl,60,18212058868595695,18212059127215485,Kill invocation to redelivery receipt,,7000,,
historical-482,recovery,R060,redis-periodic,recovered,consumer_recovery,data/raw/recovery/summary.jsonl,61,18212059245141758,18212060148856990,Kill invocation to redelivery receipt,,7000,,
historical-483,recovery,R061,redis-periodic,recovered,consumer_recovery,data/raw/recovery/summary.jsonl,62,18212060915339233,18212061174228396,Kill invocation to redelivery receipt,,7000,,
historical-484,recovery,R062,redis-periodic,recovered,consumer_recovery,data/raw/recovery/summary.jsonl,63,18212061215145295,18212061503960802,Kill invocation to redelivery receipt,,3250,,
historical-485,recovery,R063,redis-periodic,nominal_control,consumer_recovery,data/raw/recovery/summary.jsonl,64,18212061620445608,,Kill invocation recorded; exact observation endpoint unavailable,,2000,,
historical-486,recovery,R064,redis-periodic,nominal_control,consumer_recovery,data/raw/recovery/summary.jsonl,65,18212063677793799,,Kill invocation recorded; exact observation endpoint unavailable,,500,,
historical-487,recovery,R065,nats-periodic,recovered,consumer_recovery,data/raw/recovery/summary.jsonl,66,18212065005902000,18212065263977622,Kill invocation to redelivery receipt,,7000,,
historical-488,recovery,R066,nats-periodic,recovered,consumer_recovery,data/raw/recovery/summary.jsonl,67,18212065312897140,18212065539659552,Kill invocation to redelivery receipt,,3250,,
historical-489,recovery,R067,nats-periodic,recovered,consumer_recovery,data/raw/recovery/summary.jsonl,68,18212065750555899,18212065814109858,Kill invocation to redelivery receipt,,3250,,
historical-490,recovery,R068,redis-periodic,recovered,consumer_recovery,data/raw/recovery/summary.jsonl,69,18212066583392414,18212066863784339,Kill invocation to redelivery receipt,,7000,,
historical-491,recovery,R069,redis-periodic,recovered,consumer_recovery,data/raw/recovery/summary.jsonl,70,18212066978697192,18212067929067766,Kill invocation to redelivery receipt,,7000,,
historical-492,recovery,R070,nats-periodic,recovered,consumer_recovery,data/raw/recovery/summary.jsonl,71,18212067974395851,18212068201103989,Kill invocation to redelivery receipt,,3250,,
historical-493,recovery,R071,redis-periodic,nominal_control,consumer_recovery,data/raw/recovery/summary.jsonl,72,18212068318061784,,Kill invocation recorded; exact observation endpoint unavailable,,2000,,
historical-494,recovery,R072,nats-periodic,recovered,consumer_recovery,data/raw/recovery/summary.jsonl,73,18212070429181078,18212070655596376,Kill invocation to redelivery receipt,,3250,,
historical-495,recovery,R073,redis-periodic,recovered,consumer_recovery,data/raw/recovery/summary.jsonl,74,18212070859162108,18212071020410458,Kill invocation to redelivery receipt,,3250,,
historical-496,recovery,R074,redis-periodic,nominal_control,consumer_recovery,data/raw/recovery/summary.jsonl,75,18212071129405801,,Kill invocation recorded; exact observation endpoint unavailable,,2000,,
historical-497,recovery,R075,nats-periodic,recovered,consumer_recovery,data/raw/recovery/summary.jsonl,76,18212073321760401,18212074228810188,Kill invocation to redelivery receipt,,7000,,
historical-498,recovery,R076,redis-periodic,recovered,consumer_recovery,data/raw/recovery/summary.jsonl,77,18212075008766368,18212075276346926,Kill invocation to redelivery receipt,,7000,,
historical-499,recovery,R077,redis-periodic,recovered,consumer_recovery,data/raw/recovery/summary.jsonl,78,18212076040099136,18212076297338649,Kill invocation to redelivery receipt,,7000,,
historical-500,recovery,R078,redis-periodic,recovered,consumer_recovery,data/raw/recovery/summary.jsonl,79,18212076501472492,18212076565410146,Kill invocation to redelivery receipt,,3250,,
historical-501,recovery,R079,redis-periodic,recovered,consumer_recovery,data/raw/recovery/summary.jsonl,80,18212076676219505,18212077576667717,Kill invocation to redelivery receipt,,7000,,
historical-502,recovery,R080,redis-periodic,recovered,consumer_recovery,data/raw/recovery/summary.jsonl,81,18212078338128787,18212078654599841,Kill invocation to redelivery receipt,,7000,,
historical-503,recovery,R081,nats-periodic,recovered,consumer_recovery,data/raw/recovery/summary.jsonl,82,18212078700029852,18212078926862583,Kill invocation to redelivery receipt,,3250,,
historical-504,recovery,R082,nats-periodic,recovered,consumer_recovery,data/raw/recovery/summary.jsonl,83,18212079698271262,18212079953758678,Kill invocation to redelivery receipt,,7000,,
historical-505,recovery,R083,redis-periodic,recovered,consumer_recovery,data/raw/recovery/summary.jsonl,84,18212080073356636,18212080985082395,Kill invocation to redelivery receipt,,7000,,
historical-506,recovery,R084,nats-periodic,recovered,consumer_recovery,data/raw/recovery/summary.jsonl,85,18212081026939225,18212081253182951,Kill invocation to redelivery receipt,,3250,,
historical-507,recovery,R085,redis-periodic,nominal_control,consumer_recovery,data/raw/recovery/summary.jsonl,86,18212081296409356,,Kill invocation recorded; exact observation endpoint unavailable,,500,,
historical-508,recovery,R086,nats-periodic,recovered,consumer_recovery,data/raw/recovery/summary.jsonl,87,18212082644643130,18212082901613459,Kill invocation to redelivery receipt,,7000,,
historical-509,recovery,R087,redis-periodic,recovered,consumer_recovery,data/raw/recovery/summary.jsonl,88,18212083020448223,18212084001565544,Kill invocation to redelivery receipt,,7000,,
historical-510,recovery,R088,redis-periodic,recovered,consumer_recovery,data/raw/recovery/summary.jsonl,89,18212084208792426,18212084358162746,Kill invocation to redelivery receipt,,3250,,
historical-511,recovery,R089,nats-periodic,recovered,consumer_recovery,data/raw/recovery/summary.jsonl,90,18212084566424634,18212084630020089,Kill invocation to redelivery receipt,,3250,,
historical-512,recovery,R090,redis-periodic,recovered,consumer_recovery,data/raw/recovery/summary.jsonl,91,18212084835170772,18212084951617537,Kill invocation to redelivery receipt,,3250,,
historical-513,recovery,R091,redis-periodic,recovered,consumer_recovery,data/raw/recovery/summary.jsonl,92,18212085066125506,18212086032942326,Kill invocation to redelivery receipt,,7000,,
historical-514,recovery,R092,redis-periodic,recovered,consumer_recovery,data/raw/recovery/summary.jsonl,93,18212086148886493,18212087077930494,Kill invocation to redelivery receipt,,7000,,
historical-515,recovery,R093,redis-periodic,recovered,consumer_recovery,data/raw/recovery/summary.jsonl,94,18212087842785271,18212088182143747,Kill invocation to redelivery receipt,,7000,,
historical-516,recovery,R094,redis-periodic,recovered,consumer_recovery,data/raw/recovery/summary.jsonl,95,18212088297292369,18212089200639904,Kill invocation to redelivery receipt,,7000,,
historical-517,recovery,R095,redis-periodic,recovered,consumer_recovery,data/raw/recovery/summary.jsonl,96,18212089405349351,18212089534953372,Kill invocation to redelivery receipt,,3250,,
historical-518,recovery,R096,redis-periodic,nominal_control,consumer_recovery,data/raw/recovery/summary.jsonl,97,18212089576615906,,Kill invocation recorded; exact observation endpoint unavailable,,500,,
historical-519,recovery,R097,redis-periodic,recovered,consumer_recovery,data/raw/recovery/summary.jsonl,98,18212090910286515,18212091161957148,Kill invocation to redelivery receipt,,7000,,
historical-520,recovery,R098,nats-periodic,recovered,consumer_recovery,data/raw/recovery/summary.jsonl,99,18212091209365148,18212091436220547,Kill invocation to redelivery receipt,,3250,,
historical-521,recovery,R099,redis-periodic,recovered,consumer_recovery,data/raw/recovery/summary.jsonl,100,18212091641215394,18212091705415818,Kill invocation to redelivery receipt,,3250,,
historical-522,recovery,R100,nats-periodic,recovered,consumer_recovery,data/raw/recovery/summary.jsonl,101,18212092472623970,18212092730204645,Kill invocation to redelivery receipt,,7000,,
historical-523,recovery,R101,nats-periodic,recovered,consumer_recovery,data/raw/recovery/summary.jsonl,102,18212092938690933,18212093002340345,Kill invocation to redelivery receipt,,3250,,
historical-524,recovery,R102,redis-periodic,recovered,consumer_recovery,data/raw/recovery/summary.jsonl,103,18212093046862026,18212093310351083,Kill invocation to redelivery receipt,,3250,,
historical-525,recovery,R103,redis-periodic,recovered,consumer_recovery,data/raw/recovery/summary.jsonl,104,18212094076232116,18212094415674154,Kill invocation to redelivery receipt,,7000,,
historical-526,recovery,R104,redis-periodic,recovered,consumer_recovery,data/raw/recovery/summary.jsonl,105,18212095183856210,18212095436865755,Kill invocation to redelivery receipt,,7000,,
historical-527,recovery,R105,redis-periodic,recovered,consumer_recovery,data/raw/recovery/summary.jsonl,106,18212095553464171,18212096490151156,Kill invocation to redelivery receipt,,7000,,
historical-528,recovery,R106,redis-periodic,recovered,consumer_recovery,data/raw/recovery/summary.jsonl,107,18212096611967477,18212097545932183,Kill invocation to redelivery receipt,,7000,,
historical-529,recovery,R107,redis-periodic,recovered,consumer_recovery,data/raw/recovery/summary.jsonl,108,18212097584718861,18212097818683313,Kill invocation to redelivery receipt,,3250,,
historical-530,recovery,R108,redis-periodic,recovered,consumer_recovery,data/raw/recovery/summary.jsonl,109,18212097857991160,18212098087607784,Kill invocation to redelivery receipt,,3250,,
historical-531,recovery,R109,redis-periodic,recovered,consumer_recovery,data/raw/recovery/summary.jsonl,110,18212098128035038,18212098395352951,Kill invocation to redelivery receipt,,3250,,
historical-532,recovery,R110,nats-periodic,recovered,consumer_recovery,data/raw/recovery/summary.jsonl,111,18212098515388594,18212099422143151,Kill invocation to redelivery receipt,,7000,,
historical-533,recovery,R111,redis-periodic,recovered,consumer_recovery,data/raw/recovery/summary.jsonl,112,18212099466610512,18212099696544735,Kill invocation to redelivery receipt,,3250,,
historical-534,recovery,R112,nats-periodic,recovered,consumer_recovery,data/raw/recovery/summary.jsonl,113,18212100471548926,18212100732192343,Kill invocation to redelivery receipt,,7000,,
historical-535,recovery,R113,redis-periodic,recovered,consumer_recovery,data/raw/recovery/summary.jsonl,114,18212100938914448,18212101077302161,Kill invocation to redelivery receipt,,3250,,
historical-536,recovery,R114,redis-periodic,recovered,consumer_recovery,data/raw/recovery/summary.jsonl,115,18212101276762120,18212101403429876,Kill invocation to redelivery receipt,,3250,,
historical-537,recovery,R115,nats-periodic,recovered,consumer_recovery,data/raw/recovery/summary.jsonl,116,18212101524145317,18212102431391162,Kill invocation to redelivery receipt,,7000,,
historical-538,recovery,R116,nats-periodic,recovered,consumer_recovery,data/raw/recovery/summary.jsonl,117,18212102640830320,18212102703937551,Kill invocation to redelivery receipt,,3250,,
historical-539,recovery,R117,redis-periodic,recovered,consumer_recovery,data/raw/recovery/summary.jsonl,118,18212102911212478,18212102976747626,Kill invocation to redelivery receipt,,3250,,
historical-540,recovery,R118,redis-periodic,recovered,consumer_recovery,data/raw/recovery/summary.jsonl,119,18212103018254392,18212103332153493,Kill invocation to redelivery receipt,,3250,,
historical-541,recovery,R119,redis-periodic,recovered,consumer_recovery,data/raw/recovery/summary.jsonl,120,18212104100277773,18212104353827165,Kill invocation to redelivery receipt,,7000,,
historical-542,recovery,R120,redis-periodic,recovered,consumer_recovery,data/raw/recovery/summary.jsonl,121,18212105115692381,18212105385068728,Kill invocation to redelivery receipt,,7000,,
historical-543,recovery,R121,redis-periodic,recovered,consumer_recovery,data/raw/recovery/summary.jsonl,122,18212105424349012,18212105657922591,Kill invocation to redelivery receipt,,3250,,
historical-544,recovery,R122,redis-periodic,nominal_control,consumer_recovery,data/raw/recovery/summary.jsonl,123,18212105698814308,,Kill invocation recorded; exact observation endpoint unavailable,,500,,
historical-545,recovery,R123,redis-periodic,recovered,consumer_recovery,data/raw/recovery/summary.jsonl,124,18212106377782987,18212107348982562,Kill invocation to redelivery receipt,,7000,,
historical-546,recovery,R124,redis-periodic,recovered,consumer_recovery,data/raw/recovery/summary.jsonl,125,18212107552549063,18212107699065272,Kill invocation to redelivery receipt,,3250,,
historical-547,recovery,R125,redis-periodic,recovered,consumer_recovery,data/raw/recovery/summary.jsonl,126,18212107903299487,18212107971353089,Kill invocation to redelivery receipt,,3250,,
historical-548,recovery,R126,redis-periodic,recovered,consumer_recovery,data/raw/recovery/summary.jsonl,127,18212108737674207,18212109049169672,Kill invocation to redelivery receipt,,7000,,
historical-549,recovery,R127,redis-periodic,recovered,consumer_recovery,data/raw/recovery/summary.jsonl,128,18212109252781561,18212109328606915,Kill invocation to redelivery receipt,,3250,,
historical-550,recovery,R128,nats-periodic,recovered,consumer_recovery,data/raw/recovery/summary.jsonl,129,18212109372944990,18212109599431784,Kill invocation to redelivery receipt,,3250,,
historical-551,recovery,R129,redis-periodic,recovered,consumer_recovery,data/raw/recovery/summary.jsonl,130,18212109641181496,18212109877450979,Kill invocation to redelivery receipt,,3250,,
historical-552,durability,D038,redis-always,timed_failure,timed_publication,data/raw/durability/failed-trials.jsonl,1,,,Unavailable; no duration is imputed,,,,Client confirmation count and timings irrecoverable; retained broker contents are not confirmations
historical-553,main,Tmain089,redis-always,excluded_warmup_failure,warmup,data/environment/main-resume-v2.log,38,,,Unavailable; no duration is imputed,,,,Warm-up/cleanup failure after Tmain088; cleanup masked the primary error; no timed Tmain089 trace
historical-554,durability,D022,nats-always,excluded_warmup_failure,warmup,data/environment/durability-initial.log,22,,,Unavailable; no duration is imputed,,,,Warm-up failed after D021; timed D022 had not begun
historical-555,durability,D031,nats-always,excluded_warmup_failure,warmup,data/environment/durability-resume-first.log,20,,,Unavailable; no duration is imputed,,,,Warm-up failed after D030; timed D031 had not begun
historical-556,durability,D043,nats-always,excluded_operator_interruption,timed_publication,data/environment/operator-cleanup-receipt.txt,1,,,Unavailable; no duration is imputed,,,,Operator interruption; client timings unavailable; later completion is a separate attempt
