id,campaign,block,kind,engine,version,profile,host,publishers,consumers,cpus,seconds,count,payload,compression,trace,recovery,delta_ms,age,kill,seed,pilot,status,error,stage,attempt_records,confirmed_records,unknown_records,throughput_mps,p50_ms,p99_ms,sample_count,mean_ms,max_ms,p99_rank,positions_above_p99,measured_seconds,driver_sample_seconds,driver_mean_cores,driver_quota_percent,driver_throttled_usec,driver_throttled_periods,driver_host_busy_fraction,driver_host_iowait_fraction,broker_sample_seconds,broker_mean_cores,broker_quota_percent,broker_throttled_usec,broker_throttled_periods,broker_host_busy_fraction,broker_host_iowait_fraction,seconds_until_workers_joined,retained_count_at_reconciliation,reset_verified,occupancy,censored,actual_age_ms,observation_seconds,receipt_excess_ms,reference_to_redelivery_ms,redelivery_before_reference,after_nominal_deadline,sync_complete_calls,sync_by_call,sync_errors,sync_mean_ms,sync_p50_ms,sync_p99_ms,sync_max_ms,sync_sum_call_seconds,sync_broker_bracket_seconds,sync_boundary_overlap_calls,sync_calls_per_confirmed_message
F0001,main01,0,publication,nats,2.10.24,memory,nats-old,1,0,2,15,65536,compressible,inherited,False,,250,0.1,True,2026092402,False,complete,,complete,68143.0,68143.0,0.0,4542.825004721403,0.215047,0.312866,68143.0,0.21686676395227797,6.487091,67462.0,681.0,15.000137564,15.000740018,0.4824291995805723,24.121459979028614,0.0,0.0,0.29288919571971006,0.0029340697273041077,15.002474768,0.1795799054264405,8.978995271322026,0.0,0.0,0.06069388440860215,0.0008400537634408602,,,,,,,,,,,,,,,,,,,,,,
F0002,main01,0,publication,redis,7.4.2,memory,redis-old,16,0,2,15,65536,compressible,inherited,False,,250,0.1,True,2026092403,False,complete,,complete,1103486.0,1103486.0,0.0,73565.08438139364,0.205779,0.462642,1103486.0,0.2162400990705708,6.378343,1092452.0,11034.0,15.000132322,15.000591491,1.1077876502383317,55.38938251191659,0.0,0.0,0.6171171171171171,0.0025025025025025025,15.001749364,0.5252955377931217,26.264776889656083,0.0,0.0,0.13752513404825736,0.0008378016085790885,,,,,,,,,,,,,,,,,,,,,,
F0003,main01,0,publication,nats,2.10.24,always,nats-old,16,0,2,15,65536,compressible,inherited,False,,250,0.1,True,2026092404,False,complete,,complete,10488.0,10488.0,0.0,698.7155664768692,22.578393,42.518084,10488.0,22.893541790045767,191.634523,10384.0,104.0,15.010399801,15.010992588,0.059783121918093374,2.9891560959046686,0.0,0.0,0.12350664647484436,0.003365303718660609,15.012724499,0.19044611124319547,9.522305562159774,0.0,0.0,0.08476210438063299,0.045231607629427795,,,,,,,,,,,,,,,,,,,,,,
F0004,main01,0,publication,redis,8.10.2,periodic,redis-current,16,0,2,15,65536,compressible,inherited,False,,250,0.1,True,2026092405,False,complete,,complete,910897.0,910897.0,0.0,60725.50253595964,0.24611,0.56136,910897.0,0.2620871175577578,12.736598,901789.0,9108.0,15.000238153,15.000925757,1.005596404139313,50.27982020696565,0.0,0.0,0.6002338790511192,0.002171734046107584,15.002429369,0.6268719397828348,31.34359698914174,0.0,0.0,0.1412218541657931,0.002599689714453436,,,,,,,,,,,,,,,,,,,,,,
F0005,main01,0,publication,redis,7.4.2,periodic,redis-old,1,0,2,15,65536,compressible,inherited,False,,250,0.1,True,2026092406,False,complete,,complete,83313.0,83313.0,0.0,5554.164061966576,0.176374,0.265312,83313.0,0.1771277313384473,4.71895,82480.0,833.0,15.000097057,15.000692983,0.34662125315760817,17.33106265788041,0.0,0.0,0.2671989128588415,0.004076779344317989,15.002400212,0.11173698716950346,5.586849358475173,0.0,0.0,0.06305703167496549,0.00343110590401272,,,,,,,,,,,,,,,,,,,,,,
F0006,main01,0,publication,nats,2.15.0,always,nats-current,16,0,2,15,65536,compressible,inherited,False,,250,0.1,True,2026092407,False,failed,nats: timeout,measurement,865.0,849.0,16.0,,,,,,,,,,,,,,,,,,,,,,,,18.51140475,864.0,True,,,,,,,,,,,,,,,,,,,
F0007,main01,0,publication,nats,2.15.0,always,nats-current,1,0,2,15,65536,compressible,inherited,False,,250,0.1,True,2026092408,False,complete,,complete,8392.0,8392.0,0.0,559.4628032403326,1.727538,3.298397,8392.0,1.782805818994281,8.849991,8309.0,83.0,15.000103584,15.000824328,0.08685309363753518,4.342654681876759,0.0,0.0,0.11563133018230926,0.0032072923700202567,15.002863262,0.20636767435199996,10.318383717599998,0.0,0.0,0.08859748665573908,0.042113226579245995,,,,,,,,,,,,,,,,,,,,,,
F0008,main01,0,publication,nats,2.10.24,always,nats-old,1,0,2,15,65536,compressible,inherited,False,,250,0.1,True,2026092409,False,complete,,complete,8582.0,8582.0,0.0,572.1114231821597,1.682612,2.765115,8582.0,1.7435597480773717,161.001805,8497.0,85.0,15.000574455,15.00125755,0.0851436618392036,4.25718309196018,0.0,0.0,0.12928270042194093,0.0033755274261603376,15.00297732,0.20216707226216082,10.108353613108042,0.0,0.0,0.07468705368394522,0.03814164496345459,,,,,,,,,,,,,,,,,,,,,,
F0009,main01,0,publication,nats,2.10.24,periodic,nats-old,1,0,2,15,65536,compressible,inherited,False,,250,0.1,True,2026092410,False,complete,,complete,63146.0,63146.0,0.0,4209.195302484636,0.230074,0.377035,63146.0,0.23450286235074322,50.083738,62515.0,631.0,15.001917341,15.002521033,0.42002274058734856,21.001137029367428,0.0,0.0,0.3284558443794113,0.003270786710277156,15.004272341,0.2248638869864139,11.243194349320696,0.0,0.0,0.12223340040241448,0.0014671361502347417,,,,,,,,,,,,,,,,,,,,,,
F0010,main01,0,publication,nats,2.10.24,periodic,nats-old,16,0,2,15,65536,compressible,inherited,False,,250,0.1,True,2026092411,False,complete,,complete,745935.0,745935.0,0.0,49728.341610017975,0.284905,0.866357,745935.0,0.32021796541655956,21.707564,738476.0,7459.0,15.000198596,15.00081841,1.0929338354679807,54.646691773399034,0.0,0.0,0.5746343085106383,0.06382978723404255,15.002032707,1.2394594361418627,61.97297180709314,0.0,0.0,0.1972254721711516,0.02448604379074043,,,,,,,,,,,,,,,,,,,,,,
F0011,main01,0,publication,nats,2.10.24,memory,nats-old,16,0,2,15,65536,compressible,inherited,False,,250,0.1,True,2026092412,False,complete,,complete,886488.0,886488.0,0.0,59098.44515525951,0.242613,0.740505,886488.0,0.2692707120344503,12.392981,877624.0,8864.0,15.00019159,15.000599402,1.1741359480376314,58.70679740188157,0.0,0.0,0.6114162090198036,0.011316358795140622,15.001654112,1.1631286703272579,58.156433516362895,0.0,0.0,0.1856557719635543,0.0012538660871018975,,,,,,,,,,,,,,,,,,,,,,
F0012,main01,0,publication,nats,2.15.0,memory,nats-current,16,0,2,15,65536,compressible,inherited,False,,250,0.1,True,2026092413,False,complete,,complete,912942.0,912942.0,0.0,60862.09737548811,0.241973,0.637371,912942.0,0.2614770034679156,9.406711,903813.0,9129.0,15.000173168,15.000700567,1.1775498698280227,58.87749349140113,0.0,0.0,0.6104825291181364,0.005823627287853577,15.001917726,1.1830496823243277,59.152484116216385,0.0,0.0,0.1938984182630107,0.0007094862484871249,,,,,,,,,,,,,,,,,,,,,,
F0013,main01,0,publication,nats,2.15.0,memory,nats-current,1,0,2,15,65536,compressible,inherited,False,,250,0.1,True,2026092414,False,complete,,complete,64320.0,64320.0,0.0,4287.974995388477,0.228038,0.316462,64320.0,0.22993079275497583,6.408939,63677.0,643.0,15.00008747,15.000760424,0.44863132333163913,22.431566166581955,0.0,0.0,0.2700981236013083,0.0030986400413152006,15.002289015,0.1862944379491412,9.31472189745706,0.0,0.0,0.07431469528040908,0.012322910554111829,,,,,,,,,,,,,,,,,,,,,,
F0014,main01,0,publication,redis,7.4.2,periodic,redis-old,16,0,2,15,65536,compressible,inherited,False,,250,0.1,True,2026092415,False,complete,,complete,875200.0,875200.0,0.0,58345.896104086,0.253787,0.592754,875200.0,0.2728142878096413,10.392421,866448.0,8752.0,15.000198102,15.000747318,1.0037630579866021,50.188152899330106,0.0,0.0,0.620153743315508,0.00267379679144385,15.001980949,0.6199024003306645,30.995120016533225,0.0,0.0,0.1421457862582643,0.002301447819901247,,,,,,,,,,,,,,,,,,,,,,
F0015,main01,0,publication,redis,7.4.2,always,redis-old,16,0,2,15,65536,compressible,inherited,False,,250,0.1,True,2026092416,False,complete,,complete,77608.0,77608.0,0.0,5172.938294260086,3.034948,5.247857,77608.0,3.0893707444206724,11.941339,76832.0,776.0,15.002692007,15.003491991,0.27304590174456805,13.652295087228403,0.0,0.0,0.25937603717225355,0.004646531695984069,15.005530983,0.19892711583360567,9.946355791680283,0.0,0.0,0.07110034255159162,0.04545074776505974,,,,,,,,,,,,,,,,,,,,,,
F0016,main01,0,publication,redis,8.10.2,always,redis-current,16,0,2,15,65536,compressible,inherited,False,,250,0.1,True,2026092417,False,complete,,complete,76453.0,76453.0,0.0,5094.713526948243,3.028245,6.229854,76453.0,3.13624974453584,155.961815,75689.0,764.0,15.006339335,15.006911165,0.27908627924499346,13.954313962249673,0.0,0.0,0.2469401257029441,0.003473370823685081,15.008398749,0.20089631481845432,10.044815740922717,0.0,0.0,0.07806675880554509,0.04280269715625916,,,,,,,,,,,,,,,,,,,,,,
F0017,main01,0,publication,redis,8.10.2,periodic,redis-current,1,0,2,15,65536,compressible,inherited,False,,250,0.1,True,2026092418,False,complete,,complete,84374.0,84374.0,0.0,5624.891757133407,0.175867,0.256701,84374.0,0.17504077232322704,7.595269,83531.0,843.0,15.000110872,15.000637671,0.34193026406577215,17.09651320328861,0.0,0.0,0.29333786539768864,0.003569000679809653,15.002262743,0.12051362057657572,6.025681028828786,0.0,0.0,0.0535264483627204,0.0013853904282115869,,,,,,,,,,,,,,,,,,,,,,
F0018,main01,0,publication,redis,8.10.2,always,redis-current,1,0,2,15,65536,compressible,inherited,False,,250,0.1,True,2026092419,False,complete,,complete,8929.0,8929.0,0.0,595.2347182368115,1.619163,3.223295,8929.0,1.6758512837943764,11.615699,8840.0,89.0,15.000805105,15.001378562,0.057974405245863704,2.8987202622931854,0.0,0.0,0.13635597505477837,0.004213719871902916,15.003116353,0.16739488922898446,8.369744461449223,0.0,0.0,0.09971857016843785,0.037762002772293864,,,,,,,,,,,,,,,,,,,,,,
F0019,main01,0,publication,redis,7.4.2,always,redis-old,1,0,2,15,65536,compressible,inherited,False,,250,0.1,True,2026092420,False,complete,,complete,8921.0,8921.0,0.0,594.6891191091842,1.614649,2.959323,8921.0,1.6772444780854168,180.81494,8832.0,89.0,15.001115227,15.001791676,0.06000883224103239,3.0004416120516195,0.0,0.0,0.10667340748230536,0.003707448601280755,15.003671646,0.16395240165468492,8.197620082734245,0.0,0.0,0.07386601827785697,0.03898717196277354,,,,,,,,,,,,,,,,,,,,,,
F0020,main01,0,publication,nats,2.15.0,periodic,nats-current,1,0,2,15,65536,compressible,inherited,False,,250,0.1,True,2026092421,False,complete,,complete,63665.0,63665.0,0.0,4244.26606539456,0.228322,0.342518,63665.0,0.23233278696301052,34.086732,63029.0,636.0,15.000237737,15.000824229,0.44660085990798926,22.330042995399463,0.0,0.0,0.2838631651693158,0.0032826537664132687,15.003170431,0.22846124529237513,11.423062264618757,0.0,0.0,0.06728995472077813,0.0018447090390742915,,,,,,,,,,,,,,,,,,,,,,
F0021,main01,0,publication,redis,7.4.2,memory,redis-old,1,0,2,15,65536,compressible,inherited,False,,250,0.1,True,2026092422,False,complete,,complete,86617.0,86617.0,0.0,5774.4553930049215,0.168917,0.25155,86617.0,0.17037724152302727,6.738204,85751.0,866.0,15.000029285,15.000601826,0.36246632388947725,18.123316194473862,0.0,0.0,0.25933503836317134,0.003239556692242114,15.001922087,0.07995548790640776,3.997774395320388,0.0,0.0,0.06992216921918153,0.08661812703991965,,,,,,,,,,,,,,,,,,,,,,
F0022,main01,0,publication,nats,2.15.0,periodic,nats-current,16,0,2,15,65536,compressible,inherited,False,,250,0.1,True,2026092423,False,complete,,complete,738387.0,738387.0,0.0,49225.04592480315,0.283807,0.827384,738387.0,0.323459404511443,42.498003,731004.0,7383.0,15.000229784,15.000736674,1.0668492719919602,53.34246359959801,0.0,0.0,0.6031930816564111,0.002161982371528355,15.001933726,1.2285900162361507,61.429500811807536,0.0,0.0,0.18350730688935282,0.004091858037578288,,,,,,,,,,,,,,,,,,,,,,
F0023,main01,0,publication,redis,8.10.2,memory,redis-current,1,0,2,15,65536,compressible,inherited,False,,250,0.1,True,2026092424,False,complete,,complete,74269.0,74269.0,0.0,4951.23268965754,0.200999,0.273283,74269.0,0.19903551473696982,6.296384,73527.0,742.0,15.000102935,15.000811489,0.30900321648592377,15.450160824296189,0.0,0.0,0.2440891308045586,0.0034019391052900155,15.00242681,0.07052125722051765,3.5260628610258826,0.0,0.0,0.06199021207177814,0.004768477851675242,,,,,,,,,,,,,,,,,,,,,,
F0024,main01,0,publication,redis,8.10.2,memory,redis-current,16,0,2,15,65536,compressible,inherited,False,,250,0.1,True,2026092425,False,complete,,complete,1101455.0,1101455.0,0.0,73429.4761714768,0.205795,0.466316,1101455.0,0.21660043383706912,9.754983,1090441.0,11014.0,15.000175099,15.000792177,1.1040231612162812,55.20115806081406,0.0,0.0,0.611379943267145,0.0030035040881027865,15.001902351,0.5296352965176023,26.481764825880116,0.0,0.0,0.16121338912133892,0.015774058577405856,,,,,,,,,,,,,,,,,,,,,,
F0025,main01,1,publication,nats,2.15.0,periodic,nats-current,1,0,2,15,65536,compressible,inherited,False,,250,0.1,True,2026092426,False,complete,,complete,63120.0,63120.0,0.0,4207.998898345889,0.228883,0.335741,63120.0,0.23426755110899924,27.655794,62489.0,631.0,15.000003927,15.000708533,0.4521688415636121,22.608442078180605,0.0,0.0,0.2730722787648784,0.004312575470070726,15.002692239,0.22728560618845872,11.364280309422936,0.0,0.0,0.07513747219074005,0.0013852159677622466,,,,,,,,,,,,,,,,,,,,,,
F0026,main01,1,publication,redis,7.4.2,memory,redis-old,16,0,2,15,65536,compressible,inherited,False,,250,0.1,True,2026092427,False,complete,,complete,1092058.0,1092058.0,0.0,72802.96410890648,0.206293,0.497687,1092058.0,0.21847973961182335,8.812714,1081138.0,10920.0,15.000185959,15.000820311,1.1059871831031893,55.299359155159465,0.0,0.0,0.6157824491157825,0.0028361695028361693,15.002053803,0.5224040056723959,26.120200283619795,0.0,0.0,0.14091936699321778,0.011680482290881688,,,,,,,,,,,,,,,,,,,,,,
F0027,main01,1,publication,redis,8.10.2,always,redis-current,1,0,2,15,65536,compressible,inherited,False,,250,0.1,True,2026092428,False,failed,read tcp 10.42.134.11:42652->10.43.51.219:6379: i/o timeout,measurement,532.0,531.0,1.0,,,,,,,,,,,,,,,,,,,,,,,,12.355909233,532.0,True,,,,,,,,,,,,,,,,,,,
F0028,main01,1,publication,nats,2.15.0,memory,nats-current,16,0,2,15,65536,compressible,inherited,False,,250,0.1,True,2026092429,False,complete,,complete,918179.0,918179.0,0.0,61211.30417498375,0.240045,0.635707,918179.0,0.2599822739988632,10.959448,908998.0,9181.0,15.000154177,15.000678718,1.17303165615336,58.651582807668,0.0,0.0,0.6040279627163782,0.0039946737683089215,15.0018594,1.1922562079204662,59.612810396023306,0.0,0.0,0.19720011666180576,0.0012082829882088246,,,,,,,,,,,,,,,,,,,,,,
F0029,main01,1,publication,nats,2.10.24,always,nats-old,16,0,2,15,65536,compressible,inherited,False,,250,0.1,True,2026092430,False,complete,,complete,3941.0,3941.0,0.0,262.4089490585405,23.738804,224.873816,3941.0,60.96249266785083,3275.199998,3902.0,39.0,15.018542676,15.019080705,0.023761174669045763,1.188058733452288,0.0,0.0,0.0929136509005218,0.00437636761487965,15.021166917,0.07618036643377778,3.809018321688889,0.0,0.0,0.06603931409452111,0.07319113341698034,,,,,,,,,,,,,,,,,,,,,,
F0030,main01,1,publication,redis,7.4.2,periodic,redis-old,1,0,2,15,65536,compressible,inherited,False,,250,0.1,True,2026092431,False,complete,,complete,83646.0,83646.0,0.0,5576.335985893416,0.176293,0.260006,83646.0,0.17657240365349258,11.076937,82810.0,836.0,15.000172194,15.000748724,0.34736719452297654,17.368359726148828,0.0,0.0,0.26186830015313933,0.00272247745448358,15.002395018,0.11506876054981637,5.753438027490819,0.0,0.0,0.0638395654898684,0.0014205138917902653,,,,,,,,,,,,,,,,,,,,,,
F0031,main01,1,publication,nats,2.10.24,periodic,nats-old,1,0,2,15,65536,compressible,inherited,False,,250,0.1,True,2026092432,False,complete,,complete,58828.0,58828.0,0.0,3921.8125354569647,0.232269,0.34483,58828.0,0.2516834615829197,853.381413,58240.0,588.0,15.000207039,15.000815623,0.4149057062242115,20.745285311210576,0.0,0.0,0.2620440467997247,0.0027529249827942187,15.002560607,0.20362064050417206,10.181032025208603,0.0,0.0,0.07636180651654297,0.006919109321927287,,,,,,,,,,,,,,,,,,,,,,
F0032,main01,1,publication,redis,7.4.2,periodic,redis-old,16,0,2,15,65536,compressible,inherited,False,,250,0.1,True,2026092433,False,complete,,complete,909492.0,909492.0,0.0,60631.85074774469,0.252712,0.550285,909492.0,0.26260837784609725,10.134145,900398.0,9094.0,15.00023484,15.000917339,1.013949257653462,50.69746288267311,0.0,0.0,0.5688012038120716,0.0021735495736498914,15.002069069,0.6252615527136259,31.263077635681295,0.0,0.0,0.14514037069578678,0.0031379440190786997,,,,,,,,,,,,,,,,,,,,,,
F0033,main01,1,publication,redis,8.10.2,periodic,redis-current,16,0,2,15,65536,compressible,inherited,False,,250,0.1,True,2026092434,False,complete,,complete,923491.0,923491.0,0.0,61565.24730710331,0.246968,0.548735,923491.0,0.2586082666176527,7.969529,914257.0,9234.0,15.000199632,15.000818364,1.0163448839956901,50.817244199784504,0.0,0.0,0.5819275096041423,0.003674628361449808,15.001944688,0.6271864878642193,31.35932439321096,0.0,0.0,0.15631933687779964,0.002218780089588479,,,,,,,,,,,,,,,,,,,,,,
F0034,main01,1,publication,redis,8.10.2,always,redis-current,16,0,2,15,65536,compressible,inherited,False,,250,0.1,True,2026092435,False,complete,,complete,77497.0,77497.0,0.0,5165.5792070727575,3.043758,5.198109,77497.0,3.093832872640259,10.962076,76723.0,774.0,15.002577038,15.003179503,0.27539662504029966,13.769831252014983,0.0,0.0,0.2540997184031804,0.002981613384131191,15.004963368,0.21523784635740006,10.761892317870004,0.0,0.0,0.07021508075989623,0.04192819482801908,,,,,,,,,,,,,,,,,,,,,,
F0035,main01,1,publication,nats,2.15.0,always,nats-current,16,0,2,15,65536,compressible,inherited,False,,250,0.1,True,2026092436,False,complete,,complete,10169.0,10169.0,0.0,677.451656624419,22.904789,47.595072,10169.0,23.608725627986978,189.93013,10068.0,101.0,15.01066519,15.011306231,0.05775433441026042,2.887716720513021,0.0,0.0,0.12821374558897664,0.003528818685935137,15.012637116,0.19838952856762035,9.919476428381017,0.0,0.0,0.11481931242410284,0.043549265106151334,,,,,,,,,,,,,,,,,,,,,,
F0036,main01,1,publication,nats,2.15.0,periodic,nats-current,16,0,2,15,65536,compressible,inherited,False,,250,0.1,True,2026092437,False,complete,,complete,768069.0,768069.0,0.0,51203.90493088572,0.281978,0.766498,768069.0,0.31097054364125937,19.205191,760389.0,7680.0,15.000203618,15.000761551,1.109109557100512,55.455477855025606,0.0,0.0,0.5797872340425532,0.0026595744680851063,15.001909155,1.2614799759464348,63.07399879732174,0.0,0.0,0.18669277560203315,0.0016665277893508875,,,,,,,,,,,,,,,,,,,,,,
F0037,main01,1,publication,redis,7.4.2,memory,redis-old,1,0,2,15,65536,compressible,inherited,False,,250,0.1,True,2026092438,False,complete,,complete,89404.0,89404.0,0.0,5960.266731434898,0.164819,0.24959,89404.0,0.16516426312021829,4.718922,88510.0,894.0,14.999999837,15.000589244,0.34704510038379127,17.352255019189563,0.0,0.0,0.30261815708942535,0.002890173410404624,15.002217385,0.07566028213501988,3.783014106750994,0.0,0.0,0.06774920687927868,0.19084989146769077,,,,,,,,,,,,,,,,,,,,,,
F0038,main01,1,publication,redis,8.10.2,periodic,redis-current,1,0,2,15,65536,compressible,inherited,False,,250,0.1,True,2026092439,False,complete,,complete,72271.0,72271.0,0.0,4818.066448890063,0.202441,0.283023,72271.0,0.2045391870044696,31.10679,71549.0,722.0,15.000000678,15.000595716,0.31647656465645396,15.823828232822699,0.0,0.0,0.23864602823609457,0.0030617451947610136,15.001772615,0.1073514471476343,5.3675723573817145,0.0,0.0,0.08489659494464173,0.0457489032797159,,,,,,,,,,,,,,,,,,,,,,
F0039,main01,1,publication,nats,2.10.24,memory,nats-old,16,0,2,15,65536,compressible,inherited,False,,250,0.1,True,2026092440,False,complete,,complete,894054.0,894054.0,0.0,59602.89884739207,0.242508,0.707033,894054.0,0.26700949445446714,17.546067,885114.0,8940.0,15.000176456,15.000767611,1.171900962395357,58.595048119767846,0.0,0.0,0.607464178607131,0.002165944685104965,15.002046197,1.1665543999924266,58.32771999962133,0.0,0.0,0.19943458196482766,0.022242547707146718,,,,,,,,,,,,,,,,,,,,,,
F0040,main01,1,publication,redis,7.4.2,always,redis-old,16,0,2,15,65536,compressible,inherited,False,,250,0.1,True,2026092441,False,complete,,complete,37311.0,37311.0,0.0,2487.1006638389567,3.132275,32.554243,37311.0,6.4290959663906415,511.268694,36938.0,373.0,15.001805332,15.002415421,0.1433764457014765,7.1688222850738255,0.0,0.0,0.16895053475935828,0.0030080213903743314,15.00409273,0.10928264904158586,5.464132452079292,0.0,0.0,0.055922980326496445,0.05052323147760569,,,,,,,,,,,,,,,,,,,,,,
F0041,main01,1,publication,nats,2.10.24,memory,nats-old,1,0,2,15,65536,compressible,inherited,False,,250,0.1,True,2026092442,False,complete,,complete,69356.0,69356.0,0.0,4623.699538405161,0.213523,0.320038,69356.0,0.2130945272074497,6.849411,68663.0,693.0,15.000109636,15.000646426,0.4737915152563973,23.689575762819864,0.0,0.0,0.30058803182289867,0.002421307506053269,15.002119245,0.18343341730983556,9.171670865491778,0.0,0.0,0.0715096958734699,0.0008412905396878813,,,,,,,,,,,,,,,,,,,,,,
F0042,main01,1,publication,redis,8.10.2,memory,redis-current,16,0,2,15,65536,compressible,inherited,False,,250,0.1,True,2026092443,False,complete,,complete,1084779.0,1084779.0,0.0,72317.97447362679,0.204473,0.496255,1084779.0,0.21995051065424584,12.754161,1073932.0,10847.0,15.000129745,15.000571539,1.0854013100547102,54.27006550273551,0.0,0.0,0.6324486730095142,0.00200300450676014,15.001671968,0.523357730841432,26.1678865420716,0.0,0.0,0.13907978545088837,0.005028494803888703,,,,,,,,,,,,,,,,,,,,,,
F0043,main01,1,publication,nats,2.15.0,always,nats-current,1,0,2,15,65536,compressible,inherited,False,,250,0.1,True,2026092444,False,complete,,complete,4135.0,4135.0,0.0,275.6521451278932,1.793913,17.610761,4135.0,3.62248456396615,556.450339,4094.0,41.0,15.00079021,15.002598898,0.048011814812700455,2.400590740635023,0.0,0.0,0.15273095077545515,0.0037086985839514496,15.005268463,0.1042299245665952,5.21149622832976,0.0,0.0,0.05870759424665577,0.04818216127814819,,,,,,,,,,,,,,,,,,,,,,
F0044,main01,1,publication,nats,2.15.0,memory,nats-current,1,0,2,15,65536,compressible,inherited,False,,250,0.1,True,2026092445,False,complete,,complete,68030.0,68030.0,0.0,4535.311384845063,0.21538,0.337506,68030.0,0.2173779019550211,5.773572,67350.0,680.0,15.000072592,15.000615355,0.46529657849492934,23.264828924746467,0.0,0.0,0.3062736987245777,0.0029300241296104793,15.002192623,0.20009088507488632,10.004544253744315,0.0,0.0,0.10180347210517444,0.0008427439743805831,,,,,,,,,,,,,,,,,,,,,,
F0045,main01,1,publication,redis,7.4.2,always,redis-old,1,0,2,15,65536,compressible,inherited,False,,250,0.1,True,2026092446,False,complete,,complete,9143.0,9143.0,0.0,609.5034698168912,1.594299,2.239481,9143.0,1.636494641911847,117.000282,9052.0,91.0,15.000734947,15.001314816,0.06338324417976136,3.169162208988068,0.0,0.0,0.10551154559244902,0.0028653295128939827,15.003036299,0.16885928618121515,8.442964309060757,0.0,0.0,0.06404395420039424,0.03841798431405444,,,,,,,,,,,,,,,,,,,,,,
F0046,main01,1,publication,nats,2.10.24,always,nats-old,1,0,2,15,65536,compressible,inherited,False,,250,0.1,True,2026092447,False,complete,,complete,8602.0,8602.0,0.0,573.4292921127801,1.667598,3.228893,8602.0,1.7393557993489923,134.734105,8516.0,86.0,15.000977659,15.00177294,0.08600410132590634,4.300205066295317,0.0,0.0,0.12842176410949646,0.0027036160865157146,15.003673302,0.211562791065097,10.57813955325485,0.0,0.0,0.07139551516681392,0.037065084774285835,,,,,,,,,,,,,,,,,,,,,,
F0047,main01,1,publication,redis,8.10.2,memory,redis-current,1,0,2,15,65536,compressible,inherited,False,,250,0.1,True,2026092448,False,complete,,complete,86146.0,86146.0,0.0,5743.038329366942,0.169354,0.249149,86146.0,0.17117868819213908,7.396817,85285.0,861.0,15.000074013,15.000579979,0.37057373833425433,18.528686916712715,0.0,0.0,0.254855195911414,0.002385008517887564,15.002074258,0.07869071834319671,3.9345359171598355,0.0,0.0,0.06138514362281216,0.0005862155598358596,,,,,,,,,,,,,,,,,,,,,,
F0048,main01,1,publication,nats,2.10.24,periodic,nats-old,16,0,2,15,65536,compressible,inherited,False,,250,0.1,True,2026092449,False,complete,,complete,733595.0,733595.0,0.0,48905.57016517128,0.283599,0.916733,733595.0,0.3256066793912116,29.67852,726260.0,7335.0,15.000234074,15.000527388,1.0652047482532152,53.26023741266076,0.0,0.0,0.6033538103934916,0.0018263323924954341,15.001593085,1.22461580552863,61.2307902764315,0.0,0.0,0.1922916144135106,0.009405568096313018,,,,,,,,,,,,,,,,,,,,,,
F0049,main01,2,publication,redis,7.4.2,always,redis-old,1,0,2,15,65536,compressible,inherited,False,,250,0.1,True,2026092450,False,complete,,complete,886.0,886.0,0.0,59.021195592570955,10.781664,36.648335,886.0,16.93633916027088,4182.712149,878.0,8.0,15.011556291,15.012109223,0.009718621003401156,0.48593105017005783,0.0,0.0,0.0919656392117231,0.0033687047330301497,15.01391937,0.02127086153387275,1.0635430766936376,0.0,0.0,0.051054940463756006,0.09663672446208481,,,,,,,,,,,,,,,,,,,,,,
F0050,main01,2,publication,redis,7.4.2,periodic,redis-old,1,0,2,15,65536,compressible,inherited,False,,250,0.1,True,2026092451,False,complete,,complete,82805.0,82805.0,0.0,5520.292108159889,0.177166,0.266265,82805.0,0.17831953156210342,7.895138,81977.0,828.0,15.000112019,15.000712068,0.3521576159887132,17.60788079943566,0.0,0.0,0.26021102791014294,0.0025527569775357388,15.002468023,0.11682511152918455,5.841255576459227,0.0,0.0,0.08196106224204777,0.0022512194105140286,,,,,,,,,,,,,,,,,,,,,,
F0051,main01,2,publication,nats,2.15.0,periodic,nats-current,16,0,2,15,65536,compressible,inherited,False,,250,0.1,True,2026092452,False,complete,,complete,747788.0,747788.0,0.0,49851.71011542696,0.286793,0.782521,747788.0,0.3194166160676576,25.311337,740311.0,7477.0,15.0002477,15.000796172,1.1027710669702713,55.13855334851356,0.0,0.0,0.5735171955474331,0.001993686658913441,15.002013872,1.2430652417143693,62.15326208571847,0.0,0.0,0.19215031315240083,0.008684759916492693,,,,,,,,,,,,,,,,,,,,,,
F0052,main01,2,publication,redis,7.4.2,periodic,redis-old,16,0,2,15,65536,compressible,inherited,False,,250,0.1,True,2026092453,False,complete,,complete,924144.0,924144.0,0.0,61608.714391159614,0.248076,0.5354,924144.0,0.2584280385502696,6.391305,914903.0,9241.0,15.000215621,15.000717342,1.0205574607513326,51.02787303756663,0.0,0.0,0.5785165385900435,0.0023387905111927833,15.001782996,0.6220427266870991,31.102136334354956,0.0,0.0,0.1393353423740164,0.0038088062949941403,,,,,,,,,,,,,,,,,,,,,,
F0053,main01,2,publication,redis,7.4.2,memory,redis-old,1,0,2,15,65536,compressible,inherited,False,,250,0.1,True,2026092454,False,complete,,complete,87793.0,87793.0,0.0,5852.8608762363065,0.166665,0.267481,87793.0,0.16824883603476545,7.791761,86916.0,877.0,15.00001484,15.00078955,0.34682147780681316,17.34107389034066,0.0,0.0,0.27422645358721526,0.0035702142128527714,15.002692216,0.07356886244876092,3.6784431224380456,0.0,0.0,0.10072242869670522,0.0008769365682548962,,,,,,,,,,,,,,,,,,,,,,
F0054,main01,2,publication,nats,2.15.0,always,nats-current,1,0,2,15,65536,compressible,inherited,False,,250,0.1,True,2026092455,False,failed,nats: timeout,measurement,751.0,750.0,1.0,,,,,,,,,,,,,,,,,,,,,,,,13.391196653,751.0,True,,,,,,,,,,,,,,,,,,,
F0055,main01,2,publication,nats,2.15.0,periodic,nats-current,1,0,2,15,65536,compressible,inherited,False,,250,0.1,True,2026092456,False,complete,,complete,62006.0,62006.0,0.0,4133.687569278254,0.232714,0.341731,62006.0,0.23868492589426912,24.761641,61386.0,620.0,15.000166065,15.000678247,0.43875982749755194,21.937991374877598,0.0,0.0,0.27151975159565295,0.0056925996204933585,15.00224928,0.22317046847524455,11.158523423762228,0.0,0.0,0.07138078113239107,0.002007192439575144,,,,,,,,,,,,,,,,,,,,,,
F0056,main01,2,publication,redis,8.10.2,memory,redis-current,1,0,2,15,65536,compressible,inherited,False,,250,0.1,True,2026092457,False,complete,,complete,87818.0,87818.0,0.0,5854.522450556701,0.167719,0.25027,87818.0,0.16808263916281266,6.525504,86940.0,878.0,15.000027883,15.000593697,0.3612214362611304,18.06107181305652,0.0,0.0,0.2694406548431105,0.002899045020463847,15.00201715,0.07857843303425367,3.9289216517126837,0.0,0.0,0.06939509217842063,0.008026420300154677,,,,,,,,,,,,,,,,,,,,,,
F0057,main01,2,publication,redis,8.10.2,periodic,redis-current,1,0,2,15,65536,compressible,inherited,False,,250,0.1,True,2026092458,False,complete,,complete,81736.0,81736.0,0.0,5449.034860650185,0.178479,0.261262,81736.0,0.1806024635411551,8.860309,80919.0,817.0,15.000087555,15.000606378,0.3539683574250241,17.698417871251205,0.0,0.0,0.25310849940384944,0.0028955884857775507,15.001847259,0.11658437589749093,5.829218794874547,0.0,0.0,0.07921205291932724,0.0023371311714869996,,,,,,,,,,,,,,,,,,,,,,
F0058,main01,2,publication,nats,2.10.24,memory,nats-old,1,0,2,15,65536,compressible,inherited,False,,250,0.1,True,2026092459,False,complete,,complete,69244.0,69244.0,0.0,4616.250859084975,0.213891,0.318667,69244.0,0.21345199276471674,6.413791,68552.0,692.0,15.000051365,15.000588119,0.4756520173340812,23.78260086670406,0.0,0.0,0.3039571453257301,0.002764817694833247,15.001780243,0.18532660490726,9.266330245363,0.0,0.0,0.07157815379460546,0.008502261685374435,,,,,,,,,,,,,,,,,,,,,,
F0059,main01,2,publication,nats,2.15.0,always,nats-current,16,0,2,15,65536,compressible,inherited,False,,250,0.1,True,2026092460,False,complete,,complete,10236.0,10236.0,0.0,681.5332538597335,23.393236,43.565618,10236.0,23.470749441969556,91.87494,10134.0,102.0,15.019076387,15.019610891,0.05955653621732696,2.977826810866348,0.0,0.0,0.11406013774567444,0.00352763312615488,15.021404297,0.196670893186066,9.8335446593033,0.0,0.0,0.07443785003761598,0.05245339797709605,,,,,,,,,,,,,,,,,,,,,,
F0060,main01,2,publication,nats,2.15.0,memory,nats-current,1,0,2,15,65536,compressible,inherited,False,,250,0.1,True,2026092461,False,complete,,complete,68841.0,68841.0,0.0,4589.352732114514,0.215451,0.316254,68841.0,0.21477778393689786,5.240193,68153.0,688.0,15.000154492,15.000754263,0.47036981449684057,23.518490724842028,0.0,0.0,0.2958600381084358,0.003117962930885155,15.002591406,0.19578071017953044,9.789035508976522,0.0,0.0,0.0847010550996483,0.0009211187405794674,,,,,,,,,,,,,,,,,,,,,,
F0061,main01,2,publication,nats,2.10.24,periodic,nats-old,1,0,2,15,65536,compressible,inherited,False,,250,0.1,True,2026092462,False,complete,,complete,62923.0,62923.0,0.0,4194.851454177697,0.228685,0.344069,62923.0,0.23513950382213195,37.316283,62294.0,629.0,15.000054397,15.000682325,0.4471065285358611,22.355326426793056,0.0,0.0,0.2796257796257796,0.002772002772002772,15.002442976,0.2161681270969025,10.808406354845125,0.0,0.0,0.08168907879854216,0.0038959406811612416,,,,,,,,,,,,,,,,,,,,,,
F0062,main01,2,publication,redis,8.10.2,always,redis-current,16,0,2,15,65536,compressible,inherited,False,,250,0.1,True,2026092463,False,complete,,complete,73322.0,73322.0,0.0,4887.379862922783,3.058035,6.635377,73322.0,3.270105494981093,12.008567,72589.0,733.0,15.002312498,15.002976533,0.2694316685164944,13.47158342582472,0.0,0.0,0.23490378234903783,0.0029860650298606504,15.004546312,0.19576100062758098,9.788050031379049,0.0,0.0,0.0791743426561715,0.04287389047060794,,,,,,,,,,,,,,,,,,,,,,
F0063,main01,2,publication,nats,2.10.24,always,nats-old,16,0,2,15,65536,compressible,inherited,False,,250,0.1,True,2026092464,False,complete,,complete,10373.0,10373.0,0.0,691.2353465219304,22.61447,43.192001,10373.0,23.13803354082716,181.11762,10270.0,103.0,15.006466397,15.00695726,0.057265839111212344,2.863291955560617,0.0,0.0,0.17382516422435573,0.003705575206333165,15.008658644,0.20069814841209602,10.034907420604801,0.0,0.0,0.11397768269150096,0.043376122157899155,,,,,,,,,,,,,,,,,,,,,,
F0064,main01,2,publication,nats,2.10.24,periodic,nats-old,16,0,2,15,65536,compressible,inherited,False,,250,0.1,True,2026092465,False,complete,,complete,741568.0,741568.0,0.0,49437.143266132494,0.284347,0.866691,741568.0,0.3221006589456352,79.620629,734153.0,7415.0,15.000219491,15.000770795,1.093164092972197,54.65820464860985,0.0,0.0,0.5686241889868574,0.0026617867243387125,15.001993576,1.2348052214630543,61.740261073152716,0.0,0.0,0.19590984974958264,0.00325542570951586,,,,,,,,,,,,,,,,,,,,,,
F0065,main01,2,publication,nats,2.15.0,memory,nats-current,16,0,2,15,65536,compressible,inherited,False,,250,0.1,True,2026092466,False,complete,,complete,906793.0,906793.0,0.0,60451.96621850932,0.242599,0.638273,906793.0,0.2632765367807196,10.689021,897726.0,9067.0,15.000223429,15.000543545,1.1820746992805053,59.103734964025264,0.0,0.0,0.6025278563113254,0.002827207716614003,15.001488409,1.1835140964644797,59.17570482322398,0.0,0.0,0.18991295656157595,0.07279996668193744,,,,,,,,,,,,,,,,,,,,,,
F0066,main01,2,publication,nats,2.10.24,always,nats-old,1,0,2,15,65536,compressible,inherited,False,,250,0.1,True,2026092467,False,complete,,complete,1510.0,1510.0,0.0,100.64964853556329,7.236387,35.4327,1510.0,9.927622854304643,929.60225,1495.0,15.0,15.002536243,15.003142438,0.022965655456773183,1.148282772838659,0.0,0.0,0.09859868309978051,0.0033766672294445383,15.004983368,0.039870554023795704,1.9935277011897852,0.0,0.0,0.04829640819066801,0.06021315877811346,,,,,,,,,,,,,,,,,,,,,,
F0067,main01,2,publication,nats,2.10.24,memory,nats-old,16,0,2,15,65536,compressible,inherited,False,,250,0.1,True,2026092468,False,complete,,complete,909818.0,909818.0,0.0,60653.80030385155,0.239717,0.695607,909818.0,0.2623865281616833,10.385132,900720.0,9098.0,15.000181282,15.000723377,1.171759558405728,58.587977920286406,0.0,0.0,0.6003661784287616,0.002330226364846871,15.001821184,1.1750923960353212,58.75461980176606,0.0,0.0,0.1986069983734412,0.0008341327105142428,,,,,,,,,,,,,,,,,,,,,,
F0068,main01,2,publication,redis,7.4.2,always,redis-old,16,0,2,15,65536,compressible,inherited,False,,250,0.1,True,2026092469,False,failed,read tcp 10.42.134.11:40266->10.43.128.226:6379: i/o timeout,warmup,,,,,,,,,,,,,,,,,,,,,,,,,,,,,True,,,,,,,,,,,,,,,,,,,
F0069,main01,2,publication,redis,8.10.2,memory,redis-current,16,0,2,15,65536,compressible,inherited,False,,250,0.1,True,2026092470,False,complete,,complete,1089804.0,1089804.0,0.0,72652.3537554281,0.206541,0.487437,1089804.0,0.21894170270525376,7.770102,1078906.0,10898.0,15.000257303,15.000856713,1.1054813946478632,55.27406973239316,0.0,0.0,0.6176814011676397,0.0025020850708924102,15.001956473,0.5255919795655309,26.279598978276546,0.0,0.0,0.15965294660072094,0.002263391734428703,,,,,,,,,,,,,,,,,,,,,,
F0070,main01,2,publication,redis,8.10.2,periodic,redis-current,16,0,2,15,65536,compressible,inherited,False,,250,0.1,True,2026092471,False,complete,,complete,916480.0,916480.0,0.0,61097.78992152766,0.248464,0.54904,916480.0,0.26058365873340844,8.739036,907316.0,9164.0,15.000215248,15.000872549,1.0268899992105387,51.34449996052693,0.0,0.0,0.5830830830830831,0.0028361695028361693,15.001993555,0.632509937110155,31.625496855507752,0.0,0.0,0.15358547401891054,0.0027194377039578277,,,,,,,,,,,,,,,,,,,,,,
F0071,main01,2,publication,redis,8.10.2,always,redis-current,1,0,2,15,65536,compressible,inherited,False,,250,0.1,True,2026092472,False,complete,,complete,8675.0,8675.0,0.0,578.3298925018049,1.64334,3.469475,8675.0,1.7247706342363163,133.136834,8589.0,86.0,15.000089244,15.000693337,0.057434545233647424,2.8717272616823712,0.0,0.0,0.1290648694187026,0.004717775905644482,15.002535696,0.16258424905133448,8.129212452566724,0.0,0.0,0.08544396533679408,0.038305354376857705,,,,,,,,,,,,,,,,,,,,,,
F0072,main01,2,publication,redis,7.4.2,memory,redis-old,16,0,2,15,65536,compressible,inherited,False,,250,0.1,True,2026092473,False,complete,,complete,1063608.0,1063608.0,0.0,70906.39991109178,0.20757,0.52339,1063608.0,0.22435845996551332,32.349899,1052972.0,10636.0,15.000169256,15.0007468,1.0816240162123127,54.081200810615634,0.0,0.0,0.6324044718838645,0.002002336058735191,15.002509127,0.5167986191087488,25.83993095543744,0.0,0.0,0.14519700831487903,0.0013370659758492457,,,,,,,,,,,,,,,,,,,,,,
F0073,main01,0,drain,redis,8.10.2,periodic,redis-current,16,1,4,15,65536,compressible,inherited,False,,250,0.1,True,2026092474,False,complete,,complete,65536.0,65536.0,0.0,2467.2522414886093,0.40654,0.55488,65536.0,0.402687931457518,6.921188,64881.0,655.0,26.562342876,26.562579627,0.30922030598455325,7.730507649613831,0.0,0.0,0.2629053924390712,0.003070427940894262,26.563856279,0.11618256655152263,5.809128327576132,0.0,0.0,0.06435456435456435,0.004181629181629181,,,,0.9935327015089767,,,,,,,,,,,,,,,,,,
F0074,main01,0,drain,nats,2.15.0,memory,nats-current,16,16,2,15,65536,compressible,inherited,False,,250,0.1,True,2026092475,False,complete,,complete,65536.0,65536.0,0.0,29912.4986067691,0.494261,1.233516,65536.0,0.5336682601776107,3.210506,64881.0,655.0,2.190923629,2.191150167,1.1079423202307614,55.397116011538074,0.0,0.0,0.6177474402730375,0.0011376564277588168,2.192020858,1.302331129551688,65.1165564775844,0.0,0.0,0.19394458726078265,0.000856898029134533,,,,0.9977094430649823,,,,,,,,,,,,,,,,,,
F0075,main01,0,drain,nats,2.15.0,periodic,nats-current,16,16,2,15,65536,compressible,inherited,False,,250,0.1,True,2026092476,False,complete,,complete,65536.0,65536.0,0.0,28959.156523701033,0.506166,1.310316,65536.0,0.5512289017333993,13.178159,64881.0,655.0,2.263049338,2.263333583,1.1042207913017126,55.21103956508563,0.0,0.0,0.6094091903719913,0.002188183807439825,2.264246054,1.290583677881503,64.52918389407515,0.0,0.0,0.19435215946843853,0.0022148394241417496,,,,0.9976952528553312,,,,,,,,,,,,,,,,,,
F0076,main01,0,drain,nats,2.15.0,periodic,nats-current,16,1,2,15,65536,compressible,inherited,False,,250,0.1,True,2026092477,False,complete,,complete,65536.0,65536.0,0.0,2276.4252059463465,0.436445,0.63097,65536.0,0.43651112597656033,5.856426,64881.0,655.0,28.788997692,28.789258304,0.44316310150398514,22.158155075199257,0.0,0.0,0.2860352264557872,0.002875629043853343,28.790939867,0.2233270615583409,11.166353077917044,0.0,0.0,0.07598398494760103,0.006038462379941803,,,,0.993684929849068,,,,,,,,,,,,,,,,,,
F0077,main01,0,drain,redis,8.10.2,periodic,redis-current,16,1,2,15,65536,compressible,inherited,False,,250,0.1,True,2026092478,False,complete,,complete,65536.0,65536.0,0.0,2441.587283245616,0.407676,0.566251,65536.0,0.4067698492126458,5.830088,64881.0,655.0,26.841555266,26.841792938,0.3162305148395374,15.81152574197687,0.0,0.0,0.24465558194774348,0.0028503562945368173,26.843449377,0.11633083945894111,5.816541972947055,0.0,0.0,0.0655461792000748,0.00409079221113163,,,,0.9931640910453344,,,,,,,,,,,,,,,,,,
F0078,main01,0,drain,redis,8.10.2,memory,redis-current,16,1,2,15,65536,compressible,inherited,False,,250,0.1,True,2026092479,False,complete,,complete,65536.0,65536.0,0.0,2927.358466654781,0.340199,0.502245,65536.0,0.3390169161682122,3.504977,64881.0,655.0,22.38741881,22.387671368,0.3617387832294002,18.08693916147001,0.0,0.0,0.2644203312392918,0.002741290691033695,22.388827775,0.08517377591913697,4.258688795956848,0.0,0.0,0.06790781136096002,0.0029159423540626927,,,,0.9924240398842121,,,,,,,,,,,,,,,,,,
F0079,main01,0,drain,nats,2.15.0,memory,nats-current,16,16,4,15,65536,compressible,inherited,False,,250,0.1,True,2026092480,False,complete,,complete,65536.0,65536.0,0.0,32958.19134039515,0.459566,0.9477,65536.0,0.4842004291686991,4.842064,64881.0,655.0,1.98845863,1.989057867,1.4981062388568507,37.452655971421265,0.0,0.0,0.7601522842639594,0.0012690355329949238,1.990188661,1.3619005339112422,68.09502669556211,0.0,0.0,0.19064070351758794,0.0,,,,0.9973981494777189,,,,,,,,,,,,,,,,,,
F0080,main01,0,drain,redis,8.10.2,periodic,redis-current,16,16,4,15,65536,compressible,inherited,False,,250,0.1,True,2026092481,False,complete,,complete,65536.0,65536.0,0.0,28247.45965659244,0.550949,0.977545,65536.0,0.565084564010614,5.493504,64881.0,655.0,2.320067036,2.320695099,1.292089599056804,32.3022399764201,0.0,0.0,0.7,0.001098901098901099,2.321741208,0.6434812781252922,32.174063906264614,0.0,0.0,0.2086720867208672,0.0013550135501355014,,,,0.99763771402832,,,,,,,,,,,,,,,,,,
F0081,main01,0,drain,redis,8.10.2,memory,redis-current,16,1,4,15,65536,compressible,inherited,False,,250,0.1,True,2026092482,False,complete,,complete,65536.0,65536.0,0.0,2900.608912534527,0.342704,0.516703,65536.0,0.34212281045531867,4.64812,64881.0,655.0,22.593876657,22.594126909,0.3549642804212683,8.874107010531707,0.0,0.0,0.27045377390517145,0.003055335521104447,22.595564218,0.08355865699055853,4.177932849527926,0.0,0.0,0.08261002190732371,0.004741965003743656,,,,0.9923644731880683,,,,,,,,,,,,,,,,,,
F0082,main01,0,drain,nats,2.15.0,memory,nats-current,16,1,2,15,65536,compressible,inherited,False,,250,0.1,True,2026092483,False,complete,,complete,65536.0,65536.0,0.0,2278.2920273773593,0.436898,0.618989,65536.0,0.43614751834106513,12.981492,64881.0,655.0,28.765408127,28.765645454,0.4482684047754237,22.413420238771185,0.0,0.0,0.2831802629209436,0.0025211597334773997,28.76731493,0.21718551123742294,10.859275561871147,0.0,0.0,0.0775573587629317,0.007786356378906848,,,,0.9936714137968677,,,,,,,,,,,,,,,,,,
F0083,main01,0,drain,nats,2.15.0,periodic,nats-current,16,1,4,15,65536,compressible,inherited,False,,250,0.1,True,2026092484,False,complete,,complete,65536.0,65536.0,0.0,2265.0282336970345,0.439448,0.629783,65536.0,0.438786250793456,5.592059,64881.0,655.0,28.933855669,28.934095632,0.44864142861418743,11.216035715354685,0.0,0.0,0.28898631117473383,0.0025946139393397153,28.935765032,0.22190666094015443,11.095333047007722,0.0,0.0,0.08064340832518205,0.009825019019671775,,,,0.993863246605248,,,,,,,,,,,,,,,,,,
F0084,main01,0,drain,nats,2.15.0,memory,nats-current,16,1,4,15,65536,compressible,inherited,False,,250,0.1,True,2026092485,False,complete,,complete,65536.0,65536.0,0.0,2354.973521714383,0.434209,0.618622,65536.0,0.4220774632415758,6.020888,64881.0,655.0,27.828762997,27.828996837,0.4388256993785507,10.970642484463768,0.0,0.0,0.3009564490667657,0.0027857739808710186,27.830712528,0.22303219846617647,11.151609923308824,0.0,0.0,0.07745683030467408,0.0036841153602748394,,,,0.99398125004629,,,,,,,,,,,,,,,,,,
F0085,main01,0,drain,redis,8.10.2,memory,redis-current,16,16,4,15,65536,compressible,inherited,False,,250,0.1,True,2026092486,False,complete,,complete,65536.0,65536.0,0.0,35282.61896239225,0.432309,0.894866,65536.0,0.45219503797913124,4.162305,64881.0,655.0,1.857458486,1.857691175,1.3859973254165887,34.64993313541472,0.0,0.0,0.7908232118758435,0.001349527665317139,1.858610696,0.5599327509734723,27.996637548673615,0.0,0.0,0.12968591691995948,0.0010131712259371835,,,,0.9971640763563746,,,,,,,,,,,,,,,,,,
F0086,main01,0,drain,nats,2.15.0,periodic,nats-current,16,16,4,15,65536,compressible,inherited,False,,250,0.1,True,2026092487,False,complete,,complete,65536.0,65536.0,0.0,31831.52568191739,0.46961,1.043788,65536.0,0.5013731078186017,7.236595,64881.0,655.0,2.058839424,2.059074762,1.4733292136771865,36.833230341929664,0.0,0.0,0.7555555555555555,0.0012345679012345679,2.059973007,1.3424438041677698,67.12219020838849,0.0,0.0,0.1999395039322444,0.0012099213551119178,,,,0.9974669348594133,,,,,,,,,,,,,,,,,,
F0087,main01,0,drain,redis,8.10.2,periodic,redis-current,16,16,2,15,65536,compressible,inherited,False,,250,0.1,True,2026092488,False,complete,,complete,65536.0,65536.0,0.0,29101.161863754194,0.530743,0.998275,65536.0,0.5485958350067139,7.602121,64881.0,655.0,2.252006305,2.252245268,0.9864600590205348,49.32300295102674,0.0,0.0,0.5676274944567627,0.004434589800443459,2.253177484,0.6459122773658961,32.2956138682948,0.0,0.0,0.1496655518394649,0.004180602006688963,,,,0.9977985120194857,,,,,,,,,,,,,,,,,,
F0088,main01,0,drain,redis,8.10.2,memory,redis-current,16,16,2,15,65536,compressible,inherited,False,,250,0.1,True,2026092489,False,complete,,complete,65536.0,65536.0,0.0,35213.43112822156,0.4372,0.847777,65536.0,0.4532017514495916,1.757502,64881.0,655.0,1.861108046,1.861333506,1.077302908659938,53.8651454329969,0.0,0.0,0.6016150740242261,0.0026917900403768506,1.862265434,0.56823156392216,28.411578196108,0.0,0.0,0.1307277628032345,0.0010107816711590297,,,,0.997424291366209,,,,,,,,,,,,,,,,,,
F0089,main01,1,drain,redis,8.10.2,memory,redis-current,16,1,4,15,65536,compressible,inherited,False,,250,0.1,True,2026092490,False,complete,,complete,65536.0,65536.0,0.0,2956.626886841741,0.338916,0.503724,65536.0,0.33573421646118595,6.291775,64881.0,655.0,22.165799916,22.166040524,0.3503232339394238,8.758080848485594,0.0,0.0,0.2970639032815199,0.002763385146804836,22.16759863,0.08305689897814611,4.152844948907306,0.0,0.0,0.07099488859393974,0.003642935810906216,,,,0.9926408112218746,,,,,,,,,,,,,,,,,,
F0090,main01,1,drain,nats,2.15.0,periodic,nats-current,16,1,4,15,65536,compressible,inherited,False,,250,0.1,True,2026092491,False,complete,,complete,65536.0,65536.0,0.0,2260.932561203258,0.440253,0.642589,65536.0,0.4395770350952163,6.021987,64881.0,655.0,28.986269261,28.986507401,0.4475374290713086,11.188435726782716,0.0,0.0,0.288783880171184,0.0024072753209700426,28.988243953,0.22420716517143074,11.210358258571537,0.0,0.0,0.0833966441641885,0.0015845796522607394,,,,0.9938540318039586,,,,,,,,,,,,,,,,,,
F0091,main01,1,drain,redis,8.10.2,periodic,redis-current,16,1,2,15,65536,compressible,inherited,False,,250,0.1,True,2026092492,False,complete,,complete,65536.0,65536.0,0.0,2448.782856400726,0.407164,0.561428,65536.0,0.40558912133789077,4.334388,64881.0,655.0,26.762683277,26.762919344,0.3171813915697911,15.859069578489555,0.0,0.0,0.24230585993330156,0.0027632205812291566,26.76401804,0.1162903116919286,5.81451558459643,0.0,0.0,0.07077891791044776,0.0010261194029850746,,,,0.9931996870748604,,,,,,,,,,,,,,,,,,
F0092,main01,1,drain,redis,8.10.2,periodic,redis-current,16,1,4,15,65536,compressible,inherited,False,,250,0.1,True,2026092493,False,complete,,complete,65536.0,65536.0,0.0,2440.253109981313,0.409191,0.571344,65536.0,0.407036623916625,12.337002,64881.0,655.0,26.8562305,26.856476572,0.3136722338619364,7.841805846548409,0.0,0.0,0.24620493358633777,0.0029411764705882353,26.858173911,0.11738724346813244,5.869362173406622,0.0,0.0,0.07571418593280715,0.0011175525598938324,,,,0.9932723873888407,,,,,,,,,,,,,,,,,,
F0093,main01,1,drain,nats,2.15.0,periodic,nats-current,16,16,2,15,65536,compressible,inherited,False,,250,0.1,True,2026092494,False,complete,,complete,65536.0,65536.0,0.0,28606.713244113445,0.511529,1.327765,65536.0,0.5579091584014905,7.832536,64881.0,655.0,2.290930784,2.291270606,1.1191436721987957,55.95718360993979,0.0,0.0,0.6023835319609967,0.0032502708559046588,2.292284483,1.2919522083594717,64.59761041797358,0.0,0.0,0.19569364949577542,0.0005451076587626056,,,,0.9974967069160043,,,,,,,,,,,,,,,,,,
F0094,main01,1,drain,nats,2.15.0,periodic,nats-current,16,1,2,15,65536,compressible,inherited,False,,250,0.1,True,2026092495,False,complete,,complete,65536.0,65536.0,0.0,2287.16199216886,0.43649,0.633784,65536.0,0.4344734661865254,5.566785,64881.0,655.0,28.653851465,28.654096088,0.4398452828975521,21.992264144877606,0.0,0.0,0.30327128140249415,0.0026206397975781673,28.655619188,0.2239793863078608,11.19896931539304,0.0,0.0,0.07603625803044971,0.0007260406582768635,,,,0.9937111984676786,,,,,,,,,,,,,,,,,,
F0095,main01,1,drain,nats,2.15.0,memory,nats-current,16,1,4,15,65536,compressible,inherited,False,,250,0.1,True,2026092496,False,complete,,complete,65536.0,65536.0,0.0,2272.3215472116367,0.43901,0.627323,65536.0,0.4373405209960937,3.821912,64881.0,655.0,28.840988671,28.84125335,0.45194974163631485,11.298743540907871,0.0,0.0,0.2872254594352308,0.0024204392649036306,28.842727376,0.21730150267326093,10.865075133663046,0.0,0.0,0.07257747279164299,0.000961580488657721,,,,0.9937782893281869,,,,,,,,,,,,,,,,,,
F0096,main01,1,drain,nats,2.15.0,memory,nats-current,16,16,2,15,65536,compressible,inherited,False,,250,0.1,True,2026092497,False,complete,,complete,65536.0,65536.0,0.0,29390.034490283564,0.50064,1.249446,65536.0,0.5431031533355684,8.151712,64881.0,655.0,2.22987149,2.230145237,1.107869101531525,55.393455076576245,0.0,0.0,0.6024498886414253,0.0022271714922048997,2.231392295,1.2983741166857439,64.9187058342872,0.0,0.0,0.20962776378393508,0.0016792611251049538,,,,0.9976137755196377,,,,,,,,,,,,,,,,,,
F0097,main01,1,drain,redis,8.10.2,periodic,redis-current,16,16,2,15,65536,compressible,inherited,False,,250,0.1,True,2026092498,False,complete,,complete,65536.0,65536.0,0.0,28279.16321738561,0.541782,1.085243,65536.0,0.5645681256866438,7.419949,64881.0,655.0,2.317466026,2.317698392,0.9763595676688892,48.81797838344446,0.0,0.0,0.5627705627705628,0.003246753246753247,2.318653651,0.6495269353188964,32.47634676594482,0.0,0.0,0.14688346883468834,0.0005420054200542005,,,,0.9978446358516325,,,,,,,,,,,,,,,,,,
F0098,main01,1,drain,redis,8.10.2,memory,redis-current,16,1,2,15,65536,compressible,inherited,False,,250,0.1,True,2026092499,False,complete,,complete,65536.0,65536.0,0.0,2475.476181928456,0.404184,0.56503,65536.0,0.4011720818634043,7.513141,64881.0,655.0,26.474098389,26.474360354,0.30694769925847176,15.347384962923588,0.0,0.0,0.2739673390970221,0.00297790585975024,26.476000398,0.07955831577035015,3.9779157885175076,0.0,0.0,0.09611746902487468,0.0012531920930672468,,,,0.9930919335075076,,,,,,,,,,,,,,,,,,
F0099,main01,1,drain,nats,2.15.0,memory,nats-current,16,16,4,15,65536,compressible,inherited,False,,250,0.1,True,2026092500,False,complete,,complete,65536.0,65536.0,0.0,32455.45809286435,0.465429,0.988356,65536.0,0.49174272952270875,2.992984,64881.0,655.0,2.019259744,2.019580799,1.501876528783536,37.546913219588404,0.0,0.0,0.7503105590062111,0.0012422360248447205,2.020603436,1.3615645460082253,68.07822730041127,0.0,0.0,0.22016079158936303,0.0006184291898577613,,,,0.9974834719059303,,,,,,,,,,,,,,,,,,
F0100,main01,1,drain,redis,8.10.2,periodic,redis-current,16,16,4,15,65536,compressible,inherited,False,,250,0.1,True,2026092501,False,complete,,complete,65536.0,65536.0,0.0,28724.708835348054,0.550004,0.909322,65536.0,0.5556905253753565,3.336287,64881.0,655.0,2.28152008,2.281754088,1.3257699486150762,33.144248715376904,0.0,0.0,0.7050279329608938,0.0011173184357541898,2.282755164,0.6470615085201489,32.35307542600744,0.0,0.0,0.18196811434854315,0.0008246289169873557,,,,0.9976280339980615,,,,,,,,,,,,,,,,,,
F0101,main01,1,drain,redis,8.10.2,memory,redis-current,16,16,4,15,65536,compressible,inherited,False,,250,0.1,True,2026092502,False,complete,,complete,65536.0,65536.0,0.0,36253.92834030357,0.424357,0.732702,65536.0,0.44008337335204883,2.992394,64881.0,655.0,1.807693759,1.807943855,1.4477739409667676,36.19434852416919,0.0,0.0,0.7569444444444444,0.001388888888888889,1.808881472,0.5664511555127477,28.322557775637385,0.0,0.0,0.13310225303292894,0.0003466204506065858,,,,0.9971719425790195,,,,,,,,,,,,,,,,,,
F0102,main01,1,drain,nats,2.15.0,periodic,nats-current,16,16,4,15,65536,compressible,inherited,False,,250,0.1,True,2026092503,False,complete,,complete,65536.0,65536.0,0.0,31513.66399551146,0.472061,1.100106,65536.0,0.5064457877960175,6.977552,64881.0,655.0,2.07960585,2.079877356,1.4582730040549565,36.456825101373916,0.0,0.0,0.7539585870889159,0.001218026796589525,2.080832401,1.3550581962511454,67.75290981255728,0.0,0.0,0.2139855942376951,0.0006002400960384153,,,,0.997497649284118,,,,,,,,,,,,,,,,,,
F0103,main01,1,drain,redis,8.10.2,memory,redis-current,16,16,2,15,65536,compressible,inherited,False,,250,0.1,True,2026092504,False,complete,,complete,65536.0,65536.0,0.0,34270.600224295056,0.441604,0.952664,65536.0,0.46570135943603275,3.588798,64881.0,655.0,1.912309664,1.912537966,1.0723117848945227,53.61558924472614,0.0,0.0,0.6212319790301442,0.003931847968545216,1.913529811,0.5608284719845422,28.041423599227112,0.0,0.0,0.13551554828150572,0.0006546644844517185,,,,0.9974915695714436,,,,,,,,,,,,,,,,,,
F0104,main01,1,drain,nats,2.15.0,memory,nats-current,16,1,2,15,65536,compressible,inherited,False,,250,0.1,True,2026092505,False,complete,,complete,65536.0,65536.0,0.0,2289.3345836286935,0.435374,0.616041,65536.0,0.43404454360961076,5.816007,64881.0,655.0,28.626658798,28.626904825,0.4464936421920703,22.324682109603515,0.0,0.0,0.2835495871518011,0.002812811904545867,28.628448178,0.2185089447079146,10.92544723539573,0.0,0.0,0.08399174787112633,0.0007681502940918268,,,,0.9936731845208336,,,,,,,,,,,,,,,,,,
F0105,main01,0,recovery,redis,8.10.2,periodic,redis-current,16,0,2,15,65536,compressible,inherited,False,claim,250,0.1,False,2026092506,False,complete,,complete,,,,,,,,,,,,,,,,,,,,,,,,,,,,,,,False,25.360447,0.302263838,77.61955699999999,302.25911,False,False,,,,,,,,,,,
F0106,main01,0,recovery,redis,8.10.2,periodic,redis-current,16,0,2,15,65536,compressible,inherited,False,autoclaim,250,0.1,True,2026092507,False,complete,,complete,,,,,,,,,,,,,,,,,,,,,,,,,,,,,,,False,25.302272,0.228222714,3.5220779999999934,228.219806,False,False,,,,,,,,,,,
F0107,main01,0,recovery,nats,2.15.0,periodic,nats-current,16,0,2,15,65536,compressible,inherited,False,jetstream,250,0.1,True,2026092508,False,complete,,complete,,,,,,,,,,,,,,,,,,,,,,,,,,,,,,,False,25.391587,0.226705692,2.088041000000004,226.696454,False,False,,,,,,,,,,,
F0108,main01,0,recovery,nats,2.10.24,periodic,nats-old,16,0,2,15,65536,compressible,inherited,False,jetstream,1000,0.1,True,2026092509,False,complete,,complete,,,,,,,,,,,,,,,,,,,,,,,,,,,,,,,False,100.177965,0.90820549,8.375802000000022,908.197837,False,False,,,,,,,,,,,
F0109,main01,0,recovery,redis,8.10.2,periodic,redis-current,16,0,2,15,65536,compressible,inherited,False,autoclaim,250,0.1,False,2026092510,False,complete,,complete,,,,,,,,,,,,,,,,,,,,,,,,,,,,,,,False,25.271664,0.224477483,-0.25415799999998967,224.474178,False,False,,,,,,,,,,,
F0110,main01,0,recovery,redis,8.10.2,periodic,redis-current,16,0,2,15,65536,compressible,inherited,False,claim,1000,0.1,False,2026092511,False,complete,,complete,,,,,,,,,,,,,,,,,,,,,,,,,,,,,,,False,100.44168,0.927227026,27.664395999999897,927.222716,False,False,,,,,,,,,,,
F0111,main01,0,recovery,redis,7.4.2,periodic,redis-old,16,0,2,15,65536,compressible,inherited,False,autoclaim,250,0.75,False,2026092512,False,complete,,complete,,,,,,,,,,,,,,,,,,,,,,,,,,,,,,,False,187.905343,0.068415669,6.317444000000023,68.412101,False,False,,,,,,,,,,,
F0112,main01,0,recovery,nats,2.15.0,periodic,nats-current,16,0,2,15,65536,compressible,inherited,False,jetstream,1000,0.1,False,2026092513,False,complete,,complete,,,,,,,,,,,,,,,,,,,,,,,,,,,,,,,False,100.362282,0.908371373,8.725060999999982,908.362779,False,False,,,,,,,,,,,
F0113,main01,0,recovery,nats,2.15.0,periodic,nats-current,16,0,2,15,65536,compressible,inherited,False,jetstream,250,0.75,False,2026092514,False,complete,,complete,,,,,,,,,,,,,,,,,,,,,,,,,,,,,,,False,188.569565,0.063063282,1.5820260000000133,63.012461,False,False,,,,,,,,,,,
F0114,main01,0,recovery,redis,7.4.2,periodic,redis-old,16,0,2,15,65536,compressible,inherited,False,autoclaim,250,0.1,False,2026092515,False,complete,,complete,,,,,,,,,,,,,,,,,,,,,,,,,,,,,,,False,25.285675,0.227496516,2.778424000000001,227.492749,False,False,,,,,,,,,,,
F0115,main01,0,recovery,redis,8.10.2,periodic,redis-current,16,0,2,15,65536,compressible,inherited,False,autoclaim,250,0.75,True,2026092516,False,complete,,complete,,,,,,,,,,,,,,,,,,,,,,,,,,,,,,,False,187.548037,0.06489122,2.435613999999987,64.887577,False,False,,,,,,,,,,,
F0116,main01,0,recovery,redis,7.4.2,periodic,redis-old,16,0,2,15,65536,compressible,inherited,False,autoclaim,1000,0.75,True,2026092517,False,complete,,complete,,,,,,,,,,,,,,,,,,,,,,,,,,,,,,,False,750.530953,0.258958642,9.486143999999967,258.955191,False,False,,,,,,,,,,,
F0117,main01,0,recovery,redis,8.10.2,periodic,redis-current,16,0,2,15,65536,compressible,inherited,False,claim,250,0.1,True,2026092518,False,complete,,complete,,,,,,,,,,,,,,,,,,,,,,,,,,,,,,,False,25.45613,0.301892478,77.34574800000001,301.889618,False,False,,,,,,,,,,,
F0118,main01,0,recovery,nats,2.15.0,periodic,nats-current,16,0,2,15,65536,compressible,inherited,False,jetstream,250,0.75,True,2026092519,False,complete,,complete,,,,,,,,,,,,,,,,,,,,,,,,,,,,,,,False,188.436949,0.063580103,2.008390999999989,63.571442,False,False,,,,,,,,,,,
F0119,main01,0,recovery,redis,8.10.2,periodic,redis-current,16,0,2,15,65536,compressible,inherited,False,autoclaim,1000,0.75,False,2026092520,False,complete,,complete,,,,,,,,,,,,,,,,,,,,,,,,,,,,,,,False,750.738944,0.258831349,9.53457000000003,258.795626,False,False,,,,,,,,,,,
F0120,main01,0,recovery,nats,2.10.24,periodic,nats-old,16,0,2,15,65536,compressible,inherited,False,jetstream,250,0.75,False,2026092521,False,complete,,complete,,,,,,,,,,,,,,,,,,,,,,,,,,,,,,,False,188.573967,0.063594052,2.159483999999992,63.585517,False,False,,,,,,,,,,,
F0121,main01,0,recovery,redis,7.4.2,periodic,redis-old,16,0,2,15,65536,compressible,inherited,False,autoclaim,1000,0.1,True,2026092522,False,complete,,complete,,,,,,,,,,,,,,,,,,,,,,,,,,,,,,,False,100.453798,0.90496993,5.420506000000046,904.966708,False,False,,,,,,,,,,,
F0122,main01,0,recovery,nats,2.15.0,periodic,nats-current,16,0,2,15,65536,compressible,inherited,False,jetstream,250,0.1,False,2026092523,False,complete,,complete,,,,,,,,,,,,,,,,,,,,,,,,,,,,,,,False,25.350406,0.226837817,2.1817139999999995,226.831308,False,False,,,,,,,,,,,
F0123,main01,0,recovery,nats,2.10.24,periodic,nats-old,16,0,2,15,65536,compressible,inherited,False,jetstream,250,0.75,True,2026092524,False,complete,,complete,,,,,,,,,,,,,,,,,,,,,,,,,,,,,,,False,188.511551,0.063566598,2.0691989999999976,63.557648,False,False,,,,,,,,,,,
F0124,main01,0,recovery,redis,8.10.2,periodic,redis-current,16,0,2,15,65536,compressible,inherited,False,claim,250,0.75,True,2026092525,False,complete,,complete,,,,,,,,,,,,,,,,,,,,,,,,,,,,,,,False,188.091624,0.156980304,95.06991099999999,156.978287,False,False,,,,,,,,,,,
F0125,main01,0,recovery,nats,2.15.0,periodic,nats-current,16,0,2,15,65536,compressible,inherited,False,jetstream,1000,0.75,True,2026092526,False,complete,,complete,,,,,,,,,,,,,,,,,,,,,,,,,,,,,,,False,750.212811,0.255719073,5.92666399999996,255.713853,False,False,,,,,,,,,,,
F0126,main01,0,recovery,nats,2.10.24,periodic,nats-old,16,0,2,15,65536,compressible,inherited,False,jetstream,1000,0.1,False,2026092527,False,complete,,complete,,,,,,,,,,,,,,,,,,,,,,,,,,,,,,,False,100.366702,0.907097831,7.457982000000015,907.09128,False,False,,,,,,,,,,,
F0127,main01,0,recovery,redis,8.10.2,periodic,redis-current,16,0,2,15,65536,compressible,inherited,False,claim,250,0.75,False,2026092528,False,complete,,complete,,,,,,,,,,,,,,,,,,,,,,,,,,,,,,,False,188.357731,0.144080314,82.433019,144.075288,False,False,,,,,,,,,,,
F0128,main01,0,recovery,nats,2.10.24,periodic,nats-old,16,0,2,15,65536,compressible,inherited,False,jetstream,250,0.1,False,2026092529,False,complete,,complete,,,,,,,,,,,,,,,,,,,,,,,,,,,,,,,False,25.314695,0.226829058,2.135265000000004,226.82057,False,False,,,,,,,,,,,
F0129,main01,0,recovery,nats,2.10.24,periodic,nats-old,16,0,2,15,65536,compressible,inherited,False,jetstream,1000,0.75,False,2026092530,False,complete,,complete,,,,,,,,,,,,,,,,,,,,,,,,,,,,,,,False,750.337313,0.258247217,8.577400000000011,258.240087,False,False,,,,,,,,,,,
F0130,main01,0,recovery,nats,2.15.0,periodic,nats-current,16,0,2,15,65536,compressible,inherited,False,jetstream,1000,0.75,False,2026092531,False,complete,,complete,,,,,,,,,,,,,,,,,,,,,,,,,,,,,,,False,750.95941,0.253395185,4.347023000000036,253.387613,False,False,,,,,,,,,,,
F0131,main01,0,recovery,nats,2.10.24,periodic,nats-old,16,0,2,15,65536,compressible,inherited,False,jetstream,1000,0.75,True,2026092532,False,complete,,complete,,,,,,,,,,,,,,,,,,,,,,,,,,,,,,,False,750.87964,0.257218192,8.09024599999998,257.210606,False,False,,,,,,,,,,,
F0132,main01,0,recovery,nats,2.15.0,periodic,nats-current,16,0,2,15,65536,compressible,inherited,False,jetstream,1000,0.1,True,2026092533,False,complete,,complete,,,,,,,,,,,,,,,,,,,,,,,,,,,,,,,False,100.271529,0.905083095,5.347962000000052,905.076433,False,False,,,,,,,,,,,
F0133,main01,0,recovery,redis,7.4.2,periodic,redis-old,16,0,2,15,65536,compressible,inherited,False,autoclaim,1000,0.75,False,2026092534,False,complete,,complete,,,,,,,,,,,,,,,,,,,,,,,,,,,,,,,False,750.484392,0.252880984,3.361466999999948,252.877075,False,False,,,,,,,,,,,
F0134,main01,0,recovery,redis,7.4.2,periodic,redis-old,16,0,2,15,65536,compressible,inherited,False,autoclaim,1000,0.1,False,2026092535,False,complete,,complete,,,,,,,,,,,,,,,,,,,,,,,,,,,,,,,False,100.897498,0.908712619,9.605984000000035,908.708486,False,False,,,,,,,,,,,
F0135,main01,0,recovery,redis,7.4.2,periodic,redis-old,16,0,2,15,65536,compressible,inherited,False,autoclaim,250,0.75,True,2026092536,False,complete,,complete,,,,,,,,,,,,,,,,,,,,,,,,,,,,,,,False,187.700847,0.074392418,12.090172999999993,74.389326,False,False,,,,,,,,,,,
F0136,main01,0,recovery,redis,8.10.2,periodic,redis-current,16,0,2,15,65536,compressible,inherited,False,autoclaim,1000,0.1,False,2026092537,False,complete,,complete,,,,,,,,,,,,,,,,,,,,,,,,,,,,,,,False,100.41227,0.902781511,3.1908069999999498,902.778537,False,False,,,,,,,,,,,
F0137,main01,0,recovery,redis,8.10.2,periodic,redis-current,16,0,2,15,65536,compressible,inherited,False,autoclaim,250,0.75,False,2026092538,False,complete,,complete,,,,,,,,,,,,,,,,,,,,,,,,,,,,,,,False,187.53292,0.064633058,2.1625170000000082,64.629597,False,False,,,,,,,,,,,
F0138,main01,0,recovery,redis,8.10.2,periodic,redis-current,16,0,2,15,65536,compressible,inherited,False,claim,1000,0.75,True,2026092539,False,complete,,complete,,,,,,,,,,,,,,,,,,,,,,,,,,,,,,,False,751.09124,0.279564266,30.6518430000001,279.560603,False,False,,,,,,,,,,,
F0139,main01,0,recovery,nats,2.10.24,periodic,nats-old,16,0,2,15,65536,compressible,inherited,False,jetstream,250,0.1,True,2026092540,False,complete,,complete,,,,,,,,,,,,,,,,,,,,,,,,,,,,,,,False,25.257202,0.226970812,2.219159999999988,226.961958,False,False,,,,,,,,,,,
F0140,main01,0,recovery,redis,8.10.2,periodic,redis-current,16,0,2,15,65536,compressible,inherited,False,autoclaim,1000,0.1,True,2026092541,False,complete,,complete,,,,,,,,,,,,,,,,,,,,,,,,,,,,,,,False,100.602336,0.911709322,12.30803800000001,911.705702,False,False,,,,,,,,,,,
F0141,main01,0,recovery,redis,8.10.2,periodic,redis-current,16,0,2,15,65536,compressible,inherited,False,claim,1000,0.75,False,2026092542,False,complete,,complete,,,,,,,,,,,,,,,,,,,,,,,,,,,,,,,False,750.425754,0.327996045,78.37991499999998,327.954161,False,False,,,,,,,,,,,
F0142,main01,0,recovery,redis,8.10.2,periodic,redis-current,16,0,2,15,65536,compressible,inherited,False,claim,1000,0.1,True,2026092543,False,complete,,complete,,,,,,,,,,,,,,,,,,,,,,,,,,,,,,,False,100.474965,0.935813358,36.28523199999995,935.810267,False,False,,,,,,,,,,,
F0143,main01,0,recovery,redis,7.4.2,periodic,redis-old,16,0,2,15,65536,compressible,inherited,False,autoclaim,250,0.1,True,2026092544,False,complete,,complete,,,,,,,,,,,,,,,,,,,,,,,,,,,,,,,False,25.681463,0.229890234,5.5686310000000105,229.887168,False,False,,,,,,,,,,,
F0144,main01,0,recovery,redis,8.10.2,periodic,redis-current,16,0,2,15,65536,compressible,inherited,False,autoclaim,1000,0.75,True,2026092545,False,complete,,complete,,,,,,,,,,,,,,,,,,,,,,,,,,,,,,,False,750.378725,0.251282872,1.6581340000000182,251.279409,False,False,,,,,,,,,,,
F0145,main01,1,recovery,redis,8.10.2,periodic,redis-current,16,0,2,15,65536,compressible,inherited,False,claim,1000,0.75,False,2026092546,False,complete,,complete,,,,,,,,,,,,,,,,,,,,,,,,,,,,,,,False,750.777559,0.269527648,20.301878999999985,269.52432,False,False,,,,,,,,,,,
F0146,main01,1,recovery,redis,8.10.2,periodic,redis-current,16,0,2,15,65536,compressible,inherited,False,claim,1000,0.1,False,2026092547,False,complete,,complete,,,,,,,,,,,,,,,,,,,,,,,,,,,,,,,False,100.420956,0.92560178,26.01835899999992,925.597403,False,False,,,,,,,,,,,
F0147,main01,1,recovery,nats,2.15.0,periodic,nats-current,16,0,2,15,65536,compressible,inherited,False,jetstream,1000,0.75,True,2026092548,False,complete,,complete,,,,,,,,,,,,,,,,,,,,,,,,,,,,,,,False,750.294037,0.256067201,6.356150999999954,256.062114,False,False,,,,,,,,,,,
F0148,main01,1,recovery,redis,7.4.2,periodic,redis-old,16,0,2,15,65536,compressible,inherited,False,autoclaim,1000,0.75,False,2026092549,False,complete,,complete,,,,,,,,,,,,,,,,,,,,,,,,,,,,,,,False,751.045354,0.251460172,2.502173999999968,251.45682,False,False,,,,,,,,,,,
F0149,main01,1,recovery,redis,8.10.2,periodic,redis-current,16,0,2,15,65536,compressible,inherited,False,claim,250,0.1,False,2026092550,False,complete,,complete,,,,,,,,,,,,,,,,,,,,,,,,,,,,,,,False,25.333386,0.307920298,83.25004799999999,307.916662,False,False,,,,,,,,,,,
F0150,main01,1,recovery,redis,8.10.2,periodic,redis-current,16,0,2,15,65536,compressible,inherited,False,claim,1000,0.1,True,2026092551,False,complete,,complete,,,,,,,,,,,,,,,,,,,,,,,,,,,,,,,False,100.390041,0.936749975,37.13451400000008,936.744473,False,False,,,,,,,,,,,
F0151,main01,1,recovery,nats,2.15.0,periodic,nats-current,16,0,2,15,65536,compressible,inherited,False,jetstream,1000,0.1,True,2026092552,False,complete,,complete,,,,,,,,,,,,,,,,,,,,,,,,,,,,,,,False,100.37561,0.906136419,6.504138000000012,906.128528,False,False,,,,,,,,,,,
F0152,main01,1,recovery,redis,8.10.2,periodic,redis-current,16,0,2,15,65536,compressible,inherited,False,autoclaim,250,0.75,True,2026092553,False,complete,,complete,,,,,,,,,,,,,,,,,,,,,,,,,,,,,,,False,188.461299,0.066141081,4.600398000000013,66.139099,False,False,,,,,,,,,,,
F0153,main01,1,recovery,nats,2.15.0,periodic,nats-current,16,0,2,15,65536,compressible,inherited,False,jetstream,250,0.1,False,2026092554,False,complete,,complete,,,,,,,,,,,,,,,,,,,,,,,,,,,,,,,False,25.22978,0.226944594,2.164647000000002,226.934867,False,False,,,,,,,,,,,
F0154,main01,1,recovery,redis,7.4.2,periodic,redis-old,16,0,2,15,65536,compressible,inherited,False,autoclaim,250,0.1,False,2026092555,False,complete,,complete,,,,,,,,,,,,,,,,,,,,,,,,,,,,,,,False,25.232464,0.232563964,7.7932010000000105,232.560737,False,False,,,,,,,,,,,
F0155,main01,1,recovery,nats,2.15.0,periodic,nats-current,16,0,2,15,65536,compressible,inherited,False,jetstream,1000,0.1,False,2026092556,False,complete,,complete,,,,,,,,,,,,,,,,,,,,,,,,,,,,,,,False,100.24506,0.905207041,5.444631999999956,905.199572,False,False,,,,,,,,,,,
F0156,main01,1,recovery,nats,2.10.24,periodic,nats-old,16,0,2,15,65536,compressible,inherited,False,jetstream,250,0.75,True,2026092557,False,complete,,complete,,,,,,,,,,,,,,,,,,,,,,,,,,,,,,,False,188.312274,0.06357798,1.8809400000000096,63.568666,False,False,,,,,,,,,,,
F0157,main01,1,recovery,nats,2.15.0,periodic,nats-current,16,0,2,15,65536,compressible,inherited,False,jetstream,250,0.75,True,2026092558,False,complete,,complete,,,,,,,,,,,,,,,,,,,,,,,,,,,,,,,False,188.587113,0.063609287,2.1871950000000027,63.600082,False,False,,,,,,,,,,,
F0158,main01,1,recovery,redis,8.10.2,periodic,redis-current,16,0,2,15,65536,compressible,inherited,False,autoclaim,250,0.1,True,2026092559,False,complete,,complete,,,,,,,,,,,,,,,,,,,,,,,,,,,,,,,False,25.411272,0.233030946,8.43929300000002,233.028021,False,False,,,,,,,,,,,
F0159,main01,1,recovery,redis,8.10.2,periodic,redis-current,16,0,2,15,65536,compressible,inherited,False,autoclaim,250,0.1,False,2026092560,False,complete,,complete,,,,,,,,,,,,,,,,,,,,,,,,,,,,,,,False,25.826341,0.229823779,5.647944999999993,229.821604,False,False,,,,,,,,,,,
F0160,main01,1,recovery,redis,7.4.2,periodic,redis-old,16,0,2,15,65536,compressible,inherited,False,autoclaim,250,0.75,False,2026092561,False,complete,,complete,,,,,,,,,,,,,,,,,,,,,,,,,,,,,,,False,187.58303,0.063565902,1.145150000000001,63.56212,False,False,,,,,,,,,,,
F0161,main01,1,recovery,nats,2.10.24,periodic,nats-old,16,0,2,15,65536,compressible,inherited,False,jetstream,250,0.75,False,2026092562,False,complete,,complete,,,,,,,,,,,,,,,,,,,,,,,,,,,,,,,False,188.554919,0.06348498,2.031425000000013,63.476506,False,False,,,,,,,,,,,
F0162,main01,1,recovery,redis,8.10.2,periodic,redis-current,16,0,2,15,65536,compressible,inherited,False,claim,250,0.75,False,2026092563,False,complete,,complete,,,,,,,,,,,,,,,,,,,,,,,,,,,,,,,False,188.324134,0.136441239,74.76177999999999,136.437646,False,False,,,,,,,,,,,
F0163,main01,1,recovery,nats,2.10.24,periodic,nats-old,16,0,2,15,65536,compressible,inherited,False,jetstream,1000,0.75,True,2026092564,False,complete,,complete,,,,,,,,,,,,,,,,,,,,,,,,,,,,,,,False,751.042912,0.257046344,8.08239100000003,257.039479,False,False,,,,,,,,,,,
F0164,main01,1,recovery,nats,2.15.0,periodic,nats-current,16,0,2,15,65536,compressible,inherited,False,jetstream,1000,0.75,False,2026092565,False,complete,,complete,,,,,,,,,,,,,,,,,,,,,,,,,,,,,,,False,751.074196,0.256008782,7.075494000000049,256.001298,False,False,,,,,,,,,,,
F0165,main01,1,recovery,redis,8.10.2,periodic,redis-current,16,0,2,15,65536,compressible,inherited,False,autoclaim,250,0.75,False,2026092566,False,complete,,complete,,,,,,,,,,,,,,,,,,,,,,,,,,,,,,,False,187.604094,0.065919716,3.5207269999999937,65.916633,False,False,,,,,,,,,,,
F0166,main01,1,recovery,redis,7.4.2,periodic,redis-old,16,0,2,15,65536,compressible,inherited,False,autoclaim,250,0.1,True,2026092567,False,complete,,complete,,,,,,,,,,,,,,,,,,,,,,,,,,,,,,,False,25.297317,0.234659216,9.95362399999999,234.656307,False,False,,,,,,,,,,,
F0167,main01,1,recovery,redis,8.10.2,periodic,redis-current,16,0,2,15,65536,compressible,inherited,False,claim,1000,0.75,True,2026092568,False,complete,,complete,,,,,,,,,,,,,,,,,,,,,,,,,,,,,,,False,750.385944,0.290571699,40.95457699999997,290.568633,False,False,,,,,,,,,,,
F0168,main01,1,recovery,nats,2.10.24,periodic,nats-old,16,0,2,15,65536,compressible,inherited,False,jetstream,250,0.1,True,2026092569,False,complete,,complete,,,,,,,,,,,,,,,,,,,,,,,,,,,,,,,False,25.346402,0.226864077,2.2019160000000113,226.855514,False,False,,,,,,,,,,,
F0169,main01,1,recovery,redis,8.10.2,periodic,redis-current,16,0,2,15,65536,compressible,inherited,False,autoclaim,1000,0.1,True,2026092570,False,complete,,complete,,,,,,,,,,,,,,,,,,,,,,,,,,,,,,,False,100.386416,0.908356228,8.739668000000052,908.353252,False,False,,,,,,,,,,,
F0170,main01,1,recovery,nats,2.15.0,periodic,nats-current,16,0,2,15,65536,compressible,inherited,False,jetstream,250,0.1,True,2026092571,False,complete,,complete,,,,,,,,,,,,,,,,,,,,,,,,,,,,,,,False,25.315371,0.22601618,1.323375999999996,226.008005,False,False,,,,,,,,,,,
F0171,main01,1,recovery,nats,2.10.24,periodic,nats-old,16,0,2,15,65536,compressible,inherited,False,jetstream,250,0.1,False,2026092572,False,complete,,complete,,,,,,,,,,,,,,,,,,,,,,,,,,,,,,,False,25.519082,0.226490123,1.9993900000000053,226.480308,False,False,,,,,,,,,,,
F0172,main01,1,recovery,nats,2.10.24,periodic,nats-old,16,0,2,15,65536,compressible,inherited,False,jetstream,1000,0.1,True,2026092573,False,complete,,complete,,,,,,,,,,,,,,,,,,,,,,,,,,,,,,,False,100.048758,0.908951227,8.992866000000049,908.944108,False,False,,,,,,,,,,,
F0173,main01,1,recovery,redis,8.10.2,periodic,redis-current,16,0,2,15,65536,compressible,inherited,False,claim,250,0.1,True,2026092574,False,complete,,complete,,,,,,,,,,,,,,,,,,,,,,,,,,,,,,,False,25.307948,0.305729334,81.03299399999997,305.725046,False,False,,,,,,,,,,,
F0174,main01,1,recovery,nats,2.10.24,periodic,nats-old,16,0,2,15,65536,compressible,inherited,False,jetstream,1000,0.75,False,2026092575,False,complete,,complete,,,,,,,,,,,,,,,,,,,,,,,,,,,,,,,False,750.075602,0.258337356,8.40671599999996,258.331114,False,False,,,,,,,,,,,
F0175,main01,1,recovery,nats,2.15.0,periodic,nats-current,16,0,2,15,65536,compressible,inherited,False,jetstream,250,0.75,False,2026092576,False,complete,,complete,,,,,,,,,,,,,,,,,,,,,,,,,,,,,,,False,187.957745,0.063782113,1.6865359999999896,63.728791,False,False,,,,,,,,,,,
F0176,main01,1,recovery,redis,8.10.2,periodic,redis-current,16,0,2,15,65536,compressible,inherited,False,autoclaim,1000,0.75,False,2026092577,False,complete,,complete,,,,,,,,,,,,,,,,,,,,,,,,,,,,,,,False,750.222832,0.254304684,4.524029000000041,254.301197,False,False,,,,,,,,,,,
F0177,main01,1,recovery,redis,7.4.2,periodic,redis-old,16,0,2,15,65536,compressible,inherited,False,autoclaim,250,0.75,True,2026092578,False,complete,,complete,,,,,,,,,,,,,,,,,,,,,,,,,,,,,,,False,187.527088,0.071382691,8.907117000000028,71.380029,False,False,,,,,,,,,,,
F0178,main01,1,recovery,nats,2.10.24,periodic,nats-old,16,0,2,15,65536,compressible,inherited,False,jetstream,1000,0.1,False,2026092579,False,complete,,complete,,,,,,,,,,,,,,,,,,,,,,,,,,,,,,,False,100.113266,0.907112192,7.219461000000024,907.106195,False,False,,,,,,,,,,,
F0179,main01,1,recovery,redis,7.4.2,periodic,redis-old,16,0,2,15,65536,compressible,inherited,False,autoclaim,1000,0.75,True,2026092580,False,complete,,complete,,,,,,,,,,,,,,,,,,,,,,,,,,,,,,,False,750.179127,0.250374106,0.5498569999999745,250.37073,False,False,,,,,,,,,,,
F0180,main01,1,recovery,redis,7.4.2,periodic,redis-old,16,0,2,15,65536,compressible,inherited,False,autoclaim,1000,0.1,True,2026092581,False,complete,,complete,,,,,,,,,,,,,,,,,,,,,,,,,,,,,,,False,100.68846,0.906155345,6.840583000000038,906.152123,False,False,,,,,,,,,,,
F0181,main01,1,recovery,redis,8.10.2,periodic,redis-current,16,0,2,15,65536,compressible,inherited,False,autoclaim,1000,0.75,True,2026092582,False,complete,,complete,,,,,,,,,,,,,,,,,,,,,,,,,,,,,,,False,750.975892,0.253476458,4.450723000000039,253.474831,False,False,,,,,,,,,,,
F0182,main01,1,recovery,redis,8.10.2,periodic,redis-current,16,0,2,15,65536,compressible,inherited,False,claim,250,0.75,True,2026092583,False,complete,,complete,,,,,,,,,,,,,,,,,,,,,,,,,,,,,,,False,188.324122,0.142276264,80.59719100000001,142.273069,False,False,,,,,,,,,,,
F0183,main01,1,recovery,redis,8.10.2,periodic,redis-current,16,0,2,15,65536,compressible,inherited,False,autoclaim,1000,0.1,False,2026092584,False,complete,,complete,,,,,,,,,,,,,,,,,,,,,,,,,,,,,,,False,100.056191,0.908758561,8.813302000000022,908.757111,False,False,,,,,,,,,,,
F0184,main01,1,recovery,redis,7.4.2,periodic,redis-old,16,0,2,15,65536,compressible,inherited,False,autoclaim,1000,0.1,False,2026092585,False,complete,,complete,,,,,,,,,,,,,,,,,,,,,,,,,,,,,,,False,100.623302,0.906037205,6.658720000000017,906.035418,False,False,,,,,,,,,,,
F0185,main01,0,recovery,redis,7.4.2,periodic,redis-old,16,0,2,15,65536,compressible,inherited,False,none,250,0.1,True,2026092586,False,complete,,complete,,,,,,,,,,,,,,,,,,,,,,,,,,,,,,,True,25.422838,0.509067149,,,,,,,,,,,,,,,
F0186,main01,1,recovery,redis,7.4.2,periodic,redis-old,16,0,2,15,65536,compressible,inherited,False,none,250,0.1,True,2026092587,False,complete,,complete,,,,,,,,,,,,,,,,,,,,,,,,,,,,,,,True,25.393163,0.594783878,,,,,,,,,,,,,,,
F0187,main01,0,recovery,redis,8.10.2,periodic,redis-current,16,0,2,15,65536,compressible,inherited,False,none,250,0.1,True,2026092588,False,complete,,complete,,,,,,,,,,,,,,,,,,,,,,,,,,,,,,,True,25.439362,0.698512723,,,,,,,,,,,,,,,
F0188,main01,1,recovery,redis,8.10.2,periodic,redis-current,16,0,2,15,65536,compressible,inherited,False,none,250,0.1,True,2026092589,False,complete,,complete,,,,,,,,,,,,,,,,,,,,,,,,,,,,,,,True,25.383089,0.502591711,,,,,,,,,,,,,,,
F0189,main01,0,trace,nats,2.15.0,always,nats-current,16,0,2,15,65536,compressible,inherited,True,,250,0.1,True,2026092590,False,complete,,complete,9762.0,9762.0,0.0,650.5614067775474,24.443814,45.1738,9762.0,24.588196724953903,146.319948,9665.0,97.0,15.005501246,15.006107278,0.05650179518861893,2.8250897594309468,0.0,0.0,0.11658815612382234,0.0033647375504710633,15.007872173,0.31614748215513067,15.807374107756534,0.0,0.0,0.07956029145432338,0.04493956113380786,,,,,,,,,,,,9762.0,{'fsync': 9762},0.0,1.3957741241548862,1.361,1.998,120.058,13.625547,15.007872133,0.0,1.0
F0190,main01,0,compression,nats,2.15.0,always,nats-current,16,0,2,15,65536,random,off,False,,250,0.1,True,2026092591,False,complete,,complete,10454.0,10454.0,0.0,695.9147406500725,22.54463,48.303312,10454.0,22.98211816319109,98.52727,10350.0,104.0,15.021955118,15.022481313,0.05798682533531736,2.8993412667658682,0.0,0.0,0.14949664429530202,0.0031879194630872482,15.024249974,0.1996899682308228,9.98449841154114,0.0,0.0,0.07114194950677144,0.045477344925597726,,,,,,,,,,,,,,,,,,,,,,
F0191,main01,0,trace,nats,2.15.0,always,nats-current,16,0,2,15,65536,compressible,inherited,False,,250,0.1,True,2026092592,False,complete,,complete,10307.0,10307.0,0.0,686.3769149945313,23.301631,44.54182,10307.0,23.305129075191598,77.813256,10204.0,103.0,15.016530677,15.017285406,0.05754322280208783,2.8771611401043917,0.0,0.0,0.13192346424974824,0.0025176233635448137,15.019211713,0.19439275880723447,9.719637940361723,0.0,0.0,0.08331588863303328,0.0459284069499686,,,,,,,,,,,,,,,,,,,,,,
F0192,main01,0,trace,nats,2.15.0,always,nats-current,1,0,2,15,65536,compressible,inherited,False,,250,0.1,True,2026092593,False,complete,,complete,8582.0,8582.0,0.0,572.0985489406198,1.69181,2.637941,8582.0,1.743544421929621,160.644644,8497.0,85.0,15.000912021,15.001474962,0.08709750229958756,4.354875114979378,0.0,0.0,0.11439176649232327,0.0028682301332883416,15.003370848,0.20990869531294815,10.495434765647408,0.0,0.0,0.0744752308984047,0.03740554156171284,,,,,,,,,,,,,,,,,,,,,,
F0193,main01,0,compression,redis,8.10.2,always,redis-current,16,0,2,15,65536,compressible,off,False,,250,0.1,True,2026092594,False,complete,,complete,79847.0,79847.0,0.0,5322.347238613232,2.941142,5.46993,79847.0,3.002608165253562,13.949627,79049.0,798.0,15.002215455,15.002883478,0.28311457635650644,14.155728817825322,0.0,0.0,0.26130153999006456,0.002815035601920848,15.004668344,0.2057975510824793,10.289877554123965,0.0,0.0,0.07316256487527206,0.0415201741168592,,,,,,,,,,,,,,,,,,,,,,
F0194,main01,0,compression,redis,8.10.2,always,redis-current,16,0,2,15,65536,compressible,inherited,False,,250,0.1,True,2026092595,False,complete,,complete,75412.0,75412.0,0.0,5026.855228482187,3.094443,5.281268,75412.0,3.1792589264838518,167.354275,74658.0,754.0,15.001824515,15.002156056,0.26838848929248865,13.419424464624433,0.0,0.0,0.24870983852172465,0.002996504078574996,15.003496321,0.21578730255483627,10.789365127741814,0.0,0.0,0.08291478319102628,0.04139460907416709,,,,,,,,,,,,,,,,,,,,,,
F0195,main01,0,trace,redis,8.10.2,always,redis-current,1,0,2,15,65536,compressible,inherited,False,,250,0.1,True,2026092596,False,complete,,complete,8809.0,8809.0,0.0,587.2044557995075,1.644147,3.144086,8809.0,1.6985247989556134,6.98605,8721.0,88.0,15.001589162,15.002297126,0.05914427587640887,2.9572137938204435,0.0,0.0,0.10860414211146657,0.0030308132682269743,15.004209233,0.17114017540840304,8.557008770420152,0.0,0.0,0.06024045913451468,0.038456704788236776,,,,,,,,,,,,,,,,,,,,,,
F0196,main01,0,trace,redis,8.10.2,always,redis-current,1,0,2,15,65536,compressible,inherited,True,,250,0.1,True,2026092597,False,complete,,complete,8322.0,8322.0,0.0,554.7833651536658,1.733313,3.026202,8322.0,1.7983349753664912,151.159652,8239.0,83.0,15.000449766,15.00103331,0.0557416267746425,2.7870813387321247,0.0,0.0,0.12483153638814017,0.0028638814016172507,15.002702399,0.20880138235687468,10.440069117843734,0.0,0.0,0.08734283319362951,0.03633696563285834,,,,,,,,,,,,8322.0,{'fdatasync': 8322},0.0,1.430310502283105,1.376,2.417,150.498,11.903044,15.002703051,0.0,1.0
F0197,main01,0,trace,redis,8.10.2,always,redis-current,16,0,2,15,65536,compressible,inherited,True,,250,0.1,True,2026092598,False,complete,,complete,61534.0,61534.0,0.0,4101.524803094472,3.865415,6.671906,61534.0,3.8970004995286978,158.982511,60919.0,615.0,15.002713126,15.003124182,0.22737364289050713,11.368682144525357,0.0,0.0,0.2576158940397351,0.0024834437086092716,15.004753098,0.33857838025186543,16.928919012593273,0.0,0.0,0.08040984989036937,0.036262438859841456,,,,,,,,,,,,7392.0,{'fdatasync': 7392},0.0,1.4917042748917748,1.42,2.76,155.869,11.026678,15.004753298,0.0,0.12012870933142653
F0198,main01,0,compression,redis,8.10.2,always,redis-current,16,0,2,15,65536,random,inherited,False,,250,0.1,True,2026092599,False,complete,,complete,77272.0,77272.0,0.0,5150.744080797975,3.04935,5.308952,77272.0,3.102746378300072,14.11325,76500.0,772.0,15.002104315,15.002654219,0.2742211438019946,13.71105719009973,0.0,0.0,0.2561764218205936,0.002321339744652628,15.004482497,0.2002814825903422,10.01407412951711,0.0,0.0,0.07333109975709859,0.04192143395594271,,,,,,,,,,,,,,,,,,,,,,
F0199,main01,0,compression,nats,2.15.0,always,nats-current,16,0,2,15,65536,compressible,inherited,False,,250,0.1,True,2026092600,False,complete,,complete,9834.0,9834.0,0.0,655.4772651157949,24.029873,46.875181,9834.0,24.40413452715068,200.637371,9736.0,98.0,15.002808676,15.003364536,0.055785020619324374,2.7892510309662186,0.0,0.0,0.11857840660266128,0.0028633990230756273,15.005355938,0.18993671404904197,9.496835702452099,0.0,0.0,0.07214159885915611,0.0455079271873165,,,,,,,,,,,,,,,,,,,,,,
F0200,main01,0,compression,nats,2.15.0,always,nats-current,16,0,2,15,65536,compressible,off,False,,250,0.1,True,2026092601,False,complete,,complete,10244.0,10244.0,0.0,682.5493588665456,23.113123,45.219662,10244.0,23.435732565892174,54.786481,10142.0,102.0,15.008438389,15.009048064,0.05854415258403959,2.9272076292019795,0.0,0.0,0.11662739818243016,0.0031975765735442613,15.010818777,0.1878450497530778,9.39225248765389,0.0,0.0,0.060346995222529544,0.045888860950465175,,,,,,,,,,,,,,,,,,,,,,
F0201,main01,0,trace,nats,2.15.0,always,nats-current,1,0,2,15,65536,compressible,inherited,True,,250,0.1,True,2026092602,False,complete,,complete,7728.0,7728.0,0.0,515.1641366769038,1.882817,3.03107,7728.0,1.9365161300465827,148.898881,7651.0,77.0,15.00104423,15.001323795,0.08140194936709584,4.070097468354792,0.0,0.0,0.13279270146984287,0.0030410542321338066,15.002775552,0.4177016431579286,20.88508215789643,0.0,0.0,0.09085133418043202,0.0360864040660737,,,,,,,,,,,,7728.0,{'fsync': 7728},0.0,1.450282867494824,1.412,2.235,148.136,11.207786,15.002775632,0.0,1.0
F0202,main01,0,trace,redis,8.10.2,always,redis-current,16,0,2,15,65536,compressible,inherited,False,,250,0.1,True,2026092603,False,complete,,complete,73605.0,73605.0,0.0,4905.959514997367,3.178923,5.984231,73605.0,3.2574357264723877,12.198208,72869.0,736.0,15.003181289,15.003736727,0.271186976553511,13.55934882767555,0.0,0.0,0.23513782796413152,0.0024908668216539354,15.005345059,0.20468659587123728,10.234329793561864,0.0,0.0,0.08392984218678053,0.04215329231026833,,,,,,,,,,,,,,,,,,,,,,
F0203,main01,0,compression,redis,8.10.2,always,redis-current,16,0,2,15,65536,random,off,False,,250,0.1,True,2026092604,False,complete,,complete,76747.0,76747.0,0.0,5115.462012094494,3.070667,5.126337,76747.0,3.1240621860007565,12.408026,75980.0,767.0,15.002945935,15.003544513,0.26828287119169225,13.414143559584613,0.0,0.0,0.2871632856667775,0.002494180246092451,15.005212427,0.1992230376306421,9.961151881532105,0.0,0.0,0.07022095748242384,0.04214094409106126,,,,,,,,,,,,,,,,,,,,,,
F0204,main01,0,compression,nats,2.15.0,always,nats-current,16,0,2,15,65536,random,inherited,False,,250,0.1,True,2026092605,False,complete,,complete,9927.0,9927.0,0.0,661.4001700605415,23.589958,46.18946,9927.0,24.185477072529412,188.955485,9828.0,99.0,15.009067807,15.009607677,0.05684825468872913,2.8424127344364565,0.0,0.0,0.119139640396572,0.003528818685935137,15.011416062,0.18889144024046303,9.444572012023151,0.0,0.0,0.09423294383716548,0.046236964442769195,,,,,,,,,,,,,,,,,,,,,,
F0001,main02,0,publication,redis,8.10.2,memory,redis-current,16,0,2,15,65536,compressible,inherited,False,,250,0.1,True,2026092403,False,complete,,complete,1107544.0,1107544.0,0.0,73835.32060978134,0.204901,0.46028,1107544.0,0.21543211704817608,20.813126,1096469.0,11075.0,15.000192196,15.000795795,1.108363464659776,55.4181732329888,0.0,0.0,0.6153069806560134,0.0031959629941127,15.001919748,0.5204693220040014,26.02346610020007,0.0,0.0,0.13682933968970853,0.0028854597917450757,,,,,,,,,,,,,,,,,,,,,,
F0002,main02,0,publication,nats,2.15.0,always,nats-current,1,0,2,15,65536,compressible,inherited,False,,250,0.1,True,2026092404,False,complete,,complete,1022.0,1022.0,0.0,68.02011835379994,11.961866,62.849672,1022.0,14.693061143835617,145.818674,1012.0,10.0,15.024966506,15.025720505,0.01731637427392704,0.865818713696352,0.0,0.0,0.09303893477161639,0.004550817461655149,15.027836584,0.034176576057981974,1.7088288028990988,0.0,0.0,0.04638056274526175,0.06140936795524756,,,,,,,,,,,,,,,,,,,,,,
F0003,main02,0,publication,redis,8.10.2,periodic,redis-current,16,0,2,15,65536,compressible,inherited,False,,250,0.1,True,2026092405,False,complete,,complete,847181.0,847181.0,0.0,56477.87355936856,0.237933,0.642744,847181.0,0.28188786702134017,427.823806,838710.0,8471.0,15.000228348,15.000682386,0.9562182326710054,47.81091163355027,0.0,0.0,0.5794376693766937,0.0023712737127371273,15.001968454,0.5893637909658812,29.46818954829406,0.0,0.0,0.13167914975521988,0.11213858320431817,,,,,,,,,,,,,,,,,,,,,,
F0004,main02,0,publication,redis,8.10.2,periodic,redis-current,1,0,2,15,65536,compressible,inherited,False,,250,0.1,True,2026092406,False,complete,,complete,83211.0,83211.0,0.0,5547.376497614905,0.176439,0.263398,83211.0,0.17746414893463675,6.402735,82379.0,832.0,15.00006355,15.000831243,0.3513721949548366,17.56860974774183,0.0,0.0,0.2618312757201646,0.0030864197530864196,15.002636569,0.11577858278518431,5.788929139259215,0.0,0.0,0.05482025802680473,0.0044674543860381615,,,,,,,,,,,,,,,,,,,,,,
F0005,main02,0,publication,nats,2.15.0,memory,nats-current,16,0,2,15,65536,compressible,inherited,False,,250,0.1,True,2026092407,False,complete,,complete,910998.0,910998.0,0.0,60732.28563495158,0.242929,0.618344,910998.0,0.2620413480216222,8.089893,901889.0,9109.0,15.000225835,15.000746012,1.1825903848921189,59.129519244605945,0.0,0.0,0.600734434985812,0.0025037556334501754,15.002016419,1.1789197202584398,58.94598601292199,0.0,0.0,0.1927445188667471,0.001580896118484004,,,,,,,,,,,,,,,,,,,,,,
F0006,main02,0,publication,nats,2.15.0,memory,nats-current,1,0,2,15,65536,compressible,inherited,False,,250,0.1,True,2026092408,False,complete,,complete,64159.0,64159.0,0.0,4277.22789929873,0.230046,0.321473,64159.0,0.23058823260961137,6.133185,63518.0,641.0,15.000135955,15.000728209,0.4506490555534603,22.532452777673015,0.0,0.0,0.26812845303867405,0.003453038674033149,15.002428021,0.18362054436415018,9.18102721820751,0.0,0.0,0.07029744449099287,0.005194805194805195,,,,,,,,,,,,,,,,,,,,,,
F0007,main02,0,publication,nats,2.15.0,always,nats-current,16,0,2,15,65536,compressible,inherited,False,,250,0.1,True,2026092409,False,complete,,complete,8782.0,8782.0,0.0,584.7751243527049,23.236063,140.249275,8782.0,27.34939008130261,360.248488,8695.0,87.0,15.017738673,15.018273991,0.04983262393857601,2.4916311969288003,0.0,0.0,0.12117132278694043,0.0035341635812857625,15.019511989,0.166113919135805,8.30569595679025,0.0,0.0,0.06196652719665272,0.04815899581589958,,,,,,,,,,,,,,,,,,,,,,
F0008,main02,0,publication,redis,7.4.2,periodic,redis-old,16,0,2,15,65536,compressible,inherited,False,,250,0.1,True,2026092410,False,complete,,complete,887260.0,887260.0,0.0,59149.73533436725,0.250724,0.59822,887260.0,0.269138614397134,10.544911,878388.0,8872.0,15.00023618,15.000840709,1.008417414293603,50.420870714680156,0.0,0.0,0.5979678238780695,0.0023708721422523284,15.002073096,0.6242999844133008,31.214999220665042,0.0,0.0,0.14932429605455838,0.003221622526254132,,,,,,,,,,,,,,,,,,,,,,
F0009,main02,0,publication,redis,7.4.2,memory,redis-old,1,0,2,15,65536,compressible,inherited,False,,250,0.1,True,2026092411,False,complete,,complete,86882.0,86882.0,0.0,5792.108367801706,0.168506,0.250618,86882.0,0.16982073199281958,8.088093,86014.0,868.0,15.000064654,15.000560465,0.35720205338341005,17.8601026691705,0.0,0.0,0.24440234240440922,0.0037891836031691355,15.002240591,0.0752431607234181,3.7621580361709053,0.0,0.0,0.06656637833772094,0.037399189336007686,,,,,,,,,,,,,,,,,,,,,,
F0010,main02,0,publication,nats,2.15.0,periodic,nats-current,1,0,2,15,65536,compressible,inherited,False,,250,0.1,True,2026092412,False,complete,,complete,63285.0,63285.0,0.0,4218.949728120093,0.231323,0.339025,63285.0,0.23375577467014425,5.725117,62653.0,632.0,15.000178736,15.000925894,0.4420843784484334,22.10421892242167,0.0,0.0,0.27842187229624504,0.0027686450943069734,15.002964229,0.22982371665827958,11.49118583291398,0.0,0.0,0.06622821715817695,0.001382372654155496,,,,,,,,,,,,,,,,,,,,,,
F0011,main02,0,publication,redis,8.10.2,always,redis-current,1,0,2,15,65536,compressible,inherited,False,,250,0.1,True,2026092413,False,complete,,complete,8870.0,8870.0,0.0,591.2999712034581,1.633409,2.403915,8870.0,1.686910475310043,171.590701,8782.0,88.0,15.000846325,15.001401357,0.06258981928790747,3.1294909643953734,0.0,0.0,0.10714285714285714,0.003032345013477089,15.003137936,0.16234803748324347,8.117401874162173,0.0,0.0,0.05950786742551054,0.04239203213927017,,,,,,,,,,,,,,,,,,,,,,
F0012,main02,0,publication,nats,2.10.24,periodic,nats-old,1,0,2,15,65536,compressible,inherited,False,,250,0.1,True,2026092414,False,complete,,complete,65551.0,65551.0,0.0,4369.552635698941,0.224059,0.338287,65551.0,0.22570651367637454,21.261387,64896.0,655.0,15.001764589,15.002411595,0.4451446994179072,22.25723497089536,0.0,0.0,0.3193962526023595,0.002255378209576683,15.004297074,0.2211614435274144,11.05807217637072,0.0,0.0,0.06810380912515697,0.0011720385098367518,,,,,,,,,,,,,,,,,,,,,,
F0013,main02,0,publication,redis,7.4.2,always,redis-old,16,0,2,15,65536,compressible,inherited,False,,250,0.1,True,2026092415,False,complete,,complete,73784.0,73784.0,0.0,4918.153090641131,3.151065,6.48155,73784.0,3.249750791065826,12.652355,73047.0,737.0,15.002379682,15.002930233,0.25558140579537014,12.779070289768507,0.0,0.0,0.293990344597969,0.002663559180955552,15.004317038,0.1959717321723524,9.798586608617619,0.0,0.0,0.0648926823145475,0.04824065938663654,,,,,,,,,,,,,,,,,,,,,,
F0014,main02,0,publication,nats,2.10.24,memory,nats-old,1,0,2,15,65536,compressible,inherited,False,,250,0.1,True,2026092416,False,complete,,complete,68542.0,68542.0,0.0,4569.420908790314,0.214172,0.315116,68542.0,0.21562076726678472,6.305025,67857.0,685.0,15.000150209,15.000684892,0.4808916427440678,24.044582137203392,0.0,0.0,0.28123912286808217,0.0022624434389140274,15.002400364,0.1848476198951812,9.24238099475906,0.0,0.0,0.07318198984515967,0.0011749402039360497,,,,,,,,,,,,,,,,,,,,,,
F0015,main02,0,publication,nats,2.10.24,always,nats-old,1,0,2,15,65536,compressible,inherited,False,,250,0.1,True,2026092417,False,complete,,complete,8572.0,8572.0,0.0,571.4318657041362,1.707592,2.681321,8572.0,1.745354444237045,7.05635,8487.0,85.0,15.00091352,15.001464687,0.08711649344030482,4.355824672015241,0.0,0.0,0.11977058029689609,0.0028677462887989206,15.00328396,0.21240903048268375,10.620451524134188,0.0,0.0,0.05770522074869901,0.041883498405237536,,,,,,,,,,,,,,,,,,,,,,
F0016,main02,0,publication,redis,7.4.2,memory,redis-old,16,0,2,15,65536,compressible,inherited,False,,250,0.1,True,2026092418,False,complete,,complete,1102191.0,1102191.0,0.0,73478.69918955861,0.205386,0.466064,1102191.0,0.21649545032304135,8.654738,1091170.0,11021.0,15.000143064,15.000733974,1.1081558428282279,55.40779214141139,0.0,0.0,0.6081694402420574,0.0021852412170112624,15.001781359,0.5322217281356393,26.611086406781965,0.0,0.0,0.14018496045528728,0.001129848935012763,,,,,,,,,,,,,,,,,,,,,,
F0017,main02,0,publication,nats,2.10.24,memory,nats-old,16,0,2,15,65536,compressible,inherited,False,,250,0.1,True,2026092419,False,complete,,complete,894937.0,894937.0,0.0,59661.6923732456,0.240972,0.726391,894937.0,0.2667448095877104,15.075795,885988.0,8949.0,15.000194671,15.000711874,1.175366485810552,58.768324290527595,0.0,0.0,0.5957873620862588,0.003510531594784353,15.001868751,1.1882170345485645,59.41085172742822,0.0,0.0,0.2319540421280493,0.003621680126550662,,,,,,,,,,,,,,,,,,,,,,
F0018,main02,0,publication,nats,2.10.24,periodic,nats-old,16,0,2,15,65536,compressible,inherited,False,,250,0.1,True,2026092420,False,complete,,complete,677445.0,677445.0,0.0,45162.25489806461,0.298923,0.976682,677445.0,0.3526232749935422,22.112594,670671.0,6774.0,15.000247475,15.000783544,1.0419223072018484,52.09611536009242,0.0,0.0,0.5887772194304858,0.003015075376884422,15.001943776,1.189866277765738,59.493313888286906,0.0,0.0,0.20448565342688887,0.003758927452700163,,,,,,,,,,,,,,,,,,,,,,
F0019,main02,0,publication,nats,2.10.24,always,nats-old,16,0,2,15,65536,compressible,inherited,False,,250,0.1,True,2026092421,False,failed,context deadline exceeded,warmup,,,,,,,,,,,,,,,,,,,,,,,,,,,,,True,,,,,,,,,,,,,,,,,,,
F0020,main02,0,publication,nats,2.15.0,periodic,nats-current,16,0,2,15,65536,compressible,inherited,False,,250,0.1,True,2026092422,False,complete,,complete,744559.0,744559.0,0.0,49636.62639058642,0.288478,0.773208,744559.0,0.32079861073601573,20.175025,737114.0,7445.0,15.000193489,15.000807125,1.1145139631944971,55.72569815972486,0.0,0.0,0.5723143958438076,0.004189710072063013,15.002008932,1.2357297002041272,61.78648501020636,0.0,0.0,0.18462051153878198,0.00424893776555861,,,,,,,,,,,,,,,,,,,,,,
F0021,main02,0,publication,redis,7.4.2,periodic,redis-old,1,0,2,15,65536,compressible,inherited,False,,250,0.1,True,2026092423,False,complete,,complete,83847.0,83847.0,0.0,5589.773750422468,0.175058,0.258537,83847.0,0.17608415178837628,7.312842,83009.0,838.0,15.00007044,15.000576933,0.3519905283365677,17.599526416828386,0.0,0.0,0.2523956194387406,0.002566735112936345,15.002349162,0.11573107526371809,5.786553763185904,0.0,0.0,0.05278971748111672,0.012602762592329841,,,,,,,,,,,,,,,,,,,,,,
F0022,main02,0,publication,redis,8.10.2,memory,redis-current,1,0,2,15,65536,compressible,inherited,False,,250,0.1,True,2026092424,False,complete,,complete,87073.0,87073.0,0.0,5804.8122523566135,0.168151,0.256715,87073.0,0.16938568849126337,6.906349,86203.0,870.0,15.00014061,15.000706425,0.3573301048720444,17.86650524360222,0.0,0.0,0.2726337448559671,0.002914951989026063,15.002319918,0.07650376783546205,3.825188391773102,0.0,0.0,0.07398737616519667,0.0020482380972286084,,,,,,,,,,,,,,,,,,,,,,
F0023,main02,0,publication,redis,7.4.2,always,redis-old,1,0,2,15,65536,compressible,inherited,False,,250,0.1,True,2026092425,False,complete,,complete,1761.0,1761.0,0.0,117.38688375306647,1.970804,37.976028,1761.0,8.513104261215231,2296.817583,1744.0,17.0,15.001676028,15.002321826,0.015273702474698534,0.7636851237349267,0.0,0.0,0.12607449856733524,0.0026967807180178663,15.003714251,0.040984718164638154,2.049235908231908,0.0,0.0,0.06259414225941423,0.23774058577405857,,,,,,,,,,,,,,,,,,,,,,
F0024,main02,0,publication,redis,8.10.2,always,redis-current,16,0,2,15,65536,compressible,inherited,False,,250,0.1,True,2026092426,False,complete,,complete,76566.0,76566.0,0.0,5103.496067415607,3.073759,5.275888,76566.0,3.131517730454804,11.359181,75801.0,765.0,15.002656804,15.003374623,0.2733353064258816,13.666765321294081,0.0,0.0,0.24888003982080636,0.002654720424755268,15.005350499,0.21021774867639498,10.510887433819748,0.0,0.0,0.06803916645744414,0.04966942840405055,,,,,,,,,,,,,,,,,,,,,,
F0025,main02,1,publication,redis,8.10.2,periodic,redis-current,16,0,2,15,65536,compressible,inherited,False,,250,0.1,True,2026092427,False,complete,,complete,910917.0,910917.0,0.0,60727.09677212243,0.243541,0.56963,910917.0,0.26215339062065374,35.18177,901808.0,9109.0,15.000173702,15.000579454,1.0086782344908207,50.43391172454103,0.0,0.0,0.5692541856925418,0.0025367833587011668,15.001713079,0.6162548871129493,30.812744355647464,0.0,0.0,0.13752250177921044,0.061246703227697076,,,,,,,,,,,,,,,,,,,,,,
F0026,main02,1,publication,nats,2.10.24,memory,nats-old,1,0,2,15,65536,compressible,inherited,False,,250,0.1,True,2026092428,False,complete,,complete,68578.0,68578.0,0.0,4571.81742118292,0.213104,0.311541,68578.0,0.215494711729708,6.295985,67893.0,685.0,15.000161573,15.000760356,0.4836031526294186,24.18015763147093,0.0,0.0,0.27877415984676995,0.003134250391781299,15.002457122,0.18461709155218475,9.230854577609238,0.0,0.0,0.06988548177356432,0.0008389613658291036,,,,,,,,,,,,,,,,,,,,,,
F0027,main02,1,publication,redis,7.4.2,memory,redis-old,1,0,2,15,65536,compressible,inherited,False,,250,0.1,True,2026092429,False,complete,,complete,88585.0,88585.0,0.0,5905.620774875041,0.165465,0.260097,88585.0,0.1666680125416255,7.935587,87700.0,885.0,15.000116563,15.000959016,0.3498943630471686,17.49471815235843,0.0,0.0,0.3058319039451115,0.003602058319039451,15.002854519,0.0798505376748698,3.9925268837434897,0.0,0.0,0.07886712059818705,0.00852165921717699,,,,,,,,,,,,,,,,,,,,,,
F0028,main02,1,publication,nats,2.15.0,periodic,nats-current,16,0,2,15,65536,compressible,inherited,False,,250,0.1,True,2026092430,False,complete,,complete,755619.0,755619.0,0.0,50370.41095148928,0.284532,0.77646,755619.0,0.3160830003109961,18.58427,748063.0,7556.0,15.001247473,15.001791902,1.1045022560132296,55.22511280066148,0.0,0.0,0.5770519262981575,0.0023450586264656616,15.003215169,1.2455441576690753,62.27720788345377,0.0,0.0,0.18822892369210265,0.0030406531156281238,,,,,,,,,,,,,,,,,,,,,,
F0029,main02,1,publication,nats,2.15.0,memory,nats-current,16,0,2,15,65536,compressible,inherited,False,,250,0.1,True,2026092431,False,complete,,complete,876947.0,876947.0,0.0,58462.225687792125,0.243622,0.697632,876947.0,0.27219439938559203,15.753364,868178.0,8769.0,15.00023288,15.000797281,1.1422845518820128,57.11422759410064,0.0,0.0,0.6396261058254048,0.0025037556334501754,15.001934656,1.1475502590004083,57.37751295002042,0.0,0.0,0.18770024549577663,0.003911288644780094,,,,,,,,,,,,,,,,,,,,,,
F0030,main02,1,publication,redis,8.10.2,always,redis-current,16,0,2,15,65536,compressible,inherited,False,,250,0.1,True,2026092432,False,complete,,complete,30549.0,30549.0,0.0,2036.261166956323,3.145168,41.901131,30549.0,7.853339282529748,914.493039,30244.0,305.0,15.002495994,15.003055918,0.12092109833593437,6.046054916796718,0.0,0.0,0.15293132328308207,0.002847571189279732,15.004539263,0.09168232198853622,4.5841160994268115,0.0,0.0,0.058093367325615416,0.053872194591883645,,,,,,,,,,,,,,,,,,,,,,
F0031,main02,1,publication,redis,7.4.2,memory,redis-old,16,0,2,15,65536,compressible,inherited,False,,250,0.1,True,2026092433,False,complete,,complete,1099003.0,1099003.0,0.0,73265.79280505714,0.204832,0.472648,1099003.0,0.21712652124334078,8.487514,1088013.0,10990.0,15.000219856,15.000694238,1.1221463975552837,56.10731987776418,0.0,0.0,0.6215219577606437,0.0026818638954073082,15.001755722,0.5325444666642599,26.627223333212996,0.0,0.0,0.12561658724186942,0.0006688403979600368,,,,,,,,,,,,,,,,,,,,,,
F0032,main02,1,publication,redis,7.4.2,periodic,redis-old,16,0,2,15,65536,compressible,inherited,False,,250,0.1,True,2026092434,False,complete,,complete,927302.0,927302.0,0.0,61819.246214786304,0.246145,0.540866,927302.0,0.2575435551751167,8.598605,918029.0,9273.0,15.000215253,15.000733954,1.0213432920670278,51.06716460335139,0.0,0.0,0.5755676042019654,0.0028803795323619113,15.001760102,0.6289284014575158,31.446420072875792,0.0,0.0,0.13838109182179462,0.002384438402007948,,,,,,,,,,,,,,,,,,,,,,
F0033,main02,1,publication,nats,2.10.24,memory,nats-old,16,0,2,15,65536,compressible,inherited,False,,250,0.1,True,2026092435,False,complete,,complete,928256.0,928256.0,0.0,61883.000952142596,0.236311,0.669293,928256.0,0.2571514485659123,14.434825,918974.0,9282.0,15.000177524,15.000716512,1.1776860782528467,58.88430391264233,0.0,0.0,0.6003677085074377,0.0031756643824168477,15.001870193,1.1761217616876096,58.806088084380484,0.0,0.0,0.1886470514794623,0.005576594947771443,,,,,,,,,,,,,,,,,,,,,,
F0034,main02,1,publication,nats,2.10.24,always,nats-old,16,0,2,15,65536,compressible,inherited,False,,250,0.1,True,2026092436,False,complete,,complete,3535.0,3535.0,0.0,235.33577288165168,22.884393,288.898564,3535.0,67.9735076124471,1749.163929,3500.0,35.0,15.021090745,15.021753777,0.021583631632707462,1.0791815816353731,0.0,0.0,0.093371467025572,0.004374158815612382,15.023617479,0.06833959939642577,3.4169799698212886,0.0,0.0,0.055358261959473576,0.05615207854606225,,,,,,,,,,,,,,,,,,,,,,
F0035,main02,1,publication,nats,2.15.0,memory,nats-current,1,0,2,15,65536,compressible,inherited,False,,250,0.1,True,2026092437,False,complete,,complete,69257.0,69257.0,0.0,4617.098284324644,0.213721,0.315876,69257.0,0.2134552931978004,6.108114,68565.0,692.0,15.000113867,15.000807173,0.4701764990816471,23.508824954082357,0.0,0.0,0.29220327184128086,0.0029585798816568047,15.002691372,0.194304470292612,9.7152235146306,0.0,0.0,0.0641579013535599,0.0008800234672924611,,,,,,,,,,,,,,,,,,,,,,
F0036,main02,1,publication,redis,7.4.2,always,redis-old,16,0,2,15,65536,compressible,inherited,False,,250,0.1,True,2026092438,False,failed,read tcp 10.42.134.13:57152->10.43.245.217:6379: i/o timeout,warmup,,,,,,,,,,,,,,,,,,,,,,,,,,,,,True,,,,,,,,,,,,,,,,,,,
F0037,main02,1,publication,nats,2.10.24,always,nats-old,1,0,2,15,65536,compressible,inherited,False,,250,0.1,True,2026092439,False,complete,,complete,1022.0,1022.0,0.0,68.1158354786754,12.692375,51.876053,1022.0,14.672657137964773,98.711239,1012.0,10.0,15.003853257,15.004145116,0.01739292695334659,0.8696463476673294,0.0,0.0,0.09210304765111972,0.00353594881293147,15.005778887,0.034486380473613604,1.7243190236806802,0.0,0.0,0.04352734570998495,0.05949991637397558,,,,,,,,,,,,,,,,,,,,,,
F0038,main02,1,publication,nats,2.10.24,periodic,nats-old,16,0,2,15,65536,compressible,inherited,False,,250,0.1,True,2026092440,False,complete,,complete,738843.0,738843.0,0.0,49255.52302224048,0.279374,0.932433,738843.0,0.32324504836480944,24.265115,731455.0,7388.0,15.000206163,15.000770121,1.0642356939828743,53.21178469914371,0.0,0.0,0.6050603217158177,0.0023458445040214475,15.001959322,1.2299078143040976,61.49539071520488,0.0,0.0,0.20210280373831777,0.07906375166889186,,,,,,,,,,,,,,,,,,,,,,
F0039,main02,1,publication,nats,2.15.0,always,nats-current,16,0,2,15,65536,compressible,inherited,False,,250,0.1,True,2026092441,False,complete,,complete,10276.0,10276.0,0.0,684.0054137534817,23.277188,43.861361,10276.0,23.383290705040977,83.20987,10174.0,102.0,15.023272906,15.023881771,0.05942159380694983,2.971079690347491,0.0,0.0,0.10881612090680101,0.003526448362720403,15.025830357,0.19531546212571152,9.765773106285575,0.0,0.0,0.06769089082384461,0.05375083724045546,,,,,,,,,,,,,,,,,,,,,,
F0040,main02,1,publication,redis,8.10.2,always,redis-current,1,0,2,15,65536,compressible,inherited,False,,250,0.1,True,2026092442,False,complete,,complete,8815.0,8815.0,0.0,587.6502888922919,1.630218,2.947743,8815.0,1.6975706626205351,214.836131,8727.0,88.0,15.000418049,15.001204696,0.058860139428364745,2.9430069714182374,0.0,0.0,0.11544934365533491,0.0030292830696735107,15.003209834,0.1595541238498951,7.977706192494755,0.0,0.0,0.05291138180752648,0.043199799070702,,,,,,,,,,,,,,,,,,,,,,
F0041,main02,1,publication,nats,2.15.0,always,nats-current,1,0,2,15,65536,compressible,inherited,False,,250,0.1,True,2026092443,False,complete,,complete,8604.0,8604.0,0.0,573.5427677348913,1.694042,3.021653,8604.0,1.739171677708044,7.278947,8518.0,86.0,15.001496809,15.002154113,0.08728926460402374,4.364463230201187,0.0,0.0,0.12764158918005072,0.003212172442941674,15.004064212,0.21481632939308565,10.740816469654282,0.0,0.0,0.06511608379864814,0.037910911457240015,,,,,,,,,,,,,,,,,,,,,,
F0042,main02,1,publication,redis,8.10.2,memory,redis-current,1,0,2,15,65536,compressible,inherited,False,,250,0.1,True,2026092444,False,complete,,complete,85922.0,85922.0,0.0,5728.0813681791615,0.169693,0.25201,85922.0,0.17170698530062112,7.17473,85063.0,859.0,15.00013608,15.000713178,0.36761605495447736,18.38080274772387,0.0,0.0,0.2497865801604917,0.0029025098173126175,15.00268974,0.07884766135275688,3.9423830676378437,0.0,0.0,0.05517241379310345,0.0008777429467084639,,,,,,,,,,,,,,,,,,,,,,
F0043,main02,1,publication,redis,8.10.2,periodic,redis-current,1,0,2,15,65536,compressible,inherited,False,,250,0.1,True,2026092445,False,complete,,complete,73471.0,73471.0,0.0,4898.0095010181785,0.201387,0.279206,73471.0,0.2012655858093703,6.019445,72737.0,734.0,15.000175068,15.000929384,0.3117666166063195,15.588330830315975,0.0,0.0,0.28532562489372554,0.0028906648529161707,15.002746688,0.10869542983781398,5.434771491890699,0.0,0.0,0.05151667084482327,0.007604245007102866,,,,,,,,,,,,,,,,,,,,,,
F0044,main02,1,publication,nats,2.15.0,periodic,nats-current,1,0,2,15,65536,compressible,inherited,False,,250,0.1,True,2026092446,False,complete,,complete,64606.0,64606.0,0.0,4307.066791858741,0.228034,0.331347,64606.0,0.22903228303872644,16.880806,63960.0,646.0,14.999999564,15.000274247,0.4439163504848419,22.195817524242095,0.0,0.0,0.30898100172711573,0.0025906735751295338,15.0017548,0.2321957695242426,11.60978847621213,0.0,0.0,0.06758793969849246,0.0024288107202680067,,,,,,,,,,,,,,,,,,,,,,
F0045,main02,1,publication,redis,7.4.2,always,redis-old,1,0,2,15,65536,compressible,inherited,False,,250,0.1,True,2026092447,False,failed,read tcp 10.42.134.13:41268->10.43.245.217:6379: i/o timeout,measurement,185.0,184.0,1.0,,,,,,,,,,,,,,,,,,,,,,,,7.352283321,185.0,True,,,,,,,,,,,,,,,,,,,
F0046,main02,1,publication,redis,8.10.2,memory,redis-current,16,0,2,15,65536,compressible,inherited,False,,250,0.1,True,2026092448,False,complete,,complete,1099413.0,1099413.0,0.0,73293.47273818741,0.205424,0.475491,1099413.0,0.2170273502469106,9.166844,1088419.0,10994.0,15.000148839,15.000715346,1.1111668754146893,55.55834377073447,0.0,0.0,0.6146911519198665,0.0021702838063439064,15.001853358,0.521867852802671,26.09339264013355,0.0,0.0,0.1381705582057076,0.000962423633776885,,,,,,,,,,,,,,,,,,,,,,
F0047,main02,1,publication,nats,2.10.24,periodic,nats-old,1,0,2,15,65536,compressible,inherited,False,,250,0.1,True,2026092449,False,complete,,complete,63721.0,63721.0,0.0,4248.007588775528,0.226739,0.338244,63721.0,0.23210204350214184,28.50227,63084.0,637.0,15.000208608,15.001026063,0.45653917080325257,22.82695854016263,0.0,0.0,0.27864897466827504,0.003791142512493538,15.002554408,0.21717301676723905,10.858650838361953,0.0,0.0,0.06923817094088608,0.0069865707233401665,,,,,,,,,,,,,,,,,,,,,,
F0048,main02,1,publication,redis,7.4.2,periodic,redis-old,1,0,2,15,65536,compressible,inherited,False,,250,0.1,True,2026092450,False,complete,,complete,73441.0,73441.0,0.0,4896.049804018335,0.201591,0.284208,73441.0,0.2013890020560747,6.34786,72707.0,734.0,15.000051662,15.000613794,0.30616673844619613,15.308336922309806,0.0,0.0,0.27502544960977265,0.002544960977265015,15.00223543,0.10987522544165272,5.493761272082636,0.0,0.0,0.05898078529657477,0.002130325814536341,,,,,,,,,,,,,,,,,,,,,,
F0049,main02,2,publication,nats,2.15.0,memory,nats-current,16,0,2,15,65536,compressible,inherited,False,,250,0.1,True,2026092451,False,complete,,complete,928091.0,928091.0,0.0,61871.873405038416,0.23874,0.621887,928091.0,0.25720535016717794,8.384239,918811.0,9280.0,15.000208478,15.000759866,1.1802244125064378,59.01122062532189,0.0,0.0,0.6052150805514034,0.0026573658860654377,15.002269503,1.1873731502048994,59.36865751024497,0.0,0.0,0.1894229170131382,0.0033261267254282387,,,,,,,,,,,,,,,,,,,,,,
F0050,main02,2,publication,redis,8.10.2,memory,redis-current,1,0,2,15,65536,compressible,inherited,False,,250,0.1,True,2026092452,False,complete,,complete,73464.0,73464.0,0.0,4897.583679292147,0.201487,0.273301,73464.0,0.2012290925623432,7.078892,72730.0,734.0,15.000049986,15.000577512,0.3182683464140484,15.91341732070242,0.0,0.0,0.23521414004078858,0.003908905506458192,15.002090933,0.06933893446224987,3.4669467231124935,0.0,0.0,0.062356429854237144,0.0033412688468445893,,,,,,,,,,,,,,,,,,,,,,
F0051,main02,2,publication,nats,2.15.0,periodic,nats-current,16,0,2,15,65536,compressible,inherited,False,,250,0.1,True,2026092453,False,complete,,complete,753067.0,753067.0,0.0,50203.582531374705,0.284323,0.78806,753067.0,0.31715869999881346,22.254848,745537.0,7530.0,15.000264165,15.000655469,1.1022429009298647,55.11214504649323,0.0,0.0,0.5830141548709409,0.002497918401332223,15.001663485,1.2333077607359755,61.665388036798774,0.0,0.0,0.176603018427416,0.004877845409822396,,,,,,,,,,,,,,,,,,,,,,
F0052,main02,2,publication,nats,2.10.24,memory,nats-old,1,0,2,15,65536,compressible,inherited,False,,250,0.1,True,2026092454,False,complete,,complete,70456.0,70456.0,0.0,4697.054885826739,0.208937,0.309114,70456.0,0.2097265313670964,5.947085,69752.0,704.0,15.000037622,15.000675246,0.4743413135283604,23.71706567641802,0.0,0.0,0.294494459833795,0.002943213296398892,15.002289277,0.18683388569884327,9.341694284942163,0.0,0.0,0.058170235949876366,0.17924646913373288,,,,,,,,,,,,,,,,,,,,,,
F0053,main02,2,publication,nats,2.15.0,memory,nats-current,1,0,2,15,65536,compressible,inherited,False,,250,0.1,True,2026092455,False,complete,,complete,67784.0,67784.0,0.0,4518.856877287541,0.216168,0.320284,67784.0,0.21804933106633045,5.888549,67107.0,677.0,15.00025379,15.000860803,0.476916364597507,23.845818229875352,0.0,0.0,0.2899827288428325,0.0024179620034542313,15.002506415,0.19396898888111558,9.698449444055779,0.0,0.0,0.07812958691549592,0.012497378905430907,,,,,,,,,,,,,,,,,,,,,,
F0054,main02,2,publication,redis,7.4.2,memory,redis-old,16,0,2,15,65536,compressible,inherited,False,,250,0.1,True,2026092456,False,complete,,complete,1009276.0,1009276.0,0.0,67284.30036128423,0.214508,0.562861,1009276.0,0.2364367591174354,17.34333,999184.0,10092.0,15.000170836,15.00084863,1.0463968664151502,52.319843320757506,0.0,0.0,0.6404531822725759,0.002999000333222259,15.00198785,0.5238815068097792,26.194075340488958,0.0,0.0,0.2295687195838228,0.021228394025843263,,,,,,,,,,,,,,,,,,,,,,
F0055,main02,2,publication,nats,2.10.24,periodic,nats-old,1,0,2,15,65536,compressible,inherited,False,,250,0.1,True,2026092457,False,complete,,complete,63816.0,63816.0,0.0,4254.341203586453,0.228451,0.342011,63816.0,0.23189557950983936,8.97791,63178.0,638.0,15.000207305,15.000766738,0.4360135794546744,21.80067897273372,0.0,0.0,0.27954584551866507,0.003612592465164287,15.002315778,0.22479556155893626,11.239778077946813,0.0,0.0,0.09791177457229118,0.004402884937940288,,,,,,,,,,,,,,,,,,,,,,
F0056,main02,2,publication,redis,7.4.2,periodic,redis-old,16,0,2,15,65536,compressible,inherited,False,,250,0.1,True,2026092458,False,complete,,complete,916569.0,916569.0,0.0,61103.589770276754,0.250641,0.535134,916569.0,0.2605436376366627,6.616859,907404.0,9165.0,15.000247996,15.000901336,1.03039968424468,51.51998421223401,0.0,0.0,0.5725712381269789,0.002666222296283953,15.002156289,0.6312526557894733,31.562632789473668,0.0,0.0,0.1350232149579621,0.002258752666583009,,,,,,,,,,,,,,,,,,,,,,
F0057,main02,2,publication,nats,2.10.24,always,nats-old,1,0,2,15,65536,compressible,inherited,False,,250,0.1,True,2026092459,False,complete,,complete,6642.0,6642.0,0.0,442.77671124380026,1.737732,11.233364,6642.0,2.2536178093947603,43.440281,6576.0,66.0,15.000788956,15.001494773,0.07136108875808492,3.568054437904246,0.0,0.0,0.10927208241851039,0.003040027022462422,15.003325662,0.17332557184880495,8.666278592440248,0.0,0.0,0.05669713998154827,0.04315189130252453,,,,,,,,,,,,,,,,,,,,,,
F0058,main02,2,publication,nats,2.10.24,always,nats-old,16,0,2,15,65536,compressible,inherited,False,,250,0.1,True,2026092460,False,complete,,complete,10366.0,10366.0,0.0,690.4451082794931,22.632484,42.056352,10366.0,23.166802717441588,334.115859,10263.0,103.0,15.013503428,15.014024925,0.05898451643871905,2.9492258219359524,0.0,0.0,0.12453781512605042,0.0031932773109243696,15.015843591,0.19083609806095245,9.541804903047622,0.0,0.0,0.0611476164567028,0.04691750721968777,,,,,,,,,,,,,,,,,,,,,,
F0059,main02,2,publication,nats,2.10.24,periodic,nats-old,16,0,2,15,65536,compressible,inherited,False,,250,0.1,True,2026092461,False,complete,,complete,733374.0,733374.0,0.0,48890.905097268886,0.283375,0.912877,733374.0,0.32564821119782816,20.843501,726041.0,7333.0,15.0002132,15.000935391,1.0729292927730603,53.646464638653015,0.0,0.0,0.6153974615898463,0.0033400133600534404,15.002250994,1.2332641286563986,61.663206432819926,0.0,0.0,0.190001667778519,0.014092728485657105,,,,,,,,,,,,,,,,,,,,,,
F0060,main02,2,publication,nats,2.10.24,memory,nats-old,16,0,2,15,65536,compressible,inherited,False,,250,0.1,True,2026092462,False,complete,,complete,899659.0,899659.0,0.0,59976.48460529487,0.240879,0.686807,899659.0,0.2653241018986083,15.986372,890663.0,8996.0,15.000195592,15.000837461,1.1887202995406152,59.43601497703076,0.0,0.0,0.6053159478435306,0.0026746907388833165,15.002131845,1.1592301800624523,57.961509003122615,0.0,0.0,0.17850751238190368,0.008615307778748908,,,,,,,,,,,,,,,,,,,,,,
F0061,main02,2,publication,redis,8.10.2,always,redis-current,16,0,2,15,65536,compressible,inherited,False,,250,0.1,True,2026092463,False,complete,,complete,48800.0,48800.0,0.0,3252.741695182289,3.059487,40.189135,48800.0,4.915127192418043,945.102982,48312.0,488.0,15.002728336,15.003479731,0.17367197788231545,8.683598894115772,0.0,0.0,0.22759767248545304,0.0029925187032418953,15.005096815,0.135245845129857,6.76229225649285,0.0,0.0,0.04941471571906354,0.04983277591973244,,,,,,,,,,,,,,,,,,,,,,
F0062,main02,2,publication,redis,7.4.2,always,redis-old,16,0,2,15,65536,compressible,inherited,False,,250,0.1,True,2026092464,False,complete,,complete,76364.0,76364.0,0.0,5089.994630415598,3.054833,5.831937,76364.0,3.1399126653003724,14.946118,75601.0,763.0,15.002766318,15.00338448,0.2696357615438513,13.481788077192567,0.0,0.0,0.26299186451934253,0.0031545741324921135,15.005261223,0.21208847701511288,10.604423850755644,0.0,0.0,0.0941944119123306,0.04203613853103564,,,,,,,,,,,,,,,,,,,,,,
F0063,main02,2,publication,nats,2.15.0,periodic,nats-current,1,0,2,15,65536,compressible,inherited,False,,250,0.1,True,2026092465,False,complete,,complete,62657.0,62657.0,0.0,4177.109265108222,0.23163,0.333464,62657.0,0.23617093797979752,14.334135,62031.0,626.0,15.000086429,15.00092498,0.4452284781708174,22.26142390854087,0.0,0.0,0.2681409813407049,0.0027643400138217,15.002506835,0.22748078288077647,11.374039144038823,0.0,0.0,0.07548038682128354,0.0012559132582576297,,,,,,,,,,,,,,,,,,,,,,
F0064,main02,2,publication,redis,8.10.2,periodic,redis-current,1,0,2,15,65536,compressible,inherited,False,,250,0.1,True,2026092466,False,complete,,complete,82814.0,82814.0,0.0,5520.85907041769,0.177132,0.264353,82814.0,0.17819180468278378,7.455931,81986.0,828.0,15.00020177,15.000840168,0.34906891489786057,17.453445744893028,0.0,0.0,0.2623871956410693,0.002554060956921505,15.002645097,0.11857802330841873,5.928901165420936,0.0,0.0,0.059179752756431676,0.004844637487470765,,,,,,,,,,,,,,,,,,,,,,
F0065,main02,2,publication,redis,7.4.2,memory,redis-old,1,0,2,15,65536,compressible,inherited,False,,250,0.1,True,2026092467,False,complete,,complete,86695.0,86695.0,0.0,5779.660217721796,0.168434,0.250821,86695.0,0.17023026949651046,6.786384,85829.0,866.0,15.000016737,15.000603709,0.3626660703486224,18.13330351743112,0.0,0.0,0.254855195911414,0.00272572402044293,15.002226513,0.0736388028165483,3.681940140827415,0.0,0.0,0.05493816844919786,0.0007520053475935829,,,,,,,,,,,,,,,,,,,,,,
F0066,main02,2,publication,redis,7.4.2,periodic,redis-old,1,0,2,15,65536,compressible,inherited,False,,250,0.1,True,2026092468,False,complete,,complete,84247.0,84247.0,0.0,5616.409171485978,0.175064,0.262192,84247.0,0.1753137005234616,6.092855,83405.0,842.0,15.000153555,15.00081016,0.3483463855794839,17.417319278974194,0.0,0.0,0.29423763386027535,0.002889682134965154,15.002489576,0.11700931309482283,5.850465654741142,0.0,0.0,0.05007733143836476,0.004556284746896292,,,,,,,,,,,,,,,,,,,,,,
F0067,main02,2,publication,nats,2.15.0,always,nats-current,1,0,2,15,65536,compressible,inherited,False,,250,0.1,True,2026092469,False,complete,,complete,8614.0,8614.0,0.0,574.2174071967033,1.69489,3.048804,8614.0,1.7370141826096965,8.158551,8528.0,86.0,15.001286781,15.001845668,0.08686491174747099,4.343245587373549,0.0,0.0,0.12713152118858687,0.0027013337835556307,15.003820078,0.2123069980471676,10.61534990235838,0.0,0.0,0.06743082672040979,0.03812402905487677,,,,,,,,,,,,,,,,,,,,,,
F0068,main02,2,publication,redis,7.4.2,always,redis-old,1,0,2,15,65536,compressible,inherited,False,,250,0.1,True,2026092470,False,complete,,complete,8773.0,8773.0,0.0,584.8084948299924,1.663316,2.428415,8773.0,1.7058944493331796,112.845753,8686.0,87.0,15.001492074,15.002065723,0.06085781897357444,3.0428909486787217,0.0,0.0,0.10709482178883659,0.003194351042367182,15.003703963,0.15924207821561642,7.962103910780821,0.0,0.0,0.054915595023666906,0.046705483181837225,,,,,,,,,,,,,,,,,,,,,,
F0069,main02,2,publication,redis,8.10.2,periodic,redis-current,16,0,2,15,65536,compressible,inherited,False,,250,0.1,True,2026092471,False,complete,,complete,922708.0,922708.0,0.0,61512.85968064941,0.248136,0.536684,922708.0,0.25880359179176354,10.71706,913481.0,9227.0,15.000245555,15.000903644,1.0209924924173457,51.049624620867284,0.0,0.0,0.5849465954606141,0.0025033377837116156,15.002109367,0.6212657015087338,31.063285075436692,0.0,0.0,0.14178042040030148,0.0021354995394020602,,,,,,,,,,,,,,,,,,,,,,
F0070,main02,2,publication,redis,8.10.2,memory,redis-current,16,0,2,15,65536,compressible,inherited,False,,250,0.1,True,2026092472,False,complete,,complete,1109992.0,1109992.0,0.0,73998.70840683486,0.204489,0.456309,1109992.0,0.21495930136884359,7.909604,1098893.0,11099.0,15.000153704,15.000679359,1.1080484158224184,55.40242079112092,0.0,0.0,0.6132154179876522,0.0033372267645586516,15.001776117,0.5205477630845783,26.027388154228916,0.0,0.0,0.14133935667377756,0.0007529175555276697,,,,,,,,,,,,,,,,,,,,,,
F0071,main02,2,publication,redis,8.10.2,always,redis-current,1,0,2,15,65536,compressible,inherited,False,,250,0.1,True,2026092473,False,failed,read tcp 10.42.134.13:40602->10.43.255.144:6379: i/o timeout,warmup,,,,,,,,,,,,,,,,,,,,,,,,,,,,,True,,,,,,,,,,,,,,,,,,,
F0072,main02,2,publication,nats,2.15.0,always,nats-current,16,0,2,15,65536,compressible,inherited,False,,250,0.1,True,2026092474,False,complete,,complete,7895.0,7895.0,0.0,526.2520987087839,22.802155,164.201166,7895.0,30.397512564281207,342.891482,7817.0,78.0,15.002315467,15.002856569,0.044843326796187806,2.2421663398093905,0.0,0.0,0.12777404169468728,0.004707464694014795,15.004552491,0.15424265411368876,7.7121327056844375,0.0,0.0,0.08329843370466539,0.04916659686740933,,,,,,,,,,,,,,,,,,,,,,
F0073,main02,0,drain,nats,2.15.0,memory,nats-current,16,16,2,15,65536,compressible,inherited,False,,250,0.1,True,2026092475,False,complete,,complete,65536.0,65536.0,0.0,30774.947423200472,0.483761,1.168643,65536.0,0.5186609392394997,2.97456,64881.0,655.0,2.129524353,2.129781287,1.1208409119616798,56.04204559808399,0.0,0.0,0.5950991831971996,0.0011668611435239206,2.130772807,1.3056234765436445,65.28117382718223,0.0,0.0,0.1817116060961313,0.0005861664712778429,,,,0.9976101959727154,,,,,,,,,,,,,,,,,,
F0074,main02,0,drain,nats,2.15.0,periodic,nats-current,16,1,4,15,65536,compressible,inherited,False,,250,0.1,True,2026092476,False,complete,,complete,65536.0,65536.0,0.0,2301.1246647852463,0.435194,0.636177,65536.0,0.4319190050506614,6.031611,64881.0,655.0,28.479986766,28.48022135,0.44527585808247233,11.131896452061808,0.0,0.0,0.3175596047502493,0.002538301151300879,28.481783897,0.22301240059155977,11.150620029577988,0.0,0.0,0.06698744123424637,0.0012139404507029818,,,,0.9938994757115752,,,,,,,,,,,,,,,,,,
F0075,main02,0,drain,nats,2.15.0,periodic,nats-current,16,1,2,15,65536,compressible,inherited,False,,250,0.1,True,2026092477,False,complete,,complete,65536.0,65536.0,0.0,2273.6128992233303,0.436809,0.623243,65536.0,0.4370012725677453,5.708371,64881.0,655.0,28.824607752,28.824882179,0.44819818932034217,22.40990946601711,0.0,0.0,0.28374853853763826,0.0023383397787570823,28.826348143,0.22043277797375208,11.021638898687604,0.0,0.0,0.060876215448486835,0.015666994428056375,,,,0.9935717302870446,,,,,,,,,,,,,,,,,,
F0076,main02,0,drain,nats,2.15.0,memory,nats-current,16,1,2,15,65536,compressible,inherited,False,,250,0.1,True,2026092478,False,complete,,complete,65536.0,65536.0,0.0,2279.9133329770675,0.436473,0.62694,65536.0,0.43578334896850307,6.927322,64881.0,655.0,28.744952298,28.745177939,0.4509971038450631,22.549855192253155,0.0,0.0,0.28777367330390125,0.0023425533831876746,28.746369888,0.2149433832540825,10.747169162704125,0.0,0.0,0.06612076892761747,0.005276524937601261,,,,0.9935482676026948,,,,,,,,,,,,,,,,,,
F0077,main02,0,drain,redis,8.10.2,periodic,redis-current,16,1,2,15,65536,compressible,inherited,False,,250,0.1,True,2026092479,False,complete,,complete,65536.0,65536.0,0.0,2442.0633527423965,0.408038,0.56549,65536.0,0.4066687179870661,6.816349,64881.0,655.0,26.836322623,26.836576025,0.3141813244784084,15.70906622392042,0.0,0.0,0.24406006462649688,0.002756130013305455,26.837991787,0.11801807024675502,5.900903512337751,0.0,0.0,0.06323529411764706,0.004621848739495798,,,,0.9931107729029331,,,,,,,,,,,,,,,,,,
F0078,main02,0,drain,redis,8.10.2,memory,redis-current,16,1,4,15,65536,compressible,inherited,False,,250,0.1,True,2026092480,False,complete,,complete,65536.0,65536.0,0.0,2919.5368265340862,0.341414,0.499033,65536.0,0.3399374513702401,3.65614,64881.0,655.0,22.447396246,22.44762695,0.35681927616852166,8.920481904213041,0.0,0.0,0.28533971728226176,0.0023939808481532147,22.449149372,0.08716134262265267,4.358067131132634,0.0,0.0,0.049571552181315766,0.006866329862952522,,,,0.9924599079935535,,,,,,,,,,,,,,,,,,
F0079,main02,0,drain,redis,8.10.2,periodic,redis-current,16,16,4,15,65536,compressible,inherited,False,,250,0.1,True,2026092481,False,complete,,complete,65536.0,65536.0,0.0,29794.044656553975,0.52615,0.873464,65536.0,0.53581861506653,1.869455,64881.0,655.0,2.199634214,2.199876841,1.296403938096642,32.41009845241605,0.0,0.0,0.680047225501771,0.0,2.200795689,0.6384440895730962,31.92220447865481,0.0,0.0,0.13939566704675027,0.002280501710376283,,,,0.9977627340690656,,,,,,,,,,,,,,,,,,
F0080,main02,0,drain,redis,8.10.2,memory,redis-current,16,1,2,15,65536,compressible,inherited,False,,250,0.1,True,2026092482,False,complete,,complete,65536.0,65536.0,0.0,2919.652874801706,0.340689,0.508551,65536.0,0.33985356985473586,5.041284,64881.0,655.0,22.446504023,22.446750963,0.35372263955205535,17.686131977602766,0.0,0.0,0.2597685344333677,0.002750085940185631,22.448244097,0.08342313955193803,4.171156977596901,0.0,0.0,0.07214652669198124,0.0033225374134465044,,,,0.9922544522380032,,,,,,,,,,,,,,,,,,
F0081,main02,0,drain,redis,8.10.2,memory,redis-current,16,16,2,15,65536,compressible,inherited,False,,250,0.1,True,2026092483,False,complete,,complete,65536.0,65536.0,0.0,35360.412008367,0.435168,0.84799,65536.0,0.4513236528015153,3.37023,64881.0,655.0,1.85337207,1.853595124,1.0821753758562433,54.10876879281217,0.0,0.0,0.5919778699861687,0.0013831258644536654,1.854688814,0.5587131340729593,27.935656703647965,0.0,0.0,0.11770691994572592,0.006445047489823609,,,,0.9974368945114188,,,,,,,,,,,,,,,,,,
F0082,main02,0,drain,redis,8.10.2,periodic,redis-current,16,16,2,15,65536,compressible,inherited,False,,250,0.1,True,2026092484,False,complete,,complete,65536.0,65536.0,0.0,28649.25388190658,0.538339,1.022902,65536.0,0.5572795483551038,4.677727,64881.0,655.0,2.287529032,2.287765423,0.9620085948820636,48.10042974410318,0.0,0.0,0.5826771653543307,0.0022497187851518562,2.288768718,0.6350921299161167,31.754606495805838,0.0,0.0,0.13823368074602305,0.027427317608337904,,,,0.997852704001223,,,,,,,,,,,,,,,,,,
F0083,main02,0,drain,redis,8.10.2,memory,redis-current,16,16,4,15,65536,compressible,inherited,False,,250,0.1,True,2026092485,False,complete,,complete,65536.0,65536.0,0.0,36485.69222370174,0.420149,0.764615,65536.0,0.4371991107330355,9.790121,64881.0,655.0,1.796210953,1.796456416,1.4471929164798618,36.179822911996546,0.0,0.0,0.7653958944281525,0.0,1.797444217,0.5562325609574119,27.811628047870595,0.0,0.0,0.12107466852756454,0.0006978367062107466,,,,0.9969695121675944,,,,,,,,,,,,,,,,,,
F0084,main02,0,drain,nats,2.15.0,memory,nats-current,16,1,4,15,65536,compressible,inherited,False,,250,0.1,True,2026092486,False,complete,,complete,65536.0,65536.0,0.0,2302.6793442077783,0.433499,0.631494,65536.0,0.4316097957763665,20.046494,64881.0,655.0,28.460758188,28.460975312,0.4456451284946746,11.141128212366864,0.0,0.0,0.3084671930302205,0.002450313095562211,28.462798659,0.21865116198024115,10.932558099012057,0.0,0.0,0.07582184517497349,0.02010427712972782,,,,0.9938589614919784,,,,,,,,,,,,,,,,,,
F0085,main02,0,drain,redis,8.10.2,periodic,redis-current,16,1,4,15,65536,compressible,inherited,False,,250,0.1,True,2026092487,False,complete,,complete,65536.0,65536.0,0.0,2433.419588928477,0.408928,0.564103,65536.0,0.40810603356933306,6.408345,64881.0,655.0,26.93164808,26.931889757,0.3172296514313257,7.930741285783142,0.0,0.0,0.24180716044705436,0.002367872703163478,26.933349907,0.11396992986758808,5.6984964933794044,0.0,0.0,0.05776878532058885,0.0050001162817739945,,,,0.9930932164475246,,,,,,,,,,,,,,,,,,
F0086,main02,0,drain,nats,2.15.0,memory,nats-current,16,16,4,15,65536,compressible,inherited,False,,250,0.1,True,2026092488,False,complete,,complete,65536.0,65536.0,0.0,32810.8714885533,0.46191,0.965973,65536.0,0.4863780279541041,3.57805,64881.0,655.0,1.997386751,1.997636533,1.5113435052501616,37.783587631254036,0.0,0.0,0.7416879795396419,0.0012787723785166241,1.998617914,1.344056801043964,67.2028400521982,0.0,0.0,0.18497652582159624,0.0006259780907668231,,,,0.9974054356286255,,,,,,,,,,,,,,,,,,
F0087,main02,0,drain,nats,2.15.0,periodic,nats-current,16,16,4,15,65536,compressible,inherited,False,,250,0.1,True,2026092489,False,complete,,complete,65536.0,65536.0,0.0,31145.33490350126,0.480124,1.059663,65536.0,0.5124434547576943,6.970355,64881.0,655.0,2.10419956,2.104514412,1.4742531494718984,36.85632873679746,0.0,0.0,0.740072202166065,0.0024067388688327317,2.105589851,1.3488187163569303,67.44093581784651,0.0,0.0,0.2372327790973872,0.0017814726840855108,,,,0.9975139385959666,,,,,,,,,,,,,,,,,,
F0088,main02,0,drain,nats,2.15.0,periodic,nats-current,16,16,2,15,65536,compressible,inherited,False,,250,0.1,True,2026092490,False,complete,,complete,65536.0,65536.0,0.0,28666.571065646785,0.508952,1.334499,65536.0,0.5567867318115214,6.565601,64881.0,655.0,2.286147159,2.286635751,1.114299467628677,55.71497338143385,0.0,0.0,0.6048298572996706,0.0021953896816684962,2.287727252,1.2753006274893122,63.76503137446561,0.0,0.0,0.17889282792473413,0.0019089173711480775,,,,0.9975729009927659,,,,,,,,,,,,,,,,,,
F0089,main02,1,drain,nats,2.15.0,periodic,nats-current,16,16,4,15,65536,compressible,inherited,False,,250,0.1,True,2026092491,False,complete,,complete,65536.0,65536.0,0.0,32004.075722168614,0.465427,1.082222,65536.0,0.4986528583526602,17.719385,64881.0,655.0,2.047739187,2.047968147,1.489048550128646,37.22621375321615,0.0,0.0,0.7552275522755227,0.0012300123001230013,2.048835392,1.3364802319853717,66.82401159926859,0.0,0.0,0.19170984455958548,0.0015239256324291375,,,,0.9974327398621492,,,,,,,,,,,,,,,,,,
F0090,main02,1,drain,nats,2.15.0,periodic,nats-current,16,16,2,15,65536,compressible,inherited,False,,250,0.1,True,2026092492,False,complete,,complete,65536.0,65536.0,0.0,29236.984439304288,0.501234,1.275755,65536.0,0.5459331308135998,6.653059,64881.0,655.0,2.241544443,2.241803113,1.122156975075982,56.107848753799104,0.0,0.0,0.5921787709497207,0.0011173184357541898,2.242747602,1.2833254163033545,64.16627081516772,0.0,0.0,0.18080357142857142,0.012276785714285714,,,,0.997589903156116,,,,,,,,,,,,,,,,,,
F0091,main02,1,drain,redis,8.10.2,periodic,redis-current,16,1,4,15,65536,compressible,inherited,False,,250,0.1,True,2026092493,False,complete,,complete,65536.0,65536.0,0.0,2764.9085198988178,0.361226,0.524747,65536.0,0.35895202026367,6.116693,64881.0,655.0,23.702773357,23.703024636,0.3423301930706394,8.558254826765985,0.0,0.0,0.27920043219881147,0.002701242571582928,23.70466411,0.1262482769683084,6.31241384841542,0.0,0.0,0.05521034400698062,0.003410983896982998,,,,0.9924694990619194,,,,,,,,,,,,,,,,,,
F0092,main02,1,drain,nats,2.15.0,memory,nats-current,16,16,4,15,65536,compressible,inherited,False,,250,0.1,True,2026092494,False,complete,,complete,65536.0,65536.0,0.0,32997.70353132802,0.458388,0.998953,65536.0,0.48359665078735314,6.910054,64881.0,655.0,1.986077605,1.986428671,1.4977220392727608,37.44305098181902,0.0,0.0,0.759748427672956,0.0012578616352201257,1.987354764,1.3406468982102684,67.03234491051342,0.0,0.0,0.17802197802197803,0.0018838304552590266,,,,0.9973486819640162,,,,,,,,,,,,,,,,,,
F0093,main02,1,drain,redis,8.10.2,memory,redis-current,16,16,2,15,65536,compressible,inherited,False,,250,0.1,True,2026092495,False,complete,,complete,65536.0,65536.0,0.0,35355.481471584346,0.43276,0.904437,65536.0,0.45138859272766024,3.44819,64881.0,655.0,1.853630534,1.854028443,1.0801603435810936,54.008017179054676,0.0,0.0,0.6149659863945578,0.0027210884353741495,1.854995063,0.5562516152098244,27.81258076049122,0.0,0.0,0.12047377326565144,0.0013536379018612521,,,,0.9974413141667098,,,,,,,,,,,,,,,,,,
F0094,main02,1,drain,nats,2.15.0,memory,nats-current,16,16,2,15,65536,compressible,inherited,False,,250,0.1,True,2026092496,False,complete,,complete,65536.0,65536.0,0.0,30346.278177851244,0.49035,1.166387,65536.0,0.5260295146026641,5.274704,64881.0,655.0,2.159605854,2.159842591,1.1126361754387684,55.63180877193842,0.0,0.0,0.6036866359447005,0.002304147465437788,2.160820196,1.297766008107044,64.8883004053522,0.0,0.0,0.19924703156675355,0.0008688097306689834,,,,0.9976898737432761,,,,,,,,,,,,,,,,,,
F0095,main02,1,drain,redis,8.10.2,memory,redis-current,16,1,4,15,65536,compressible,inherited,False,,250,0.1,True,2026092497,False,complete,,complete,65536.0,65536.0,0.0,2462.3434283706024,0.405312,0.554607,65536.0,0.4034186389160125,5.426278,64881.0,655.0,26.615296325,26.615545948,0.316381223832561,7.909530595814025,0.0,0.0,0.2466212978050417,0.002971340937410141,26.616813562,0.07772440510886425,3.886220255443212,0.0,0.0,0.0667655437060056,0.008757680627162935,,,,0.9933552344170641,,,,,,,,,,,,,,,,,,
F0096,main02,1,drain,redis,8.10.2,periodic,redis-current,16,1,2,15,65536,compressible,inherited,False,,250,0.1,True,2026092498,False,complete,,complete,65536.0,65536.0,0.0,2742.632294492347,0.362898,0.522567,65536.0,0.36197972940063283,9.469538,64881.0,655.0,23.895292173,23.895531513,0.3475599609693436,17.37799804846718,0.0,0.0,0.25869262865090403,0.0027816411682892906,23.897054169,0.12541457950444168,6.2707289752220845,0.0,0.0,0.05757734661772417,0.0044048243314105924,,,,0.9927772958057817,,,,,,,,,,,,,,,,,,
F0097,main02,1,drain,nats,2.15.0,memory,nats-current,16,1,2,15,65536,compressible,inherited,False,,250,0.1,True,2026092499,False,complete,,complete,65536.0,65536.0,0.0,2302.215895822059,0.434271,0.621984,65536.0,0.43162011627197094,3.83139,64881.0,655.0,28.466487491,28.466735598,0.4427591620616141,22.137958103080706,0.0,0.0,0.3007840991976659,0.0023705324580598104,28.468252021,0.2159973150253151,10.799865751265756,0.0,0.0,0.06007995935767455,0.002473880679433658,,,,0.9936826926379008,,,,,,,,,,,,,,,,,,
F0098,main02,1,drain,nats,2.15.0,periodic,nats-current,16,1,4,15,65536,compressible,inherited,False,,250,0.1,True,2026092500,False,complete,,complete,65536.0,65536.0,0.0,2261.9238710720306,0.439224,0.641918,65536.0,0.439354635604858,6.446124,64881.0,655.0,28.97356575,28.973792709,0.45430020612770167,11.357505153192541,0.0,0.0,0.28609769189479334,0.0023259974950796207,28.975190289,0.22092272513668873,11.046136256834437,0.0,0.0,0.06705861934308154,0.0013667722480149261,,,,0.9937867381407827,,,,,,,,,,,,,,,,,,
F0099,main02,1,drain,redis,8.10.2,periodic,redis-current,16,16,2,15,65536,compressible,inherited,False,,250,0.1,True,2026092501,False,complete,,complete,65536.0,65536.0,0.0,28265.668544217235,0.545921,1.054526,65536.0,0.5648402725372342,5.867066,64881.0,655.0,2.318572437,2.318807674,0.9726382335579593,48.63191167789797,0.0,0.0,0.5866523143164694,0.002152852529601722,2.319733811,0.6427771983705418,32.13885991852709,0.0,0.0,0.14189189189189189,0.002162162162162162,,,,0.9978492452476696,,,,,,,,,,,,,,,,,,
F0100,main02,1,drain,redis,8.10.2,memory,redis-current,16,1,2,15,65536,compressible,inherited,False,,250,0.1,True,2026092502,False,complete,,complete,65536.0,65536.0,0.0,2880.9489414796262,0.345211,0.496601,65536.0,0.3443356276245138,3.950515,64881.0,655.0,22.748060216,22.748303602,0.3642407427370329,18.212037136851645,0.0,0.0,0.2539146107919342,0.0027036160865157146,22.749703152,0.08192036562183272,4.096018281091636,0.0,0.0,0.055550963048689755,0.0010195365242071036,,,,0.9920133619185598,,,,,,,,,,,,,,,,,,
F0101,main02,1,drain,redis,8.10.2,periodic,redis-current,16,16,4,15,65536,compressible,inherited,False,,250,0.1,True,2026092503,False,complete,,complete,65536.0,65536.0,0.0,29879.03805903201,0.524526,0.935478,65536.0,0.5341530591735875,3.146537,64881.0,655.0,2.193377172,2.193956734,1.34194031922965,33.54850798074125,0.0,0.0,0.7079953650057937,0.0011587485515643105,2.195165247,0.6397463707660457,31.987318538302283,0.0,0.0,0.12188841201716738,0.0008583690987124463,,,,0.9974987240247434,,,,,,,,,,,,,,,,,,
F0102,main02,1,drain,nats,2.15.0,periodic,nats-current,16,1,2,15,65536,compressible,inherited,False,,250,0.1,True,2026092504,False,complete,,complete,65536.0,65536.0,0.0,2260.9877599617403,0.437948,0.659676,65536.0,0.43949583105468487,7.454466,64881.0,655.0,28.985561603,28.985794424,0.4411479227704882,22.05739613852441,0.0,0.0,0.2929590017825312,0.002762923351158645,28.987443681,0.22516825118588146,11.258412559294072,0.0,0.0,0.09181060671816682,0.001128374273066574,,,,0.9936946945688614,,,,,,,,,,,,,,,,,,
F0103,main02,1,drain,nats,2.15.0,memory,nats-current,16,1,4,15,65536,compressible,inherited,False,,250,0.1,True,2026092505,False,complete,,complete,65536.0,65536.0,0.0,2291.2638620007488,0.436334,0.629056,65536.0,0.43372682646179533,5.854872,64881.0,655.0,28.602554724,28.602792205,0.45285138273093994,11.321284568273498,0.0,0.0,0.3086720867208672,0.001987353206865402,28.604431639,0.21583375883555342,10.79168794177767,0.0,0.0,0.06338461538461539,0.001010989010989011,,,,0.9937826034521741,,,,,,,,,,,,,,,,,,
F0104,main02,1,drain,redis,8.10.2,memory,redis-current,16,16,4,15,65536,compressible,inherited,False,,250,0.1,True,2026092506,False,complete,,complete,65536.0,65536.0,0.0,36302.19820063304,0.424949,0.762293,65536.0,0.43957008764648653,4.924818,64881.0,655.0,1.805290127,1.80551015,1.4399415035135639,35.998537587839095,0.0,0.0,0.7531734837799718,0.0014104372355430183,1.806441918,0.5597152003201025,27.985760016005123,0.0,0.0,0.13384188626907073,0.0013869625520110957,,,,0.9973350278007697,,,,,,,,,,,,,,,,,,
F0105,main02,0,recovery,redis,8.10.2,periodic,redis-current,16,0,2,15,65536,compressible,inherited,False,autoclaim,1000,0.75,False,2026092507,False,complete,,complete,,,,,,,,,,,,,,,,,,,,,,,,,,,,,,,False,750.506431,0.256449279,6.952113000000054,256.445682,False,False,,,,,,,,,,,
F0106,main02,0,recovery,redis,8.10.2,periodic,redis-current,16,0,2,15,65536,compressible,inherited,False,claim,250,0.1,True,2026092508,False,complete,,complete,,,,,,,,,,,,,,,,,,,,,,,,,,,,,,,False,25.397371,0.306194809,81.58925699999998,306.191886,False,False,,,,,,,,,,,
F0107,main02,0,recovery,nats,2.10.24,periodic,nats-old,16,0,2,15,65536,compressible,inherited,False,jetstream,1000,0.75,False,2026092509,False,complete,,complete,,,,,,,,,,,,,,,,,,,,,,,,,,,,,,,False,750.894081,0.259630791,10.518726000000015,259.624645,False,False,,,,,,,,,,,
F0108,main02,0,recovery,nats,2.10.24,periodic,nats-old,16,0,2,15,65536,compressible,inherited,False,jetstream,250,0.75,True,2026092510,False,complete,,complete,,,,,,,,,,,,,,,,,,,,,,,,,,,,,,,False,188.36978,0.063498579,1.8595760000000041,63.489796,False,False,,,,,,,,,,,
F0109,main02,0,recovery,nats,2.15.0,periodic,nats-current,16,0,2,15,65536,compressible,inherited,False,jetstream,250,0.75,True,2026092511,False,complete,,complete,,,,,,,,,,,,,,,,,,,,,,,,,,,,,,,False,188.626308,0.063411436,2.0288109999999904,63.402503,False,False,,,,,,,,,,,
F0110,main02,0,recovery,redis,8.10.2,periodic,redis-current,16,0,2,15,65536,compressible,inherited,False,autoclaim,250,0.75,False,2026092512,False,complete,,complete,,,,,,,,,,,,,,,,,,,,,,,,,,,,,,,False,188.558242,0.067888672,6.4432540000000245,67.885012,False,False,,,,,,,,,,,
F0111,main02,0,recovery,redis,8.10.2,periodic,redis-current,16,0,2,15,65536,compressible,inherited,False,claim,1000,0.75,False,2026092513,False,complete,,complete,,,,,,,,,,,,,,,,,,,,,,,,,,,,,,,False,750.845259,0.27414381,24.986218000000008,274.140959,False,False,,,,,,,,,,,
F0112,main02,0,recovery,redis,7.4.2,periodic,redis-old,16,0,2,15,65536,compressible,inherited,False,autoclaim,1000,0.75,True,2026092514,False,complete,,complete,,,,,,,,,,,,,,,,,,,,,,,,,,,,,,,False,750.071885,0.257384131,7.452935000000025,257.38105,False,False,,,,,,,,,,,
F0113,main02,0,recovery,nats,2.15.0,periodic,nats-current,16,0,2,15,65536,compressible,inherited,False,jetstream,250,0.1,False,2026092515,False,complete,,complete,,,,,,,,,,,,,,,,,,,,,,,,,,,,,,,False,25.221819,0.226577632,1.789720999999986,226.567902,False,False,,,,,,,,,,,
F0114,main02,0,recovery,redis,8.10.2,periodic,redis-current,16,0,2,15,65536,compressible,inherited,False,autoclaim,1000,0.1,False,2026092516,False,complete,,complete,,,,,,,,,,,,,,,,,,,,,,,,,,,,,,,False,100.445521,0.903665009,4.107537999999977,903.662017,False,False,,,,,,,,,,,
F0115,main02,0,recovery,redis,7.4.2,periodic,redis-old,16,0,2,15,65536,compressible,inherited,False,autoclaim,250,0.1,True,2026092517,False,complete,,complete,,,,,,,,,,,,,,,,,,,,,,,,,,,,,,,False,25.256328,0.231499931,6.752876000000015,231.496548,False,False,,,,,,,,,,,
F0116,main02,0,recovery,nats,2.10.24,periodic,nats-old,16,0,2,15,65536,compressible,inherited,False,jetstream,250,0.75,False,2026092518,False,complete,,complete,,,,,,,,,,,,,,,,,,,,,,,,,,,,,,,False,188.345301,0.063670729,2.007600999999994,63.6623,False,False,,,,,,,,,,,
F0117,main02,0,recovery,nats,2.10.24,periodic,nats-old,16,0,2,15,65536,compressible,inherited,False,jetstream,250,0.1,True,2026092519,False,complete,,complete,,,,,,,,,,,,,,,,,,,,,,,,,,,,,,,False,25.369723,0.226862214,2.2234300000000076,226.853707,False,False,,,,,,,,,,,
F0118,main02,0,recovery,redis,8.10.2,periodic,redis-current,16,0,2,15,65536,compressible,inherited,False,autoclaim,250,0.75,True,2026092520,False,complete,,complete,,,,,,,,,,,,,,,,,,,,,,,,,,,,,,,False,188.300025,0.062120284,0.41752199999999107,62.117497,False,False,,,,,,,,,,,
F0119,main02,0,recovery,nats,2.10.24,periodic,nats-old,16,0,2,15,65536,compressible,inherited,False,jetstream,1000,0.1,True,2026092521,False,complete,,complete,,,,,,,,,,,,,,,,,,,,,,,,,,,,,,,False,101.095237,0.907465287,8.557667000000038,907.46243,False,False,,,,,,,,,,,
F0120,main02,0,recovery,redis,8.10.2,periodic,redis-current,16,0,2,15,65536,compressible,inherited,False,autoclaim,250,0.1,False,2026092522,False,complete,,complete,,,,,,,,,,,,,,,,,,,,,,,,,,,,,,,False,25.63557,0.229570991,5.20343299999999,229.567863,False,False,,,,,,,,,,,
F0121,main02,0,recovery,nats,2.15.0,periodic,nats-current,16,0,2,15,65536,compressible,inherited,False,jetstream,1000,0.75,False,2026092523,False,complete,,complete,,,,,,,,,,,,,,,,,,,,,,,,,,,,,,,False,750.886267,0.254540732,5.375654000000054,254.489387,False,False,,,,,,,,,,,
F0122,main02,0,recovery,nats,2.10.24,periodic,nats-old,16,0,2,15,65536,compressible,inherited,False,jetstream,250,0.1,False,2026092524,False,complete,,complete,,,,,,,,,,,,,,,,,,,,,,,,,,,,,,,False,25.356066,0.227059645,2.4061770000000138,227.050111,False,False,,,,,,,,,,,
F0123,main02,0,recovery,nats,2.15.0,periodic,nats-current,16,0,2,15,65536,compressible,inherited,False,jetstream,1000,0.1,True,2026092525,False,complete,,complete,,,,,,,,,,,,,,,,,,,,,,,,,,,,,,,False,100.393695,0.905025827,5.412630000000036,905.018935,False,False,,,,,,,,,,,
F0124,main02,0,recovery,redis,7.4.2,periodic,redis-old,16,0,2,15,65536,compressible,inherited,False,autoclaim,250,0.75,False,2026092526,False,complete,,complete,,,,,,,,,,,,,,,,,,,,,,,,,,,,,,,False,188.332592,0.06966797,7.996688000000006,69.664096,False,False,,,,,,,,,,,
F0125,main02,0,recovery,redis,7.4.2,periodic,redis-old,16,0,2,15,65536,compressible,inherited,False,autoclaim,1000,0.1,False,2026092527,False,complete,,complete,,,,,,,,,,,,,,,,,,,,,,,,,,,,,,,False,100.039884,0.906583261,6.621605000000045,906.581721,False,False,,,,,,,,,,,
F0126,main02,0,recovery,redis,8.10.2,periodic,redis-current,16,0,2,15,65536,compressible,inherited,False,claim,250,0.75,False,2026092528,False,complete,,complete,,,,,,,,,,,,,,,,,,,,,,,,,,,,,,,False,188.184166,0.121727533,59.910578999999984,121.726413,False,False,,,,,,,,,,,
F0127,main02,0,recovery,redis,8.10.2,periodic,redis-current,16,0,2,15,65536,compressible,inherited,False,autoclaim,250,0.1,True,2026092529,False,complete,,complete,,,,,,,,,,,,,,,,,,,,,,,,,,,,,,,False,25.842021,0.231445008,7.283811000000014,231.44179,False,False,,,,,,,,,,,
F0128,main02,0,recovery,nats,2.10.24,periodic,nats-old,16,0,2,15,65536,compressible,inherited,False,jetstream,1000,0.75,True,2026092530,False,complete,,complete,,,,,,,,,,,,,,,,,,,,,,,,,,,,,,,False,750.092405,0.257777901,7.862252000000012,257.769847,False,False,,,,,,,,,,,
F0129,main02,0,recovery,nats,2.10.24,periodic,nats-old,16,0,2,15,65536,compressible,inherited,False,jetstream,1000,0.1,False,2026092531,False,complete,,complete,,,,,,,,,,,,,,,,,,,,,,,,,,,,,,,False,101.185564,0.90713849,8.317350000000033,907.131786,False,False,,,,,,,,,,,
F0130,main02,0,recovery,redis,8.10.2,periodic,redis-current,16,0,2,15,65536,compressible,inherited,False,claim,1000,0.75,True,2026092532,False,complete,,complete,,,,,,,,,,,,,,,,,,,,,,,,,,,,,,,False,750.706399,0.286328572,37.030794000000014,286.324395,False,False,,,,,,,,,,,
F0131,main02,0,recovery,redis,7.4.2,periodic,redis-old,16,0,2,15,65536,compressible,inherited,False,autoclaim,1000,0.75,False,2026092533,False,complete,,complete,,,,,,,,,,,,,,,,,,,,,,,,,,,,,,,False,750.049154,0.25723054,7.277476999999976,257.228323,False,False,,,,,,,,,,,
F0132,main02,0,recovery,nats,2.15.0,periodic,nats-current,16,0,2,15,65536,compressible,inherited,False,jetstream,1000,0.75,True,2026092534,False,complete,,complete,,,,,,,,,,,,,,,,,,,,,,,,,,,,,,,False,750.720868,0.254531385,5.244617999999946,254.52375,False,False,,,,,,,,,,,
F0133,main02,0,recovery,redis,7.4.2,periodic,redis-old,16,0,2,15,65536,compressible,inherited,False,autoclaim,250,0.1,False,2026092535,False,complete,,complete,,,,,,,,,,,,,,,,,,,,,,,,,,,,,,,False,25.39549,0.234962968,10.355274000000009,234.959784,False,False,,,,,,,,,,,
F0134,main02,0,recovery,redis,8.10.2,periodic,redis-current,16,0,2,15,65536,compressible,inherited,False,claim,1000,0.1,False,2026092536,False,complete,,complete,,,,,,,,,,,,,,,,,,,,,,,,,,,,,,,False,100.59272,0.927167291,27.75856500000009,927.165845,False,False,,,,,,,,,,,
F0135,main02,0,recovery,nats,2.15.0,periodic,nats-current,16,0,2,15,65536,compressible,inherited,False,jetstream,1000,0.1,False,2026092537,False,complete,,complete,,,,,,,,,,,,,,,,,,,,,,,,,,,,,,,False,100.310254,0.906689509,6.993431999999984,906.683178,False,False,,,,,,,,,,,
F0136,main02,0,recovery,redis,8.10.2,periodic,redis-current,16,0,2,15,65536,compressible,inherited,False,autoclaim,1000,0.1,True,2026092538,False,complete,,complete,,,,,,,,,,,,,,,,,,,,,,,,,,,,,,,False,100.931104,0.902967012,3.8942429999999604,902.963139,False,False,,,,,,,,,,,
F0137,main02,0,recovery,redis,7.4.2,periodic,redis-old,16,0,2,15,65536,compressible,inherited,False,autoclaim,250,0.75,True,2026092539,False,complete,,complete,,,,,,,,,,,,,,,,,,,,,,,,,,,,,,,False,187.976758,0.064226175,2.19983400000001,64.223076,False,False,,,,,,,,,,,
F0138,main02,0,recovery,redis,8.10.2,periodic,redis-current,16,0,2,15,65536,compressible,inherited,False,autoclaim,1000,0.75,True,2026092540,False,complete,,complete,,,,,,,,,,,,,,,,,,,,,,,,,,,,,,,False,751.009411,0.254260381,5.266218999999978,254.256808,False,False,,,,,,,,,,,
F0139,main02,0,recovery,redis,7.4.2,periodic,redis-old,16,0,2,15,65536,compressible,inherited,False,autoclaim,1000,0.1,True,2026092541,False,complete,,complete,,,,,,,,,,,,,,,,,,,,,,,,,,,,,,,False,100.04872,0.90301522,3.059712999999988,903.010993,False,False,,,,,,,,,,,
F0140,main02,0,recovery,nats,2.15.0,periodic,nats-current,16,0,2,15,65536,compressible,inherited,False,jetstream,250,0.75,False,2026092542,False,complete,,complete,,,,,,,,,,,,,,,,,,,,,,,,,,,,,,,False,188.378316,0.063284543,1.6547840000000065,63.276468,False,False,,,,,,,,,,,
F0141,main02,0,recovery,redis,8.10.2,periodic,redis-current,16,0,2,15,65536,compressible,inherited,False,claim,250,0.1,False,2026092543,False,complete,,complete,,,,,,,,,,,,,,,,,,,,,,,,,,,,,,,False,25.377165,0.306660092,82.034377,306.657212,False,False,,,,,,,,,,,
F0142,main02,0,recovery,nats,2.15.0,periodic,nats-current,16,0,2,15,65536,compressible,inherited,False,jetstream,250,0.1,True,2026092544,False,complete,,complete,,,,,,,,,,,,,,,,,,,,,,,,,,,,,,,False,25.341236,0.226164264,1.4960570000000075,226.154821,False,False,,,,,,,,,,,
F0143,main02,0,recovery,redis,8.10.2,periodic,redis-current,16,0,2,15,65536,compressible,inherited,False,claim,250,0.75,True,2026092545,False,complete,,complete,,,,,,,,,,,,,,,,,,,,,,,,,,,,,,,False,188.058076,0.138959004,77.014249,138.956173,False,False,,,,,,,,,,,
F0144,main02,0,recovery,redis,8.10.2,periodic,redis-current,16,0,2,15,65536,compressible,inherited,False,claim,1000,0.1,True,2026092546,False,complete,,complete,,,,,,,,,,,,,,,,,,,,,,,,,,,,,,,False,100.471538,0.919257304,19.72420199999999,919.252664,False,False,,,,,,,,,,,
F0145,main02,1,recovery,redis,8.10.2,periodic,redis-current,16,0,2,15,65536,compressible,inherited,False,claim,250,0.1,False,2026092547,False,complete,,complete,,,,,,,,,,,,,,,,,,,,,,,,,,,,,,,False,25.325085,0.305040765,80.36111899999997,305.036034,False,False,,,,,,,,,,,
F0146,main02,1,recovery,redis,8.10.2,periodic,redis-current,16,0,2,15,65536,compressible,inherited,False,autoclaim,250,0.75,False,2026092548,False,complete,,complete,,,,,,,,,,,,,,,,,,,,,,,,,,,,,,,False,188.337704,0.071072556,9.407226999999978,71.069523,False,False,,,,,,,,,,,
F0147,main02,1,recovery,redis,8.10.2,periodic,redis-current,16,0,2,15,65536,compressible,inherited,False,autoclaim,1000,0.1,True,2026092549,False,complete,,complete,,,,,,,,,,,,,,,,,,,,,,,,,,,,,,,False,100.291381,0.902221758,2.5098130000000083,902.218432,False,False,,,,,,,,,,,
F0148,main02,1,recovery,redis,8.10.2,periodic,redis-current,16,0,2,15,65536,compressible,inherited,False,autoclaim,250,0.1,False,2026092550,False,complete,,complete,,,,,,,,,,,,,,,,,,,,,,,,,,,,,,,False,25.245644,0.230811772,6.054262999999992,230.808619,False,False,,,,,,,,,,,
F0149,main02,1,recovery,redis,8.10.2,periodic,redis-current,16,0,2,15,65536,compressible,inherited,False,autoclaim,1000,0.75,False,2026092551,False,complete,,complete,,,,,,,,,,,,,,,,,,,,,,,,,,,,,,,False,750.841203,0.256735942,7.574178999999958,256.732976,False,False,,,,,,,,,,,
F0150,main02,1,recovery,redis,8.10.2,periodic,redis-current,16,0,2,15,65536,compressible,inherited,False,autoclaim,250,0.75,True,2026092552,False,complete,,complete,,,,,,,,,,,,,,,,,,,,,,,,,,,,,,,False,188.428798,0.064383076,2.7855639999999937,64.356766,False,False,,,,,,,,,,,
F0151,main02,1,recovery,nats,2.15.0,periodic,nats-current,16,0,2,15,65536,compressible,inherited,False,jetstream,1000,0.75,False,2026092553,False,complete,,complete,,,,,,,,,,,,,,,,,,,,,,,,,,,,,,,False,751.017172,0.254174597,5.184605000000033,254.167433,False,False,,,,,,,,,,,
F0152,main02,1,recovery,nats,2.15.0,periodic,nats-current,16,0,2,15,65536,compressible,inherited,False,jetstream,1000,0.1,False,2026092554,False,complete,,complete,,,,,,,,,,,,,,,,,,,,,,,,,,,,,,,False,101.003257,0.905389087,6.385007999999971,905.381751,False,False,,,,,,,,,,,
F0153,main02,1,recovery,redis,7.4.2,periodic,redis-old,16,0,2,15,65536,compressible,inherited,False,autoclaim,1000,0.75,True,2026092555,False,complete,,complete,,,,,,,,,,,,,,,,,,,,,,,,,,,,,,,False,750.401328,0.259130139,9.528683000000001,259.127355,False,False,,,,,,,,,,,
F0154,main02,1,recovery,nats,2.10.24,periodic,nats-old,16,0,2,15,65536,compressible,inherited,False,jetstream,1000,0.75,True,2026092556,False,complete,,complete,,,,,,,,,,,,,,,,,,,,,,,,,,,,,,,False,750.327822,0.258559336,8.879312000000027,258.55149,False,False,,,,,,,,,,,
F0155,main02,1,recovery,redis,8.10.2,periodic,redis-current,16,0,2,15,65536,compressible,inherited,False,autoclaim,1000,0.75,True,2026092557,False,complete,,complete,,,,,,,,,,,,,,,,,,,,,,,,,,,,,,,False,750.872615,0.261965285,12.834787000000006,261.962172,False,False,,,,,,,,,,,
F0156,main02,1,recovery,redis,8.10.2,periodic,redis-current,16,0,2,15,65536,compressible,inherited,False,autoclaim,250,0.1,True,2026092558,False,complete,,complete,,,,,,,,,,,,,,,,,,,,,,,,,,,,,,,False,25.499716,0.227550413,3.0469109999999944,227.547195,False,False,,,,,,,,,,,
F0157,main02,1,recovery,redis,7.4.2,periodic,redis-old,16,0,2,15,65536,compressible,inherited,False,autoclaim,1000,0.75,False,2026092559,False,complete,,complete,,,,,,,,,,,,,,,,,,,,,,,,,,,,,,,False,751.028244,0.260512574,11.537099000000012,260.508855,False,False,,,,,,,,,,,
F0158,main02,1,recovery,redis,8.10.2,periodic,redis-current,16,0,2,15,65536,compressible,inherited,False,claim,1000,0.1,False,2026092560,False,complete,,complete,,,,,,,,,,,,,,,,,,,,,,,,,,,,,,,False,100.43487,0.925095191,25.525288000000046,925.090418,False,False,,,,,,,,,,,
F0159,main02,1,recovery,nats,2.15.0,periodic,nats-current,16,0,2,15,65536,compressible,inherited,False,jetstream,250,0.75,False,2026092561,False,complete,,complete,,,,,,,,,,,,,,,,,,,,,,,,,,,,,,,False,188.576676,0.063621344,2.1887330000000134,63.612057,False,False,,,,,,,,,,,
F0160,main02,1,recovery,redis,8.10.2,periodic,redis-current,16,0,2,15,65536,compressible,inherited,False,claim,1000,0.75,True,2026092562,False,complete,,complete,,,,,,,,,,,,,,,,,,,,,,,,,,,,,,,False,751.048484,0.283486201,34.530263000000105,283.481779,False,False,,,,,,,,,,,
F0161,main02,1,recovery,redis,7.4.2,periodic,redis-old,16,0,2,15,65536,compressible,inherited,False,autoclaim,250,0.75,False,2026092563,False,complete,,complete,,,,,,,,,,,,,,,,,,,,,,,,,,,,,,,False,188.442095,0.062510046,0.9479530000000125,62.505858,False,False,,,,,,,,,,,
F0162,main02,1,recovery,redis,7.4.2,periodic,redis-old,16,0,2,15,65536,compressible,inherited,False,autoclaim,250,0.1,True,2026092564,False,complete,,complete,,,,,,,,,,,,,,,,,,,,,,,,,,,,,,,False,25.340763,0.234080163,9.418194000000028,234.077431,False,False,,,,,,,,,,,
F0163,main02,1,recovery,redis,7.4.2,periodic,redis-old,16,0,2,15,65536,compressible,inherited,False,autoclaim,250,0.1,False,2026092565,False,complete,,complete,,,,,,,,,,,,,,,,,,,,,,,,,,,,,,,False,25.765239,0.231529581,7.290959999999984,231.525721,False,False,,,,,,,,,,,
F0164,main02,1,recovery,nats,2.10.24,periodic,nats-old,16,0,2,15,65536,compressible,inherited,False,jetstream,250,0.75,False,2026092566,False,complete,,complete,,,,,,,,,,,,,,,,,,,,,,,,,,,,,,,False,188.509036,0.06345046,1.9516439999999875,63.442608,False,False,,,,,,,,,,,
F0165,main02,1,recovery,redis,8.10.2,periodic,redis-current,16,0,2,15,65536,compressible,inherited,False,claim,1000,0.1,True,2026092567,False,complete,,complete,,,,,,,,,,,,,,,,,,,,,,,,,,,,,,,False,100.413645,0.933731865,34.140857000000096,933.727212,False,False,,,,,,,,,,,
F0166,main02,1,recovery,nats,2.10.24,periodic,nats-old,16,0,2,15,65536,compressible,inherited,False,jetstream,1000,0.1,True,2026092568,False,complete,,complete,,,,,,,,,,,,,,,,,,,,,,,,,,,,,,,False,100.472555,0.908603969,9.068997999999965,908.596443,False,False,,,,,,,,,,,
F0167,main02,1,recovery,nats,2.10.24,periodic,nats-old,16,0,2,15,65536,compressible,inherited,False,jetstream,1000,0.75,False,2026092569,False,complete,,complete,,,,,,,,,,,,,,,,,,,,,,,,,,,,,,,False,750.863167,0.255549334,6.409817999999973,255.546651,False,False,,,,,,,,,,,
F0168,main02,1,recovery,nats,2.10.24,periodic,nats-old,16,0,2,15,65536,compressible,inherited,False,jetstream,250,0.75,True,2026092570,False,complete,,complete,,,,,,,,,,,,,,,,,,,,,,,,,,,,,,,False,188.61334,0.063440724,2.0486080000000015,63.435268,False,False,,,,,,,,,,,
F0169,main02,1,recovery,nats,2.10.24,periodic,nats-old,16,0,2,15,65536,compressible,inherited,False,jetstream,250,0.1,False,2026092571,False,complete,,complete,,,,,,,,,,,,,,,,,,,,,,,,,,,,,,,False,25.388658,0.226710495,2.088825000000014,226.700167,False,False,,,,,,,,,,,
F0170,main02,1,recovery,nats,2.10.24,periodic,nats-old,16,0,2,15,65536,compressible,inherited,False,jetstream,1000,0.1,False,2026092572,False,complete,,complete,,,,,,,,,,,,,,,,,,,,,,,,,,,,,,,False,100.249901,0.904007983,4.250438000000031,904.000537,False,False,,,,,,,,,,,
F0171,main02,1,recovery,redis,7.4.2,periodic,redis-old,16,0,2,15,65536,compressible,inherited,False,autoclaim,250,0.75,True,2026092573,False,complete,,complete,,,,,,,,,,,,,,,,,,,,,,,,,,,,,,,False,187.74461,0.066668499,4.4098280000000045,66.665218,False,False,,,,,,,,,,,
F0172,main02,1,recovery,redis,7.4.2,periodic,redis-old,16,0,2,15,65536,compressible,inherited,False,autoclaim,1000,0.1,False,2026092574,False,complete,,complete,,,,,,,,,,,,,,,,,,,,,,,,,,,,,,,False,100.501436,0.91193441,12.431677000000036,911.930241,False,False,,,,,,,,,,,
F0173,main02,1,recovery,nats,2.10.24,periodic,nats-old,16,0,2,15,65536,compressible,inherited,False,jetstream,250,0.1,True,2026092575,False,complete,,complete,,,,,,,,,,,,,,,,,,,,,,,,,,,,,,,False,25.483662,0.226471837,1.9466549999999927,226.462993,False,False,,,,,,,,,,,
F0174,main02,1,recovery,redis,8.10.2,periodic,redis-current,16,0,2,15,65536,compressible,inherited,False,claim,250,0.75,True,2026092576,False,complete,,complete,,,,,,,,,,,,,,,,,,,,,,,,,,,,,,,False,188.426772,0.138285888,76.70988399999999,138.283112,False,False,,,,,,,,,,,
F0175,main02,1,recovery,nats,2.15.0,periodic,nats-current,16,0,2,15,65536,compressible,inherited,False,jetstream,1000,0.1,True,2026092577,False,complete,,complete,,,,,,,,,,,,,,,,,,,,,,,,,,,,,,,False,100.100734,0.905031474,5.1266709999999875,905.025937,False,False,,,,,,,,,,,
F0176,main02,1,recovery,redis,8.10.2,periodic,redis-current,16,0,2,15,65536,compressible,inherited,False,claim,250,0.75,False,2026092578,False,complete,,complete,,,,,,,,,,,,,,,,,,,,,,,,,,,,,,,False,188.367558,0.126173457,64.538318,126.17076,False,False,,,,,,,,,,,
F0177,main02,1,recovery,nats,2.15.0,periodic,nats-current,16,0,2,15,65536,compressible,inherited,False,jetstream,1000,0.75,True,2026092579,False,complete,,complete,,,,,,,,,,,,,,,,,,,,,,,,,,,,,,,False,750.823209,0.252970866,3.787770000000023,252.964561,False,False,,,,,,,,,,,
F0178,main02,1,recovery,nats,2.15.0,periodic,nats-current,16,0,2,15,65536,compressible,inherited,False,jetstream,250,0.1,False,2026092580,False,complete,,complete,,,,,,,,,,,,,,,,,,,,,,,,,,,,,,,False,25.302182,0.226197001,1.4422680000000128,226.140086,False,False,,,,,,,,,,,
F0179,main02,1,recovery,nats,2.15.0,periodic,nats-current,16,0,2,15,65536,compressible,inherited,False,jetstream,250,0.75,True,2026092581,False,complete,,complete,,,,,,,,,,,,,,,,,,,,,,,,,,,,,,,False,188.500694,0.063544067,2.0359420000000057,63.535248,False,False,,,,,,,,,,,
F0180,main02,1,recovery,redis,8.10.2,periodic,redis-current,16,0,2,15,65536,compressible,inherited,False,claim,250,0.1,True,2026092582,False,complete,,complete,,,,,,,,,,,,,,,,,,,,,,,,,,,,,,,False,25.388875,0.29192605,67.310768,291.921893,False,False,,,,,,,,,,,
F0181,main02,1,recovery,nats,2.15.0,periodic,nats-current,16,0,2,15,65536,compressible,inherited,False,jetstream,250,0.1,True,2026092583,False,complete,,complete,,,,,,,,,,,,,,,,,,,,,,,,,,,,,,,False,25.364122,0.226941923,2.2964609999999936,226.932339,False,False,,,,,,,,,,,
F0182,main02,1,recovery,redis,7.4.2,periodic,redis-old,16,0,2,15,65536,compressible,inherited,False,autoclaim,1000,0.1,True,2026092584,False,complete,,complete,,,,,,,,,,,,,,,,,,,,,,,,,,,,,,,False,100.063525,0.902488597,2.548855000000003,902.48533,False,False,,,,,,,,,,,
F0183,main02,1,recovery,redis,8.10.2,periodic,redis-current,16,0,2,15,65536,compressible,inherited,False,autoclaim,1000,0.1,False,2026092585,False,complete,,complete,,,,,,,,,,,,,,,,,,,,,,,,,,,,,,,False,100.238547,0.910761124,10.996628999999984,910.758082,False,False,,,,,,,,,,,
F0184,main02,1,recovery,redis,8.10.2,periodic,redis-current,16,0,2,15,65536,compressible,inherited,False,claim,1000,0.75,False,2026092586,False,complete,,complete,,,,,,,,,,,,,,,,,,,,,,,,,,,,,,,False,750.808248,0.273210114,23.944751999999994,273.136504,False,False,,,,,,,,,,,
F0185,main02,0,recovery,redis,7.4.2,periodic,redis-old,16,0,2,15,65536,compressible,inherited,False,none,250,0.1,True,2026092587,False,complete,,complete,,,,,,,,,,,,,,,,,,,,,,,,,,,,,,,True,25.442024,0.507010874,,,,,,,,,,,,,,,
F0186,main02,1,recovery,redis,7.4.2,periodic,redis-old,16,0,2,15,65536,compressible,inherited,False,none,250,0.1,True,2026092588,False,complete,,complete,,,,,,,,,,,,,,,,,,,,,,,,,,,,,,,True,25.397694,0.502552277,,,,,,,,,,,,,,,
F0187,main02,0,recovery,redis,8.10.2,periodic,redis-current,16,0,2,15,65536,compressible,inherited,False,none,250,0.1,True,2026092589,False,complete,,complete,,,,,,,,,,,,,,,,,,,,,,,,,,,,,,,True,25.392202,0.503294242,,,,,,,,,,,,,,,
F0188,main02,1,recovery,redis,8.10.2,periodic,redis-current,16,0,2,15,65536,compressible,inherited,False,none,250,0.1,True,2026092590,False,complete,,complete,,,,,,,,,,,,,,,,,,,,,,,,,,,,,,,True,25.366651,0.696589395,,,,,,,,,,,,,,,
F0189,main02,0,compression,nats,2.15.0,always,nats-current,16,0,2,15,65536,random,inherited,False,,250,0.1,True,2026092591,False,complete,,complete,10901.0,10901.0,0.0,726.2554587424088,22.067523,41.203631,10901.0,22.0240024368407,74.522281,10792.0,109.0,15.009869969,15.010443467,0.06120085672482817,3.0600428362414083,0.0,0.0,0.12607305167480223,0.00235650563878135,15.012167951,0.1961946475428158,9.80973237714079,0.0,0.0,0.05238932128211566,0.04619633442129049,,,,,,,,,,,,,,,,,,,,,,
F0190,main02,0,trace,redis,8.10.2,always,redis-current,16,0,2,15,65536,compressible,inherited,False,,250,0.1,True,2026092592,False,complete,,complete,74867.0,74867.0,0.0,4990.305956907344,3.062465,6.680249,74867.0,3.202511477820661,179.694281,74119.0,748.0,15.002486951,15.003180301,0.2729497958327575,13.647489791637875,0.0,0.0,0.2383006969797544,0.0023232658479920344,15.004802533,0.2024599786181005,10.122998930905025,0.0,0.0,0.07045730304171374,0.045939500439312164,,,,,,,,,,,,,,,,,,,,,,
F0191,main02,0,compression,redis,8.10.2,always,redis-current,16,0,2,15,65536,compressible,inherited,False,,250,0.1,True,2026092593,False,complete,,complete,77688.0,77688.0,0.0,5178.586384811156,3.051433,4.332411,77688.0,3.0860798584980906,11.373218,76912.0,776.0,15.001777363,15.002400934,0.27670191046501996,13.835095523250999,0.0,0.0,0.25555555555555554,0.0026533996683250414,15.004031424,0.21177241703969385,10.588620851984693,0.0,0.0,0.06256534649324579,0.043076408347622434,,,,,,,,,,,,,,,,,,,,,,
F0192,main02,0,trace,nats,2.15.0,always,nats-current,1,0,2,15,65536,compressible,inherited,True,,250,0.1,True,2026092594,False,complete,,complete,7802.0,7802.0,0.0,520.0791363026026,1.837099,3.388597,7802.0,1.9181992783901503,195.9333,7724.0,78.0,15.001563138,15.002315894,0.08204379968377168,4.102189984188584,0.0,0.0,0.12419844751940601,0.0026999662504218697,15.003831735,0.41340932833381977,20.67046641669099,0.0,0.0,0.09408977450607099,0.03604518339890849,,,,,,,,,,,,7802.0,{'fsync': 7802},0.0,1.4305166623942578,1.372,2.557,195.113,11.160891,15.003831894,0.0,1.0
F0193,main02,0,trace,nats,2.15.0,always,nats-current,1,0,2,15,65536,compressible,inherited,False,,250,0.1,True,2026092595,False,complete,,complete,8621.0,8621.0,0.0,574.7089137983303,1.687005,3.239802,8621.0,1.7356956697598898,7.105318,8535.0,86.0,15.000637354,15.000947024,0.08618622530507777,4.309311265253888,0.0,0.0,0.13592723597776654,0.0025265285497726125,15.002468207,0.2111614539880758,10.55807269940379,0.0,0.0,0.05277952590727921,0.03918607090413258,,,,,,,,,,,,,,,,,,,,,,
F0194,main02,0,trace,redis,8.10.2,always,redis-current,16,0,2,15,65536,compressible,inherited,True,,250,0.1,True,2026092596,False,complete,,complete,61615.0,61615.0,0.0,4106.590613442953,3.912387,6.762764,61615.0,3.8922081859287583,20.12083,60999.0,616.0,15.003930462,15.00452657,0.23099602535476732,11.549801267738365,0.0,0.0,0.2304758746476538,0.00248714972641353,15.006077019,0.3439367926384225,17.196839631921122,0.0,0.0,0.07958375463431075,0.041371755982473876,,,,,,,,,,,,7384.0,{'fdatasync': 7384},0.0,1.487120801733478,1.446,2.543,8.789,10.980900000000002,15.006076608,0.0,0.11984094782114744
F0195,main02,0,compression,nats,2.15.0,always,nats-current,16,0,2,15,65536,compressible,inherited,False,,250,0.1,True,2026092597,False,complete,,complete,10044.0,10044.0,0.0,669.4637126750266,23.326201,49.54701,10044.0,23.89397202598565,182.566165,9944.0,100.0,15.003053653,15.003691163,0.05669218266086487,2.8346091330432435,0.0,0.0,0.10692035696245158,0.00235729920862098,15.005228676,0.18776534905505093,9.388267452752547,0.0,0.0,0.057637491616364854,0.053026492287055665,,,,,,,,,,,,,,,,,,,,,,
F0196,main02,0,trace,redis,8.10.2,always,redis-current,1,0,2,15,65536,compressible,inherited,True,,250,0.1,True,2026092598,False,complete,,complete,8427.0,8427.0,0.0,561.7295972686665,1.719358,2.952602,8427.0,1.7758073120920852,12.756018,8343.0,84.0,15.001879981,15.002430762,0.05812204794229998,2.906102397114999,0.0,0.0,0.12891282396499495,0.00286098956580276,15.004172226,0.22178177841985003,11.089088920992502,0.0,0.0,0.07618448637316562,0.036226415094339624,,,,,,,,,,,,8427.0,{'fdatasync': 8427},0.0,1.4022948854871247,1.358,2.234,8.349,11.817139,15.004167026,0.0,1.0
F0197,main02,0,trace,nats,2.15.0,always,nats-current,16,0,2,15,65536,compressible,inherited,False,,250,0.1,True,2026092599,False,complete,,complete,10281.0,10281.0,0.0,685.2764790973831,22.85502,47.390416,10281.0,23.339462689816195,160.021549,10179.0,102.0,15.002703746,15.003276342,0.05926098938210173,2.9630494691050866,0.0,0.0,0.1082534879811733,0.0028576231299378045,15.005139694,0.19212043731606995,9.606021865803498,0.0,0.0,0.06069364161849711,0.0488816285498869,,,,,,,,,,,,,,,,,,,,,,
F0198,main02,0,compression,redis,8.10.2,always,redis-current,16,0,2,15,65536,random,off,False,,250,0.1,True,2026092600,False,complete,,complete,77595.0,77595.0,0.0,5172.067276628227,3.048272,4.845135,77595.0,3.090057878368416,12.093763,76820.0,775.0,15.002705079,15.003393912,0.2700191052612283,13.500955263061416,0.0,0.0,0.29360079575596815,0.0023209549071618036,15.005283809,0.2106759219111815,10.533796095559076,0.0,0.0,0.06092006852463126,0.04261897798019471,,,,,,,,,,,,,,,,,,,,,,
F0199,main02,0,compression,nats,2.15.0,always,nats-current,16,0,2,15,65536,random,off,False,,250,0.1,True,2026092601,False,complete,,complete,10201.0,10201.0,0.0,679.1813197215074,22.951425,46.275615,10201.0,23.550507259190308,225.739362,10099.0,102.0,15.019553253,15.020287924,0.057762075160603964,2.8881037580301983,0.0,0.0,0.11852723604572965,0.0026899798251513113,15.022586574,0.18743230309441117,9.371615154720558,0.0,0.0,0.06103325664087011,0.046601129470822004,,,,,,,,,,,,,,,,,,,,,,
F0200,main02,0,trace,redis,8.10.2,always,redis-current,1,0,2,15,65536,compressible,inherited,False,,250,0.1,True,2026092602,False,complete,,complete,8670.0,8670.0,0.0,577.9872141521734,1.684802,2.424764,8670.0,1.7260046343714024,7.137136,8584.0,86.0,15.00033182,15.001019169,0.060417761606021456,3.0208880803010727,0.0,0.0,0.10957751220333277,0.0026931493014644,15.002758995,0.17271356560907017,8.635678280453508,0.0,0.0,0.05564387917329094,0.03953644046523303,,,,,,,,,,,,,,,,,,,,,,
F0201,main02,0,compression,nats,2.15.0,always,nats-current,16,0,2,15,65536,compressible,off,False,,250,0.1,True,2026092603,False,complete,,complete,10353.0,10353.0,0.0,689.5260839132269,22.884191,43.71265,10353.0,23.19900832280512,79.185775,10250.0,103.0,15.014660419,15.015137735,0.05835710703855225,2.9178553519276127,0.0,0.0,0.12039683874222297,0.0030267361694972256,15.016716236,0.18758049068324953,9.379024534162477,0.0,0.0,0.05235426946558501,0.04679267374759555,,,,,,,,,,,,,,,,,,,,,,
F0202,main02,0,compression,redis,8.10.2,always,redis-current,16,0,2,15,65536,random,inherited,False,,250,0.1,True,2026092604,False,complete,,complete,76367.0,76367.0,0.0,5090.464835165506,3.050629,5.170046,76367.0,3.139522845286577,190.686888,75604.0,763.0,15.001969854,15.002633491,0.2789868860364337,13.949344301821684,0.0,0.0,0.24267990074441687,0.002150537634408602,15.004454298,0.20014716565868673,10.007358282934337,0.0,0.0,0.06991224404513163,0.04241537818637693,,,,,,,,,,,,,,,,,,,,,,
F0203,main02,0,compression,redis,8.10.2,always,redis-current,16,0,2,15,65536,compressible,off,False,,250,0.1,True,2026092605,False,complete,,complete,76745.0,76745.0,0.0,5115.292141876354,3.062297,5.283987,76745.0,3.124177564336434,11.433383,75978.0,767.0,15.003053173,15.003416736,0.2679646956918334,13.39823478459167,0.0,0.0,0.2770023263542705,0.002160186108341642,15.005223601,0.19971778359905826,9.985889179952913,0.0,0.0,0.06208481303530395,0.04332567369960309,,,,,,,,,,,,,,,,,,,,,,
F0204,main02,0,trace,nats,2.15.0,always,nats-current,16,0,2,15,65536,compressible,inherited,True,,250,0.1,True,2026092606,False,complete,,complete,9481.0,9481.0,0.0,631.152177065198,24.822279,48.173534,9481.0,25.34459788113061,248.992486,9387.0,94.0,15.021733814,15.02252901,0.05451944871964005,2.7259724359820026,0.0,0.0,0.1144679422625042,0.002685464921114468,15.024269235,0.31000962024493434,15.500481012246716,0.0,0.0,0.06962663975782038,0.04385301042717794,,,,,,,,,,,,9481.0,{'fsync': 9481},0.0,1.4474618711106424,1.389,2.597,227.249,13.723386,15.024269305,0.0,1.0
F0001,main03,0,publication,nats,2.10.24,memory,nats-old,16,0,2,15,65536,compressible,inherited,False,,250,0.1,True,2026092404,False,complete,,complete,914429.0,914429.0,0.0,60961.16271921132,0.238922,0.678905,914429.0,0.26106167126698415,14.837571,905285.0,9144.0,15.000189616,15.000743464,1.1796605309908659,58.9830265495433,0.0,0.0,0.6024617431803061,0.00249500998003992,15.001985587,1.1653592718519654,58.26796359259827,0.0,0.0,0.1865211596134622,0.0010413195601466179,,,,,,,,,,,,,,,,,,,,,,
F0002,main03,0,publication,redis,8.10.2,periodic,redis-current,1,0,2,15,65536,compressible,inherited,False,,250,0.1,True,2026092405,False,complete,,complete,81896.0,81896.0,0.0,5459.70547682405,0.178032,0.262265,81896.0,0.18013899360164135,6.092314,81078.0,818.0,15.000076533,15.000651303,0.3575016105419033,17.875080527095164,0.0,0.0,0.24488054607508533,0.002901023890784983,15.002577426,0.115655860371895,5.78279301859475,0.0,0.0,0.0664996869129618,0.001836777290753496,,,,,,,,,,,,,,,,,,,,,,
F0003,main03,0,publication,redis,7.4.2,periodic,redis-old,1,0,2,15,65536,compressible,inherited,False,,250,0.1,True,2026092406,False,complete,,complete,72936.0,72936.0,0.0,4862.397196017617,0.201569,0.298581,72936.0,0.2026867112262819,6.062416,72207.0,729.0,15.00000865,15.00059088,0.30936248025984425,15.468124012992213,0.0,0.0,0.2502120441051739,0.002714164546225615,15.002444941,0.10645204873476762,5.32260243673838,0.0,0.0,0.05908882114669896,0.016411241491627343,,,,,,,,,,,,,,,,,,,,,,
F0004,main03,0,publication,nats,2.10.24,always,nats-old,16,0,2,15,65536,compressible,inherited,False,,250,0.1,True,2026092407,False,complete,,complete,8839.0,8839.0,0.0,588.491239811383,23.095893,52.429931,8839.0,27.17820144835384,92.252875,8751.0,88.0,15.019764785,15.020207307,0.051292567689192416,2.564628384459621,0.0,0.0,0.11978465679676985,0.005383580080753701,15.022078949,0.17252984815211142,8.626492407605571,0.0,0.0,0.05640811206355844,0.048296048505122306,,,,,,,,,,,,,,,,,,,,,,
F0005,main03,0,publication,nats,2.15.0,always,nats-current,1,0,2,15,65536,compressible,inherited,False,,250,0.1,True,2026092408,False,complete,,complete,8603.0,8603.0,0.0,573.5044999357955,1.690115,2.603549,8603.0,1.7390379555968811,159.297469,8517.0,86.0,15.000754137,15.00141099,0.08700488246539267,4.350244123269634,0.0,0.0,0.12407157326130992,0.0025320729237002025,15.003223353,0.21245514547129865,10.622757273564932,0.0,0.0,0.05498887629601645,0.037820593544054065,,,,,,,,,,,,,,,,,,,,,,
F0006,main03,0,publication,redis,8.10.2,memory,redis-current,16,0,2,15,65536,compressible,inherited,False,,250,0.1,True,2026092409,False,complete,,complete,1095054.0,1095054.0,0.0,73002.78946949593,0.206853,0.462931,1095054.0,0.21790534820748234,10.24452,1084104.0,10950.0,15.000166541,15.000572167,1.1034043112310303,55.170215561551515,0.0,0.0,0.6141258974787109,0.0016697278343629988,15.001561729,0.5287609479129052,26.43804739564526,0.0,0.0,0.1437298631741914,0.0006694840788317503,,,,,,,,,,,,,,,,,,,,,,
F0007,main03,0,publication,redis,8.10.2,periodic,redis-current,16,0,2,15,65536,compressible,inherited,False,,250,0.1,True,2026092410,False,complete,,complete,926585.0,926585.0,0.0,61771.48507082795,0.248016,0.52336,926585.0,0.2577290534392335,5.468105,917320.0,9265.0,15.000205984,15.000737921,1.0341815237157226,51.70907618578613,0.0,0.0,0.5709521427380357,0.002334500583625146,15.00206962,0.6257197331950523,31.285986659752613,0.0,0.0,0.13478679332133742,0.0025526216679917983,,,,,,,,,,,,,,,,,,,,,,
F0008,main03,0,publication,nats,2.10.24,periodic,nats-old,16,0,2,15,65536,compressible,inherited,False,,250,0.1,True,2026092411,False,complete,,complete,753764.0,753764.0,0.0,50249.903702756485,0.279693,0.850872,753764.0,0.31687666508748086,41.881701,746227.0,7537.0,15.000307353,15.0008576,1.0984650637574214,54.92325318787107,0.0,0.0,0.5719508142239946,0.0031571950814223994,15.002076155,1.2340161327490609,61.70080663745304,0.0,0.0,0.18210649307294274,0.008930061759305625,,,,,,,,,,,,,,,,,,,,,,
F0009,main03,0,publication,nats,2.15.0,memory,nats-current,1,0,2,15,65536,compressible,inherited,False,,250,0.1,True,2026092412,False,complete,,complete,69803.0,69803.0,0.0,4653.509543972076,0.212257,0.315,69803.0,0.21176900223485895,6.314738,69105.0,698.0,15.000076682,15.000658969,0.46750046211253216,23.375023105626607,0.0,0.0,0.2932849991368893,0.00224408769204212,15.002320168,0.1951150200249479,9.755751001247395,0.0,0.0,0.06654103852596314,0.01193467336683417,,,,,,,,,,,,,,,,,,,,,,
F0010,main03,0,publication,redis,7.4.2,periodic,redis-old,16,0,2,15,65536,compressible,inherited,False,,250,0.1,True,2026092413,False,complete,,complete,922931.0,922931.0,0.0,61527.91682916398,0.247805,0.546551,922931.0,0.25874820861473097,8.357392,913702.0,9229.0,15.000199057,15.000715622,1.0180340981601739,50.901704908008696,0.0,0.0,0.5742723318835731,0.0020073603211776514,15.001926046,0.6202248945548495,31.011244727742476,0.0,0.0,0.14334142462542898,0.0030970118021260568,,,,,,,,,,,,,,,,,,,,,,
F0011,main03,0,publication,nats,2.10.24,memory,nats-old,1,0,2,15,65536,compressible,inherited,False,,250,0.1,True,2026092414,False,complete,,complete,69252.0,69252.0,0.0,4616.748013570668,0.211343,0.305021,69252.0,0.21336222981285868,6.366556,68560.0,692.0,15.000168906,15.000776277,0.47968437547013754,23.98421877350688,0.0,0.0,0.27995152354570635,0.003289473684210526,15.002626728,0.18333756147292182,9.16687807364609,0.0,0.0,0.06252622744439781,0.007259756609315988,,,,,,,,,,,,,,,,,,,,,,
F0012,main03,0,publication,nats,2.10.24,periodic,nats-old,1,0,2,15,65536,compressible,inherited,False,,250,0.1,True,2026092415,False,complete,,complete,63332.0,63332.0,0.0,4222.094782793237,0.229239,0.339759,63332.0,0.23370759020716297,35.77395,62699.0,633.0,15.00013696,15.000714162,0.42574726316553624,21.28736315827681,0.0,0.0,0.31433476394849785,0.002575107296137339,15.002449783,0.21483431350339752,10.741715675169877,0.0,0.0,0.05531968556896044,0.0023960654083820254,,,,,,,,,,,,,,,,,,,,,,
F0013,main03,0,publication,nats,2.15.0,always,nats-current,16,0,2,15,65536,compressible,inherited,False,,250,0.1,True,2026092416,False,complete,,complete,10394.0,10394.0,0.0,692.8139288387646,22.579066,47.814416,10394.0,23.087257082932467,79.419675,10291.0,103.0,15.002585207,15.003153344,0.05942364112118749,2.9711820560593747,0.0,0.0,0.11959629941126998,0.002859545836837679,15.005038511,0.18766069796726828,9.383034898363414,0.0,0.0,0.06338234678061246,0.04687696367977881,,,,,,,,,,,,,,,,,,,,,,
F0014,main03,0,publication,redis,7.4.2,memory,redis-old,16,0,2,15,65536,compressible,inherited,False,,250,0.1,True,2026092417,False,complete,,complete,1069841.0,1069841.0,0.0,71322.02576178015,0.206164,0.518707,1069841.0,0.22302487139957913,11.739689,1059143.0,10698.0,15.000148812,15.00080521,1.0824737587536475,54.12368793768238,0.0,0.0,0.6506346025384101,0.002004008016032064,15.002023008,0.5171079924262972,25.855399621314863,0.0,0.0,0.12298370246552445,0.0007939824488090263,,,,,,,,,,,,,,,,,,,,,,
F0015,main03,0,publication,redis,7.4.2,always,redis-old,1,0,2,15,65536,compressible,inherited,False,,250,0.1,True,2026092418,False,complete,,complete,3585.0,3585.0,0.0,238.99150646491898,1.674732,29.256102,3585.0,4.179317015341703,346.4596,3550.0,35.0,15.000533086,15.001085494,0.028453474261627323,1.4226737130813663,0.0,0.0,0.09364999157823817,0.003031834259727135,15.002989287,0.06443355930658674,3.221677965329337,0.0,0.0,0.04493911879158124,0.05401899661073685,,,,,,,,,,,,,,,,,,,,,,
F0016,main03,0,publication,redis,7.4.2,memory,redis-old,1,0,2,15,65536,compressible,inherited,False,,250,0.1,True,2026092419,False,complete,,complete,87462.0,87462.0,0.0,5830.748433638286,0.167381,0.255556,87462.0,0.1687200876494947,18.613404,86588.0,874.0,15.000132658,15.000685924,0.35800402909628976,17.90020145481449,0.0,0.0,0.26545951486163305,0.0020498804236419544,15.002499545,0.07798873757606237,3.8994368788031184,0.0,0.0,0.050960735171261484,0.001294903926482874,,,,,,,,,,,,,,,,,,,,,,
F0017,main03,0,publication,redis,7.4.2,always,redis-old,16,0,2,15,65536,compressible,inherited,False,,250,0.1,True,2026092420,False,complete,,complete,59595.0,59595.0,0.0,3972.2544075828796,3.104142,19.233776,59595.0,4.0242183272254435,33.446537,59000.0,595.0,15.002815501,15.003435875,0.21342364686848772,10.671182343424386,0.0,0.0,0.23279893119572478,0.003006012024048096,15.005194793,0.17630867419556331,8.815433709778166,0.0,0.0,0.09181068753400008,0.04494287985939658,,,,,,,,,,,,,,,,,,,,,,
F0018,main03,0,publication,redis,8.10.2,always,redis-current,1,0,2,15,65536,compressible,inherited,False,,250,0.1,True,2026092421,False,complete,,complete,8858.0,8858.0,0.0,590.5018950124429,1.631282,2.722501,8858.0,1.6893251731767986,156.718811,8770.0,88.0,15.0007986,15.00138468,0.05913267467786847,2.9566337338934234,0.0,0.0,0.10759919300605246,0.0023537323470073975,15.003089101,0.16009303043064024,8.004651521532011,0.0,0.0,0.05715841045182363,0.03986432728947699,,,,,,,,,,,,,,,,,,,,,,
F0019,main03,0,publication,nats,2.10.24,always,nats-old,1,0,2,15,65536,compressible,inherited,False,,250,0.1,True,2026092422,False,complete,,complete,8753.0,8753.0,0.0,583.519850329165,1.666103,2.81195,8753.0,1.7091053109790932,7.027966,8666.0,87.0,15.000346595,15.000828445,0.08763302672381172,4.381651336190586,0.0,0.0,0.12639405204460966,0.0025346400811084827,15.002437858,0.2181076856289152,10.905384281445759,0.0,0.0,0.06094950258153885,0.03752675985392268,,,,,,,,,,,,,,,,,,,,,,
F0020,main03,0,publication,redis,8.10.2,always,redis-current,16,0,2,15,65536,compressible,inherited,False,,250,0.1,True,2026092423,False,complete,,complete,76001.0,76001.0,0.0,5066.036087694133,3.036586,6.032082,76001.0,3.1547365804002947,204.906382,75241.0,760.0,15.002064471,15.002663075,0.2749407874708271,13.747039373541355,0.0,0.0,0.24149941947254935,0.0021562448167191904,15.004106036,0.2040901998861347,10.204509994306735,0.0,0.0,0.07278652906029331,0.04241006142146827,,,,,,,,,,,,,,,,,,,,,,
F0021,main03,0,publication,nats,2.15.0,memory,nats-current,16,0,2,15,65536,compressible,inherited,False,,250,0.1,True,2026092424,False,complete,,complete,917583.0,917583.0,0.0,61171.07724565787,0.240384,0.636727,917583.0,0.26015372915147666,8.9277,908408.0,9175.0,15.000275315,15.000602865,1.1776344696930288,58.88172348465144,0.0,0.0,0.603150912106136,0.001658374792703151,15.001758303,1.1723976379810628,58.61988189905314,0.0,0.0,0.18141372141372142,0.0006237006237006237,,,,,,,,,,,,,,,,,,,,,,
F0022,main03,0,publication,nats,2.15.0,periodic,nats-current,1,0,2,15,65536,compressible,inherited,False,,250,0.1,True,2026092425,False,complete,,complete,64079.0,64079.0,0.0,4271.928872300409,0.22761,0.336854,64079.0,0.23087262415143778,47.472959,63439.0,640.0,15.000015664,15.000559029,0.4427076342395959,22.135381711979797,0.0,0.0,0.28531999309987927,0.002932551319648094,15.002163304,0.2302157982161904,11.51078991080952,0.0,0.0,0.060152582159624414,0.0033115358819584173,,,,,,,,,,,,,,,,,,,,,,
F0023,main03,0,publication,nats,2.15.0,periodic,nats-current,16,0,2,15,65536,compressible,inherited,False,,250,0.1,True,2026092426,False,complete,,complete,726499.0,726499.0,0.0,48432.605936141124,0.287128,0.896432,726499.0,0.32882234097088003,18.3348,719235.0,7264.0,15.000204634,15.000726445,1.0619157051097068,53.09578525548534,0.0,0.0,0.6013580655846307,0.00182179529645578,15.00189933,1.2166331474776,60.83165737388,0.0,0.0,0.20485850237916353,0.005968778696051423,,,,,,,,,,,,,,,,,,,,,,
F0024,main03,0,publication,redis,8.10.2,memory,redis-current,1,0,2,15,65536,compressible,inherited,False,,250,0.1,True,2026092427,False,complete,,complete,86650.0,86650.0,0.0,5776.650679593356,0.169132,0.249942,86650.0,0.1703078455626044,6.534103,85784.0,866.0,15.000041513,15.000620014,0.3597987279834312,17.98993639917156,0.0,0.0,0.2512803004438375,0.002389894161829976,15.002435681,0.07969759213927205,3.9848796069636023,0.0,0.0,0.05583629150135728,0.004677385675506369,,,,,,,,,,,,,,,,,,,,,,
F0025,main03,1,publication,nats,2.15.0,periodic,nats-current,16,0,2,15,65536,compressible,inherited,False,,250,0.1,True,2026092428,False,complete,,complete,764826.0,764826.0,0.0,50985.26720345865,0.282314,0.768479,764826.0,0.3122986524255158,19.514669,757178.0,7648.0,15.000921677,15.001420945,1.1061342829347556,55.306714146737775,0.0,0.0,0.5870935633709357,0.0019907100199071004,15.002530138,1.250453078743217,62.522653937160854,0.0,0.0,0.18409100379182466,0.018459102462602607,,,,,,,,,,,,,,,,,,,,,,
F0026,main03,1,publication,redis,8.10.2,always,redis-current,16,0,2,15,65536,compressible,inherited,False,,250,0.1,True,2026092429,False,complete,,complete,68117.0,68117.0,0.0,4540.588768716771,3.044567,18.011805,68117.0,3.5201455475725667,127.534642,67436.0,681.0,15.001798989,15.00231393,0.2401208918043218,12.00604459021609,0.0,0.0,0.2740432612312812,0.002995008319467554,15.004021771,0.1843938273501723,9.219691367508615,0.0,0.0,0.061519802601313206,0.05106436368198737,,,,,,,,,,,,,,,,,,,,,,
F0027,main03,1,publication,redis,7.4.2,always,redis-old,16,0,2,15,65536,compressible,inherited,False,,250,0.1,True,2026092430,False,complete,,complete,76581.0,76581.0,0.0,5104.398009393101,3.039427,5.480677,76581.0,3.130726083088469,167.284382,75816.0,765.0,15.002944492,15.003530147,0.2731999709294815,13.659998546474075,0.0,0.0,0.24655258348562883,0.001993686658913441,15.005422581,0.20537262335431192,10.268631167715595,0.0,0.0,0.07295760515093236,0.042771134710260054,,,,,,,,,,,,,,,,,,,,,,
F0028,main03,1,publication,nats,2.10.24,periodic,nats-old,16,0,2,15,65536,compressible,inherited,False,,250,0.1,True,2026092431,False,complete,,complete,747495.0,747495.0,0.0,49832.38529427228,0.277877,0.88876,747495.0,0.31948087619449533,20.394179,740021.0,7474.0,15.000185032,15.000770316,1.068651453379136,53.4325726689568,0.0,0.0,0.6118136439267887,0.0019966722129783694,15.002973401,1.229750497242783,61.48752486213915,0.0,0.0,0.175891963987996,0.0029176392130710236,,,,,,,,,,,,,,,,,,,,,,
F0029,main03,1,publication,redis,8.10.2,memory,redis-current,1,0,2,15,65536,compressible,inherited,False,,250,0.1,True,2026092432,False,complete,,complete,73999.0,73999.0,0.0,4933.220956756807,0.20149,0.279568,73999.0,0.19982040649198107,6.949785,73260.0,739.0,15.000138986,15.000822768,0.31667416337546317,15.833708168773159,0.0,0.0,0.25106094041758614,0.0028857579358343237,15.00262709,0.0675876960693022,3.3793848034651104,0.0,0.0,0.05927102491222204,0.0020899515131248955,,,,,,,,,,,,,,,,,,,,,,
F0030,main03,1,publication,nats,2.10.24,memory,nats-old,16,0,2,15,65536,compressible,inherited,False,,250,0.1,True,2026092433,False,complete,,complete,916139.0,916139.0,0.0,61075.09108746887,0.239087,0.681918,916139.0,0.26054292481599556,13.335882,906978.0,9161.0,15.000206855,15.000698956,1.1779586439158722,58.897932195793615,0.0,0.0,0.6003661784287616,0.0021637816245006656,15.001835902,1.1726650734564208,58.63325367282104,0.0,0.0,0.18777601866511123,0.0039163403049745854,,,,,,,,,,,,,,,,,,,,,,
F0031,main03,1,publication,redis,8.10.2,periodic,redis-current,1,0,2,15,65536,compressible,inherited,False,,250,0.1,True,2026092434,False,complete,,complete,82044.0,82044.0,0.0,5469.569962580317,0.177885,0.259276,82044.0,0.18000704882746016,8.737629,81224.0,820.0,15.000082376,15.000675618,0.35351681051196765,17.67584052559838,0.0,0.0,0.24666894431158182,0.0030748206354629312,15.00232703,0.1203931227727676,6.01965613863838,0.0,0.0,0.06451208818739822,0.002004259050482275,,,,,,,,,,,,,,,,,,,,,,
F0032,main03,1,publication,redis,7.4.2,memory,redis-old,16,0,2,15,65536,compressible,inherited,False,,250,0.1,True,2026092435,False,complete,,complete,1101776.0,1101776.0,0.0,73450.82843871386,0.205007,0.480796,1101776.0,0.21657123342312753,6.030098,1090759.0,11017.0,15.000184796,15.000671068,1.10600305311621,55.3001526558105,0.0,0.0,0.6195561488403137,0.0023360587351910563,15.001820124,0.5260450355203845,26.302251776019226,0.0,0.0,0.14260622281699564,0.006440281030444965,,,,,,,,,,,,,,,,,,,,,,
F0033,main03,1,publication,redis,8.10.2,periodic,redis-current,16,0,2,15,65536,compressible,inherited,False,,250,0.1,True,2026092436,False,complete,,complete,911695.0,911695.0,0.0,60778.66904154111,0.24803,0.554585,911695.0,0.2619334530539324,43.748944,902579.0,9116.0,15.000246211,15.000573289,1.0200622806343465,51.003114031717324,0.0,0.0,0.5831385642737896,0.0028380634390651085,15.001723611,0.62316566032087,31.158283016043498,0.0,0.0,0.13666596946245554,0.008952102070696508,,,,,,,,,,,,,,,,,,,,,,
F0034,main03,1,publication,nats,2.10.24,always,nats-old,16,0,2,15,65536,compressible,inherited,False,,250,0.1,True,2026092437,False,complete,,complete,9342.0,9342.0,0.0,622.7811022471959,22.819941,49.967089,9342.0,25.685445491329464,88.091074,9249.0,93.0,15.000455162,15.001025182,0.05347427860880716,2.673713930440358,0.0,0.0,0.12104377104377105,0.004208754208754209,15.002590501,0.17903801345647352,8.951900672823676,0.0,0.0,0.06399564142324295,0.047483341016721844,,,,,,,,,,,,,,,,,,,,,,
F0035,main03,1,publication,nats,2.15.0,memory,nats-current,1,0,2,15,65536,compressible,inherited,False,,250,0.1,True,2026092438,False,complete,,complete,68276.0,68276.0,0.0,4551.697576410959,0.213585,0.323767,68276.0,0.2165438281240864,6.323571,67594.0,682.0,15.000117836,15.00080304,0.46877317042621475,23.43865852131074,0.0,0.0,0.2935383552176918,0.0029371112646855565,15.002662938,0.19432663468133968,9.716331734066983,0.0,0.0,0.08373557187827912,0.0004616998950682057,,,,,,,,,,,,,,,,,,,,,,
F0036,main03,1,publication,redis,8.10.2,always,redis-current,1,0,2,15,65536,compressible,inherited,False,,250,0.1,True,2026092439,False,complete,,complete,1685.0,1685.0,0.0,112.3242432318599,3.885845,31.544088,1685.0,8.896737162017796,3407.359495,1669.0,16.0,15.00121391,15.001765124,0.01509035757651154,0.754517878825577,0.0,0.0,0.13790200370432734,0.002694056238423977,15.003683861,0.030097475005708533,1.5048737502854266,0.0,0.0,0.04066094959213554,0.10742522484835808,,,,,,,,,,,,,,,,,,,,,,
F0037,main03,1,publication,nats,2.15.0,memory,nats-current,16,0,2,15,65536,compressible,inherited,False,,250,0.1,True,2026092440,False,complete,,complete,907243.0,907243.0,0.0,60482.064271280666,0.242447,0.644047,907243.0,0.2631233352883339,8.305175,898171.0,9072.0,15.000199,15.000705173,1.1762793013064174,58.81396506532087,0.0,0.0,0.6064837905236907,0.0016625103906899418,15.001887142,1.1751064938120703,58.755324690603516,0.0,0.0,0.2033898305084746,0.0010827468454587099,,,,,,,,,,,,,,,,,,,,,,
F0038,main03,1,publication,redis,7.4.2,memory,redis-old,1,0,2,15,65536,compressible,inherited,False,,250,0.1,True,2026092441,False,complete,,complete,73168.0,73168.0,0.0,4877.851697190188,0.202097,0.281792,73168.0,0.20204295888913143,6.328078,72437.0,731.0,15.000046033,15.00057938,0.32050015390805525,16.025007695402763,0.0,0.0,0.2341148487937479,0.0025484199796126403,15.002321026,0.07072772260779377,3.536386130389688,0.0,0.0,0.0557179851307326,0.015454013866844874,,,,,,,,,,,,,,,,,,,,,,
F0039,main03,1,publication,nats,2.15.0,always,nats-current,16,0,2,15,65536,compressible,inherited,False,,250,0.1,True,2026092442,False,complete,,complete,976.0,976.0,0.0,64.7759560452195,230.726035,1968.596032,976.0,246.54272462602458,1969.21558,967.0,9.0,15.067319104,15.067985652,0.006687224313000693,0.3343612156500347,0.0,0.0,0.09231545316966537,0.0023541281318311754,15.069796652,0.030171674542115112,1.5085837271057556,0.0,0.0,0.04659781793953527,0.09515282751728159,,,,,,,,,,,,,,,,,,,,,,
F0040,main03,1,publication,redis,8.10.2,memory,redis-current,16,0,2,15,65536,compressible,inherited,False,,250,0.1,True,2026092443,False,complete,,complete,1105853.0,1105853.0,0.0,73722.86594480222,0.205297,0.460557,1105853.0,0.21575550196275028,7.169029,1094795.0,11058.0,15.00013579,15.000737904,1.1112679993932117,55.56339996966059,0.0,0.0,0.6181181181181181,0.0018351685018351686,15.001936858,0.5236840465576634,26.18420232788317,0.0,0.0,0.13784303882195448,0.0010458500669344043,,,,,,,,,,,,,,,,,,,,,,
F0041,main03,1,publication,redis,7.4.2,periodic,redis-old,16,0,2,15,65536,compressible,inherited,False,,250,0.1,True,2026092444,False,complete,,complete,897989.0,897989.0,0.0,59865.18566904749,0.248059,0.597339,897989.0,0.2659093394852336,12.20994,889010.0,8979.0,15.000187337,15.000660822,0.9986394718044642,49.93197359022321,0.0,0.0,0.5928463981280294,0.002674243690456293,15.00217492,0.6175337275696823,30.876686378484113,0.0,0.0,0.13900276081318497,0.005856270392370117,,,,,,,,,,,,,,,,,,,,,,
F0042,main03,1,publication,nats,2.15.0,periodic,nats-current,1,0,2,15,65536,compressible,inherited,False,,250,0.1,True,2026092445,False,complete,,complete,63729.0,63729.0,0.0,4248.552178296681,0.227555,0.328354,63729.0,0.23230822860863978,38.014448,63092.0,637.0,15.00016884,15.000761059,0.42144048392844946,21.072024196422472,0.0,0.0,0.31113405610049905,0.0022371364653243847,15.00227571,0.22655396192555377,11.327698096277688,0.0,0.0,0.06124586318126597,0.007540530350634661,,,,,,,,,,,,,,,,,,,,,,
F0043,main03,1,publication,nats,2.10.24,always,nats-old,1,0,2,15,65536,compressible,inherited,False,,250,0.1,True,2026092446,False,complete,,complete,7674.0,7674.0,0.0,511.55367745036375,1.725862,7.077256,7674.0,1.9501716185822255,62.352923,7598.0,76.0,15.00135829,15.002122714,0.0787528553474276,3.93764276737138,0.0,0.0,0.13523552253925375,0.0032078338679723114,15.004127291,0.19776345151242958,9.888172575621478,0.0,0.0,0.0792045978940303,0.03935058941980954,,,,,,,,,,,,,,,,,,,,,,
F0044,main03,1,publication,nats,2.15.0,always,nats-current,1,0,2,15,65536,compressible,inherited,False,,250,0.1,True,2026092447,False,complete,,complete,8575.0,8575.0,0.0,571.6450884746347,1.695476,2.73061,8575.0,1.7446969053061292,136.410215,8490.0,85.0,15.000566213,15.000843993,0.08737895018517976,4.368947509258988,0.0,0.0,0.11000506158258816,0.0025307912940779483,15.002355582,0.21877711017181783,10.938855508590892,0.0,0.0,0.06145579716228696,0.037780203173537065,,,,,,,,,,,,,,,,,,,,,,
F0045,main03,1,publication,redis,7.4.2,periodic,redis-old,1,0,2,15,65536,compressible,inherited,False,,250,0.1,True,2026092448,False,complete,,complete,73175.0,73175.0,0.0,4878.296161041806,0.201685,0.287417,73175.0,0.20205462256235135,6.030978,72444.0,731.0,15.000114299,15.000680059,0.31162427180728924,15.581213590364463,0.0,0.0,0.24591836734693878,0.0027210884353741495,15.002055145,0.1087560993630783,5.437804968153915,0.0,0.0,0.05520320453976467,0.0016690311274305265,,,,,,,,,,,,,,,,,,,,,,
F0046,main03,1,publication,nats,2.10.24,periodic,nats-old,1,0,2,15,65536,compressible,inherited,False,,250,0.1,True,2026092449,False,failed,nats: timeout,measurement,11209.0,11208.0,1.0,,,,,,,,,,,,,,,,,,,,,,,,7.62352672,11209.0,True,,,,,,,,,,,,,,,,,,,
F0047,main03,1,publication,nats,2.10.24,memory,nats-old,1,0,2,15,65536,compressible,inherited,False,,250,0.1,True,2026092450,False,complete,,complete,69462.0,69462.0,0.0,4630.765343969601,0.212548,0.317778,69462.0,0.21277803603409365,7.552718,68768.0,694.0,15.000112258,15.000684259,0.47781453674019364,23.890726837009684,0.0,0.0,0.298858526461432,0.002421307506053269,15.002576178,0.18113949016203423,9.056974508101712,0.0,0.0,0.06091732349488513,0.0010900553412711723,,,,,,,,,,,,,,,,,,,,,,
F0048,main03,1,publication,redis,7.4.2,always,redis-old,1,0,2,15,65536,compressible,inherited,False,,250,0.1,True,2026092451,False,failed,read tcp 10.42.134.2:52244->10.43.3.27:6379: i/o timeout,measurement,300.0,299.0,1.0,,,,,,,,,,,,,,,,,,,,,,,,8.151111561,300.0,True,,,,,,,,,,,,,,,,,,,
F0049,main03,2,publication,nats,2.15.0,memory,nats-current,16,0,2,15,65536,compressible,inherited,False,,250,0.1,True,2026092452,False,complete,,complete,905314.0,905314.0,0.0,60353.55138051713,0.24332,0.623239,905314.0,0.26366230767005244,9.417298,896261.0,9053.0,15.000177774,15.000745043,1.1872236978196335,59.361184890981676,0.0,0.0,0.5993648671235167,0.0018385425371887014,15.001914772,1.1708022787052799,58.540113935263996,0.0,0.0,0.18760650014546362,0.0019118074892980341,,,,,,,,,,,,,,,,,,,,,,
F0050,main03,2,publication,nats,2.15.0,always,nats-current,16,0,2,15,65536,compressible,inherited,False,,250,0.1,True,2026092453,False,complete,,complete,7403.0,7403.0,0.0,492.85396095940627,23.154291,159.261864,7403.0,32.45788464838573,1312.414835,7329.0,74.0,15.020676684,15.021287613,0.04261232568678332,2.130616284339166,0.0,0.0,0.10063951531470886,0.00286098956580276,15.023070579,0.14041763226146126,7.020881613073063,0.0,0.0,0.052988164443143325,0.05566475680649074,,,,,,,,,,,,,,,,,,,,,,
F0051,main03,2,publication,redis,8.10.2,memory,redis-current,1,0,2,15,65536,compressible,inherited,False,,250,0.1,True,2026092454,False,complete,,complete,87022.0,87022.0,0.0,5801.423980562541,0.168337,0.252643,87022.0,0.16960059316035084,6.893475,86152.0,870.0,15.000110368,15.000692143,0.3606217598782169,18.031087993910845,0.0,0.0,0.2575445816186557,0.0022290809327846365,15.00238106,0.0793651351234242,3.9682567561712103,0.0,0.0,0.05147580678829374,0.0006262263599549117,,,,,,,,,,,,,,,,,,,,,,
F0052,main03,2,publication,nats,2.15.0,periodic,nats-current,16,0,2,15,65536,compressible,inherited,False,,250,0.1,True,2026092455,False,complete,,complete,717729.0,717729.0,0.0,47847.92694873051,0.285383,0.787142,717729.0,0.3328833692410423,792.333267,710552.0,7177.0,15.000210997,15.000724322,1.0429349719503498,52.14674859751749,0.0,0.0,0.5482309746328438,0.0021695594125500667,15.001749997,1.1856356760749185,59.281783803745924,0.0,0.0,0.1916659714690915,0.1332276633019104,,,,,,,,,,,,,,,,,,,,,,
F0053,main03,2,publication,nats,2.10.24,always,nats-old,1,0,2,15,65536,compressible,inherited,False,,250,0.1,True,2026092456,False,complete,,complete,8079.0,8079.0,0.0,538.5950177447415,1.707651,3.324458,8079.0,1.852216730907296,7.103205,7999.0,80.0,15.000138757,15.00083188,0.08323858369913283,4.161929184956641,0.0,0.0,0.11690283400809717,0.0075910931174089065,15.00278796,0.2012805891845718,10.06402945922859,0.0,0.0,0.05382388723413181,0.04102865293451357,,,,,,,,,,,,,,,,,,,,,,
F0054,main03,2,publication,redis,7.4.2,always,redis-old,16,0,2,15,65536,compressible,inherited,False,,250,0.1,True,2026092457,False,complete,,complete,74930.0,74930.0,0.0,4994.562723249675,3.123735,6.157671,74930.0,3.1999289172027274,12.524161,74181.0,749.0,15.002314347,15.002967137,0.2717401806437083,13.587009032185415,0.0,0.0,0.25165562913907286,0.0051324503311258275,15.004455746,0.20808452188159762,10.404226094079881,0.0,0.0,0.06052995102348361,0.05090208882749383,,,,,,,,,,,,,,,,,,,,,,
F0055,main03,2,publication,redis,8.10.2,memory,redis-current,16,0,2,15,65536,compressible,inherited,False,,250,0.1,True,2026092458,False,complete,,complete,1096791.0,1096791.0,0.0,73118.60734555064,0.206203,0.46744,1096791.0,0.21756836950249456,7.190948,1085824.0,10967.0,15.00016261,15.000720596,1.11651162974571,55.825581487285504,0.0,0.0,0.6126607649908135,0.001837314180724904,15.001938899,0.523442273219993,26.172113660999653,0.0,0.0,0.14008286945967438,0.0010463315615452224,,,,,,,,,,,,,,,,,,,,,,
F0056,main03,2,publication,redis,7.4.2,memory,redis-old,1,0,2,15,65536,compressible,inherited,False,,250,0.1,True,2026092459,False,complete,,complete,87079.0,87079.0,0.0,5805.217958952919,0.1679,0.254246,87079.0,0.16950258302231275,6.786049,86209.0,870.0,15.000125855,15.000615502,0.36086065930283184,18.04303296514159,0.0,0.0,0.258837525492862,0.002379333786539769,15.002466797,0.07667265760788206,3.8336328803941027,0.0,0.0,0.04904461261863946,0.0018396956139984113,,,,,,,,,,,,,,,,,,,,,,
F0057,main03,2,publication,nats,2.10.24,always,nats-old,16,0,2,15,65536,compressible,inherited,False,,250,0.1,True,2026092460,False,complete,,complete,10358.0,10358.0,0.0,689.6955166924098,22.981036,44.250482,10358.0,23.192791449700845,83.868589,10255.0,103.0,15.018221446,15.018903245,0.05902315139390193,2.9511575696950962,0.0,0.0,0.11899544918253835,0.0026967807180178663,15.020854888,0.19240249783045504,9.620124891522753,0.0,0.0,0.0570902394106814,0.049347061778001,,,,,,,,,,,,,,,,,,,,,,
F0058,main03,2,publication,nats,2.15.0,always,nats-current,1,0,2,15,65536,compressible,inherited,False,,250,0.1,True,2026092461,False,complete,,complete,8546.0,8546.0,0.0,569.6893366816129,1.691078,3.005598,8546.0,1.750903630704421,181.465317,8461.0,85.0,15.001158438,15.001851041,0.08831723474516533,4.4158617372582665,0.0,0.0,0.11652613827993255,0.002866779089376054,15.003602091,0.20819966972289922,10.409983486144961,0.0,0.0,0.06672545561434451,0.03838078441253044,,,,,,,,,,,,,,,,,,,,,,
F0059,main03,2,publication,nats,2.15.0,memory,nats-current,1,0,2,15,65536,compressible,inherited,False,,250,0.1,True,2026092462,False,complete,,complete,64403.0,64403.0,0.0,4293.49970378132,0.230634,0.329016,64403.0,0.22977145002561797,6.502601,63759.0,644.0,15.00011749,15.000754273,0.4448686965035788,22.24343482517894,0.0,0.0,0.2838931955211025,0.002583979328165375,15.002441552,0.18457495670968635,9.228747835484317,0.0,0.0,0.06167880157335342,0.0005858230814294083,,,,,,,,,,,,,,,,,,,,,,
F0060,main03,2,publication,nats,2.15.0,periodic,nats-current,1,0,2,15,65536,compressible,inherited,False,,250,0.1,True,2026092463,False,complete,,complete,62445.0,62445.0,0.0,4162.974953322428,0.232422,0.342652,62445.0,0.2368781718151971,27.053585,61821.0,624.0,15.000090248,15.000887467,0.4440718600585713,22.203593002928564,0.0,0.0,0.27167530224525044,0.0025906735751295338,15.002412703,0.22455161490967018,11.22758074548351,0.0,0.0,0.06756135289936871,0.1285588862410636,,,,,,,,,,,,,,,,,,,,,,
F0061,main03,2,publication,redis,7.4.2,periodic,redis-old,16,0,2,15,65536,compressible,inherited,False,,250,0.1,True,2026092464,False,complete,,complete,933609.0,933609.0,0.0,62239.81257508587,0.245371,0.532916,933609.0,0.25580325923378183,9.185037,924273.0,9336.0,15.000189772,15.00074108,1.027581831977064,51.3790915988532,0.0,0.0,0.5743863750208716,0.0020036734012355987,15.001860852,0.6209207705561512,31.04603852780756,0.0,0.0,0.1284572576258421,0.002803464580107954,,,,,,,,,,,,,,,,,,,,,,
F0062,main03,2,publication,nats,2.10.24,periodic,nats-old,1,0,2,15,65536,compressible,inherited,False,,250,0.1,True,2026092465,False,complete,,complete,61715.0,61715.0,0.0,4114.289156564943,0.22273,0.358998,61715.0,0.24000796691241838,790.454083,61098.0,617.0,15.000161061,15.000741414,0.40554662147047926,20.277331073523964,0.0,0.0,0.3298330177311069,0.0036150800482010674,15.002507149,0.21479316543533813,10.739658271766906,0.0,0.0,0.09721115537848606,0.009855315579786118,,,,,,,,,,,,,,,,,,,,,,
F0063,main03,2,publication,redis,8.10.2,always,redis-current,1,0,2,15,65536,compressible,inherited,False,,250,0.1,True,2026092466,False,failed,read tcp 10.42.134.2:37778->10.43.157.135:6379: i/o timeout,measurement,831.0,830.0,1.0,,,,,,,,,,,,,,,,,,,,,,,,15.186553915,831.0,True,,,,,,,,,,,,,,,,,,,
F0064,main03,2,publication,nats,2.10.24,memory,nats-old,1,0,2,15,65536,compressible,inherited,False,,250,0.1,True,2026092467,False,complete,,complete,68729.0,68729.0,0.0,4581.9074431125955,0.21438,0.316296,68729.0,0.21502115581486733,5.258484,68042.0,687.0,15.000084758,15.000706367,0.4829520572402789,24.147602862013944,0.0,0.0,0.2898500775460969,0.001895571256246769,15.002465499,0.18293746452427687,9.146873226213843,0.0,0.0,0.06631155104437547,0.0008388558006878617,,,,,,,,,,,,,,,,,,,,,,
F0065,main03,2,publication,nats,2.10.24,periodic,nats-old,16,0,2,15,65536,compressible,inherited,False,,250,0.1,True,2026092468,False,complete,,complete,764302.0,764302.0,0.0,50952.532051164926,0.276633,0.849402,764302.0,0.31251359435014336,23.292556,756659.0,7643.0,15.000275143,15.00071611,1.0986172846117546,54.93086423058773,0.0,0.0,0.5724746214012315,0.0018305874521551007,15.001812508,1.2387655818315204,61.93827909157602,0.0,0.0,0.18088253677236552,0.008333680570023752,,,,,,,,,,,,,,,,,,,,,,
F0066,main03,2,publication,redis,7.4.2,memory,redis-old,16,0,2,15,65536,compressible,inherited,False,,250,0.1,True,2026092469,False,complete,,complete,1096446.0,1096446.0,0.0,73095.47481108319,0.206508,0.469426,1096446.0,0.21764638321721502,7.645478,1085482.0,10964.0,15.000189859,15.000804985,1.1055779350897281,55.278896754486404,0.0,0.0,0.6118629908103592,0.0018379281537176273,15.001964699,0.5305160463769466,26.52580231884733,0.0,0.0,0.13153273685090727,0.0007943808010703236,,,,,,,,,,,,,,,,,,,,,,
F0067,main03,2,publication,redis,7.4.2,always,redis-old,1,0,2,15,65536,compressible,inherited,False,,250,0.1,True,2026092470,False,complete,,complete,8903.0,8903.0,0.0,593.4882379208925,1.631986,2.839677,8903.0,1.6809267295293766,13.504344,8814.0,89.0,15.001139755,15.001952248,0.05995233054550648,2.997616527275324,0.0,0.0,0.17212976970919483,0.0031938140864010756,15.003829269,0.1706003816831355,8.530019084156775,0.0,0.0,0.061775900288594254,0.03931573884311347,,,,,,,,,,,,,,,,,,,,,,
F0068,main03,2,publication,redis,8.10.2,periodic,redis-current,1,0,2,15,65536,compressible,inherited,False,,250,0.1,True,2026092471,False,complete,,complete,82151.0,82151.0,0.0,5476.725898130254,0.178306,0.261915,82151.0,0.17973045894754855,7.332593,81330.0,821.0,15.000020364,15.000599301,0.35862187183690575,17.931093591845286,0.0,0.0,0.25067980965329706,0.002549286199864038,15.002276747,0.117484501167628,5.8742250583814,0.0,0.0,0.0700450826515278,0.0011688094840540991,,,,,,,,,,,,,,,,,,,,,,
F0069,main03,2,publication,redis,7.4.2,periodic,redis-old,1,0,2,15,65536,compressible,inherited,False,,250,0.1,True,2026092472,False,complete,,complete,72885.0,72885.0,0.0,4858.994602304862,0.202276,0.286893,72885.0,0.20288104218975164,6.095228,72157.0,728.0,15.000016663,15.000569138,0.31343477415730037,15.671738707865018,0.0,0.0,0.24766751484308736,0.002374893977947413,15.002370965,0.10771070811206272,5.385535405603136,0.0,0.0,0.04917484854815124,0.002214330478378943,,,,,,,,,,,,,,,,,,,,,,
F0070,main03,2,publication,redis,8.10.2,always,redis-current,16,0,2,15,65536,compressible,inherited,False,,250,0.1,True,2026092473,False,complete,,complete,59508.0,59508.0,0.0,3966.5564576827555,3.15656,23.383102,59508.0,4.030081662734405,77.602137,58913.0,595.0,15.002433631,15.003097826,0.21515896499760648,10.757948249880323,0.0,0.0,0.22400267067267568,0.002670672675680187,15.004804782,0.1729490011834797,8.647450059173984,0.0,0.0,0.07340025094102885,0.05391049769970724,,,,,,,,,,,,,,,,,,,,,,
F0071,main03,2,publication,nats,2.10.24,memory,nats-old,16,0,2,15,65536,compressible,inherited,False,,250,0.1,True,2026092474,False,complete,,complete,920304.0,920304.0,0.0,61352.74857109643,0.238618,0.657886,920304.0,0.2593784037068152,16.008936,911101.0,9203.0,15.000208164,15.000738896,1.1781904293203025,58.90952146601512,0.0,0.0,0.5979038429545832,0.0026617867243387125,15.001899486,1.1715198476300472,58.57599238150236,0.0,0.0,0.1846179457299817,0.0012069252538704845,,,,,,,,,,,,,,,,,,,,,,
F0072,main03,2,publication,redis,8.10.2,periodic,redis-current,16,0,2,15,65536,compressible,inherited,False,,250,0.1,True,2026092475,False,complete,,complete,895930.0,895930.0,0.0,59727.9939861072,0.248705,0.580057,895930.0,0.26645489837598163,14.078389,886971.0,8959.0,15.000168936,15.000721502,1.004295693243249,50.21478466216245,0.0,0.0,0.6112873601602938,0.0021706461846718985,15.001811942,0.6184488271063544,30.92244135531772,0.0,0.0,0.13673640167364018,0.005271966527196653,,,,,,,,,,,,,,,,,,,,,,
F0073,main03,0,drain,nats,2.15.0,periodic,nats-current,16,16,4,15,65536,compressible,inherited,False,,250,0.1,True,2026092476,False,complete,,complete,65536.0,65536.0,0.0,31542.699457082934,0.469618,1.13205,65536.0,0.5056410399169953,16.243996,64881.0,655.0,2.077691546,2.077933844,1.461126401481336,36.5281600370334,0.0,0.0,0.7591687041564792,0.0012224938875305623,2.078954092,1.323109062669961,66.15545313349806,0.0,0.0,0.20306398317813157,0.0027035145689396217,,,,0.9968302097042849,,,,,,,,,,,,,,,,,,
F0074,main03,0,drain,nats,2.15.0,periodic,nats-current,16,16,2,15,65536,compressible,inherited,False,,250,0.1,True,2026092477,False,complete,,complete,65536.0,65536.0,0.0,29061.347090905987,0.502935,1.279636,65536.0,0.5492003496856743,8.785081,64881.0,655.0,2.25509161,2.255545784,1.1008085127834408,55.04042563917204,0.0,0.0,0.6002202643171806,0.0022026431718061676,2.256569688,1.271105880422515,63.55529402112575,0.0,0.0,0.17935233877663992,0.0019374481040686411,,,,0.9975313740413854,,,,,,,,,,,,,,,,,,
F0075,main03,0,drain,nats,2.15.0,memory,nats-current,16,1,2,15,65536,compressible,inherited,False,,250,0.1,True,2026092478,False,complete,,complete,65536.0,65536.0,0.0,2202.227377609989,0.451495,0.631742,65536.0,0.45140723204041083,3.870667,64881.0,655.0,29.758961616,29.759183453,0.42695069305468963,21.34753465273448,0.0,0.0,0.27514280768564997,0.002250302925393803,29.760613552,0.21144738797151263,10.572369398575631,0.0,0.0,0.06429916030372892,0.004822437022779669,,,,0.9941013648505255,,,,,,,,,,,,,,,,,,
F0076,main03,0,drain,redis,8.10.2,memory,redis-current,16,1,4,15,65536,compressible,inherited,False,,250,0.1,True,2026092479,False,complete,,complete,65536.0,65536.0,0.0,2914.7851613405387,0.342382,0.500682,65536.0,0.34035230183410814,5.473954,64881.0,655.0,22.483989856,22.484233158,0.36314247155433277,9.07856178885832,0.0,0.0,0.26267228613737326,0.0021642556099783572,22.4855827,0.08272829860886817,4.136414930443409,0.0,0.0,0.06221454829007463,0.003982399465300212,,,,0.9920538390141498,,,,,,,,,,,,,,,,,,
F0077,main03,0,drain,nats,2.15.0,periodic,nats-current,16,1,4,15,65536,compressible,inherited,False,,250,0.1,True,2026092480,False,complete,,complete,65536.0,65536.0,0.0,2289.3235595250803,0.43665,0.621841,65536.0,0.43414265641785127,5.994638,64881.0,655.0,28.626796648,28.627041605,0.45075551913636175,11.268887978409044,0.0,0.0,0.3067782878746962,0.002160410477990818,28.628492746,0.22157079858443765,11.078539929221883,0.0,0.0,0.06373872390860605,0.004170233313579597,,,,0.9938930115321788,,,,,,,,,,,,,,,,,,
F0078,main03,0,drain,nats,2.15.0,memory,nats-current,16,16,4,15,65536,compressible,inherited,False,,250,0.1,True,2026092481,False,complete,,complete,65536.0,65536.0,0.0,32991.70097074541,0.459451,0.961251,65536.0,0.48372188775634584,3.00575,64881.0,655.0,1.986438955,1.986671128,1.5245799656076746,38.11449914019187,0.0,0.0,0.7464968152866241,0.0012738853503184713,1.987610337,1.3430036815108393,67.15018407554196,0.0,0.0,0.18622208241585403,0.0009436929852154766,,,,0.9974254921163687,,,,,,,,,,,,,,,,,,
F0079,main03,0,drain,nats,2.15.0,memory,nats-current,16,16,2,15,65536,compressible,inherited,False,,250,0.1,True,2026092482,False,complete,,complete,65536.0,65536.0,0.0,28580.182049619383,0.518426,1.250285,65536.0,0.5585390310211208,3.345113,64881.0,655.0,2.293057472,2.293462433,1.110874528983401,55.54372644917005,0.0,0.0,0.6032608695652174,0.0010869565217391304,2.294532749,1.2916276750861924,64.58138375430961,0.0,0.0,0.22903050108932463,0.0016339869281045752,,,,0.9976966992750979,,,,,,,,,,,,,,,,,,
F0080,main03,0,drain,redis,8.10.2,periodic,redis-current,16,1,2,15,65536,compressible,inherited,False,,250,0.1,True,2026092483,False,complete,,complete,65536.0,65536.0,0.0,2740.243752014871,0.361912,0.544452,65536.0,0.36220641265869197,10.866539,64881.0,655.0,23.916120583,23.916373754,0.34548979226493487,17.274489613246743,0.0,0.0,0.2637585324232082,0.002773037542662116,23.917693523,0.12783067886792238,6.3915339433961185,0.0,0.0,0.07113650660515831,0.0025162507863283707,,,,0.9925338592276991,,,,,,,,,,,,,,,,,,
F0081,main03,0,drain,nats,2.15.0,memory,nats-current,16,1,4,15,65536,compressible,inherited,False,,250,0.1,True,2026092484,False,complete,,complete,65536.0,65536.0,0.0,2286.6119146326937,0.435821,0.617675,65536.0,0.4345496502227763,4.269073,64881.0,655.0,28.660744563,28.660983459,0.45769148217699335,11.442287054424833,0.0,0.0,0.2859848484848485,0.002344877344877345,28.662349304,0.21559338819228008,10.779669409614003,0.0,0.0,0.06633335526171524,0.003486612722847181,,,,0.9936464076988746,,,,,,,,,,,,,,,,,,
F0082,main03,0,drain,redis,8.10.2,memory,redis-current,16,1,2,15,65536,compressible,inherited,False,,250,0.1,True,2026092485,False,complete,,complete,65536.0,65536.0,0.0,2920.5741823280305,0.341433,0.505685,65536.0,0.33983685078430453,3.887689,64881.0,655.0,22.439423178,22.439661576,0.36159475812586567,18.079737906293282,0.0,0.0,0.2666362807657247,0.0025068368277119417,22.441330951,0.08586210881196144,4.2931054405980715,0.0,0.0,0.05705588292791912,0.0010333175077498814,,,,0.9925187326042949,,,,,,,,,,,,,,,,,,
F0083,main03,0,drain,redis,8.10.2,periodic,redis-current,16,16,2,15,65536,compressible,inherited,False,,250,0.1,True,2026092486,False,complete,,complete,65536.0,65536.0,0.0,28395.343165280698,0.542795,1.029009,65536.0,0.5622737103729243,7.102912,64881.0,655.0,2.307984081,2.308215914,0.9896370552447374,49.48185276223687,0.0,0.0,0.5678610206297503,0.002171552660152009,2.309132261,0.6414327256241994,32.07163628120997,0.0,0.0,0.1338411316648531,0.0019042437431991295,,,,0.997872184928428,,,,,,,,,,,,,,,,,,
F0084,main03,0,drain,redis,8.10.2,periodic,redis-current,16,1,4,15,65536,compressible,inherited,False,,250,0.1,True,2026092487,False,complete,,complete,65536.0,65536.0,0.0,2756.6214822061534,0.361139,0.522517,65536.0,0.3601238731842068,6.823984,64881.0,655.0,23.774029341,23.774266551,0.35306409903303354,8.826602475825839,0.0,0.0,0.2575222186529607,0.002462790448656173,23.775706822,0.1267228361519035,6.336141807595174,0.0,0.0,0.06261519827268419,0.0040286481647269475,,,,0.9927252050748615,,,,,,,,,,,,,,,,,,
F0085,main03,0,drain,redis,8.10.2,memory,redis-current,16,16,2,15,65536,compressible,inherited,False,,250,0.1,True,2026092488,False,complete,,complete,65536.0,65536.0,0.0,34960.302911052284,0.438537,0.867404,65536.0,0.45647527183533315,1.728774,64881.0,655.0,1.8745833,1.874817662,1.082963981592787,54.14819907963935,0.0,0.0,0.5989304812834224,0.001336898395721925,1.875746256,0.5586245989553504,27.931229947767523,0.0,0.0,0.12140468227424749,0.00033444816053511704,,,,0.9974071109229982,,,,,,,,,,,,,,,,,,
F0086,main03,0,drain,redis,8.10.2,periodic,redis-current,16,16,4,15,65536,compressible,inherited,False,,250,0.1,True,2026092489,False,complete,,complete,65536.0,65536.0,0.0,30472.60223658485,0.486444,0.964368,65536.0,0.5235819746093762,19.993988,64881.0,655.0,2.150653216,2.150900285,1.33139365872556,33.284841468139,0.0,0.0,0.735672514619883,0.0011695906432748538,2.151826834,0.6146033589243733,30.730167946218668,0.0,0.0,0.13752913752913754,0.24708624708624707,,,,0.997181578157322,,,,,,,,,,,,,,,,,,
F0087,main03,0,drain,nats,2.15.0,periodic,nats-current,16,1,2,15,65536,compressible,inherited,False,,250,0.1,True,2026092490,False,complete,,complete,65536.0,65536.0,0.0,2176.2811586765242,0.457035,0.63944,65536.0,0.45668976638793535,5.479607,64881.0,655.0,30.113756092,30.114006123,0.430499447567639,21.52497237838195,0.0,0.0,0.27339922647185216,0.0022346368715083797,30.115278585,0.2138668245030947,10.693341225154734,0.0,0.0,0.06442389965982845,0.003485193146482459,,,,0.9938853339504561,,,,,,,,,,,,,,,,,,
F0088,main03,0,drain,redis,8.10.2,memory,redis-current,16,16,4,15,65536,compressible,inherited,False,,250,0.1,True,2026092491,False,complete,,complete,65536.0,65536.0,0.0,36967.11070298474,0.417715,0.746608,65536.0,0.4315838176879896,2.947008,64881.0,655.0,1.772819102,1.773055511,1.4809914205782586,37.02478551445647,0.0,0.0,0.7602256699576869,0.0014104372355430183,1.774034109,0.5586758422354551,27.933792111772753,0.0,0.0,0.12353982300884955,0.004247787610619469,,,,0.9971504228805405,,,,,,,,,,,,,,,,,,
F0089,main03,1,drain,redis,8.10.2,periodic,redis-current,16,16,4,15,65536,compressible,inherited,False,,250,0.1,True,2026092492,False,complete,,complete,65536.0,65536.0,0.0,28713.72332452615,0.542012,0.996014,65536.0,0.5558433804321263,4.317669,64881.0,655.0,2.282392961,2.28262378,1.3316092764090977,33.29023191022744,0.0,0.0,0.70874861572536,0.0011074197120708748,2.283651937,0.637094461037387,31.85472305186935,0.0,0.0,0.18306761957119297,0.0013743815283122594,,,,0.9975208148435926,,,,,,,,,,,,,,,,,,
F0090,main03,1,drain,nats,2.15.0,periodic,nats-current,16,1,2,15,65536,compressible,inherited,False,,250,0.1,True,2026092493,False,complete,,complete,65536.0,65536.0,0.0,2262.0723156443605,0.439579,0.653199,65536.0,0.4393103844909667,5.690286,64881.0,655.0,28.97166441,28.971900714,0.4456694480442089,22.283472402210442,0.0,0.0,0.2865842736879814,0.002597169980297331,28.973349957,0.22285662547074586,11.142831273537293,0.0,0.0,0.07215173372729643,0.0018684279134439906,,,,0.9937518587320955,,,,,,,,,,,,,,,,,,
F0091,main03,1,drain,redis,8.10.2,memory,redis-current,16,1,4,15,65536,compressible,inherited,False,,250,0.1,True,2026092494,False,complete,,complete,65536.0,65536.0,0.0,2931.4563096557877,0.339922,0.504305,65536.0,0.3385967359771672,3.758138,64881.0,655.0,22.356123741,22.356402479,0.3549202071958279,8.873005179895697,0.0,0.0,0.2849450045829514,0.00229147571035747,22.357926479,0.08689441759390268,4.344720879695134,0.0,0.0,0.05311221917194241,0.0008964087623956524,,,,0.9925815381091382,,,,,,,,,,,,,,,,,,
F0092,main03,1,drain,nats,2.15.0,periodic,nats-current,16,16,2,15,65536,compressible,inherited,False,,250,0.1,True,2026092495,False,complete,,complete,65536.0,65536.0,0.0,27686.02051982937,0.517261,1.559811,65536.0,0.576561433654786,7.682567,64881.0,655.0,2.3671152,2.367354074,1.0939757717036795,54.698788585183976,0.0,0.0,0.5839493136219641,0.0021119324181626186,2.368232452,1.2602943589762108,63.01471794881054,0.0,0.0,0.22195830034309844,0.000791765637371338,,,,0.9976682301942889,,,,,,,,,,,,,,,,,,
F0093,main03,1,drain,redis,8.10.2,memory,redis-current,16,16,4,15,65536,compressible,inherited,False,,250,0.1,True,2026092496,False,complete,,complete,65536.0,65536.0,0.0,35020.584137059195,0.431427,0.894121,65536.0,0.4555838327484154,5.317923,64881.0,655.0,1.871356564,1.871598877,1.371225443410009,34.28063608525023,0.0,0.0,0.78125,0.001358695652173913,1.872576092,0.5531438772636,27.65719386318,0.0,0.0,0.14386317907444668,0.0013413816230717639,,,,0.9971757466406065,,,,,,,,,,,,,,,,,,
F0094,main03,1,drain,redis,8.10.2,periodic,redis-current,16,1,2,15,65536,compressible,inherited,False,,250,0.1,True,2026092497,False,complete,,complete,65536.0,65536.0,0.0,2725.627317123034,0.364063,0.523493,65536.0,0.3640822975769016,3.616201,64881.0,655.0,24.044373047,24.044614256,0.3520175416367054,17.60087708183527,0.0,0.0,0.25024,0.0023466666666666666,24.046119911,0.12748684658258086,6.374342329129043,0.0,0.0,0.06142109511287005,0.0010414768141224257,,,,0.9923526559565278,,,,,,,,,,,,,,,,,,
F0095,main03,1,drain,nats,2.15.0,periodic,nats-current,16,16,4,15,65536,compressible,inherited,False,,250,0.1,True,2026092498,False,complete,,complete,65536.0,65536.0,0.0,31676.28730619564,0.471125,1.051906,65536.0,0.50387842463684,13.235855,64881.0,655.0,2.068929334,2.069229137,1.453051740977877,36.326293524446925,0.0,0.0,0.7475609756097561,0.0012195121951219512,2.070240543,1.3381990848200676,66.90995424100338,0.0,0.0,0.19238900634249473,0.0006040471156750226,,,,0.9975623591368636,,,,,,,,,,,,,,,,,,
F0096,main03,1,drain,redis,8.10.2,periodic,redis-current,16,16,2,15,65536,compressible,inherited,False,,250,0.1,True,2026092499,False,complete,,complete,65536.0,65536.0,0.0,28618.598441180977,0.540062,1.043171,65536.0,0.5578808416137657,3.06216,64881.0,655.0,2.289979369,2.290214552,0.9759583433124566,48.79791716562283,0.0,0.0,0.5590809628008753,0.0032822757111597373,2.291203611,0.64272681525553,32.1363407627765,0.0,0.0,0.13882803943044908,0.0002738225629791895,,,,0.9978604865107848,,,,,,,,,,,,,,,,,,
F0097,main03,1,drain,nats,2.15.0,memory,nats-current,16,1,4,15,65536,compressible,inherited,False,,250,0.1,True,2026092500,False,complete,,complete,65536.0,65536.0,0.0,2186.920907733425,0.455214,0.632778,65536.0,0.4545478190002475,4.435708,64881.0,655.0,29.967247452,29.967484335,0.44075831832748996,11.018957958187249,0.0,0.0,0.2786729857819905,0.0022404136148211976,29.96894363,0.21183139046799965,10.591569523399983,0.0,0.0,0.0660601348937869,0.001008551677767739,,,,0.9940601289362624,,,,,,,,,,,,,,,,,,
F0098,main03,1,drain,redis,8.10.2,memory,redis-current,16,16,2,15,65536,compressible,inherited,False,,250,0.1,True,2026092501,False,complete,,complete,65536.0,65536.0,0.0,34739.20314765677,0.437151,0.936393,65536.0,0.4594229311676027,2.365063,64881.0,655.0,1.886514199,1.886751485,1.078207181058612,53.9103590529306,0.0,0.0,0.5901201602136181,0.0026702269692923898,1.887696529,0.5604868069342093,28.024340346710463,0.0,0.0,0.1222185320491531,0.0006642311524410495,,,,0.997499158532705,,,,,,,,,,,,,,,,,,
F0099,main03,1,drain,nats,2.15.0,periodic,nats-current,16,1,4,15,65536,compressible,inherited,False,,250,0.1,True,2026092502,False,complete,,complete,65536.0,65536.0,0.0,2279.8494966093494,0.43732,0.623038,65536.0,0.4359128984374979,6.303713,64881.0,655.0,28.745757164,28.745985943,0.45319148300677226,11.329787075169307,0.0,0.0,0.28880086424198775,0.002340655383507382,28.746922279,0.22250910681567784,11.125455340783892,0.0,0.0,0.06986250464511334,0.0007869368483179224,,,,0.9938158020682568,,,,,,,,,,,,,,,,,,
F0100,main03,1,drain,nats,2.15.0,memory,nats-current,16,16,2,15,65536,compressible,inherited,False,,250,0.1,True,2026092503,False,complete,,complete,65536.0,65536.0,0.0,28241.85931163336,0.507511,1.579977,65536.0,0.5652499777984618,10.864027,64881.0,655.0,2.320527104,2.320909754,1.096454093320166,54.822704666008306,0.0,0.0,0.5939196525515744,0.0010857763300760044,2.321904647,1.2538284049525827,62.69142024762914,0.0,0.0,0.23709677419354838,0.0005376344086021505,,,,0.9977318968055027,,,,,,,,,,,,,,,,,,
F0101,main03,1,drain,redis,8.10.2,memory,redis-current,16,1,2,15,65536,compressible,inherited,False,,250,0.1,True,2026092504,False,complete,,complete,65536.0,65536.0,0.0,2879.433983096046,0.344932,0.504586,65536.0,0.34458760513305653,4.475225,64881.0,655.0,22.760028667,22.760271417,0.36502091068187553,18.251045534093777,0.0,0.0,0.2605372597504777,0.0023603461841070024,22.761804275,0.08508565387002916,4.254282693501458,0.0,0.0,0.06222307840493161,0.001045766023612296,,,,0.9922172603738048,,,,,,,,,,,,,,,,,,
F0102,main03,1,drain,nats,2.15.0,memory,nats-current,16,1,2,15,65536,compressible,inherited,False,,250,0.1,True,2026092505,False,complete,,complete,65536.0,65536.0,0.0,2298.6460791679892,0.435371,0.639807,65536.0,0.43234794062805487,7.206922,64881.0,655.0,28.510696185,28.510935845,0.43909474133222726,21.95473706661136,0.0,0.0,0.3097369134797939,0.003164270861585752,28.512369053,0.2178605358415988,10.89302679207994,0.0,0.0,0.06919667467860371,0.0007938433041522415,,,,0.9938148985610258,,,,,,,,,,,,,,,,,,
F0103,main03,1,drain,nats,2.15.0,memory,nats-current,16,16,4,15,65536,compressible,inherited,False,,250,0.1,True,2026092506,False,complete,,complete,65536.0,65536.0,0.0,31817.940154531825,0.471416,1.051163,65536.0,0.5016085642852799,4.223677,64881.0,655.0,2.059718501,2.059943811,1.4415402906346553,36.03850726586638,0.0,0.0,0.7611940298507462,0.0012437810945273632,2.060869998,1.3364321877036711,66.82160938518355,0.0,0.0,0.20746132848043677,0.0009099181073703367,,,,0.997509454964351,,,,,,,,,,,,,,,,,,
F0104,main03,1,drain,redis,8.10.2,periodic,redis-current,16,1,4,15,65536,compressible,inherited,False,,250,0.1,True,2026092507,False,complete,,complete,65536.0,65536.0,0.0,2461.4764230687806,0.405981,0.561391,65536.0,0.40354936975097633,4.00679,64881.0,655.0,26.624671025,26.625108067,0.3128816971948781,7.822042429871952,0.0,0.0,0.24172882004207305,0.04628035953337158,26.626428386,0.11565118518182922,5.782559259091461,0.0,0.0,0.06355593204386088,0.0012235869923290508,,,,0.9933272591862945,,,,,,,,,,,,,,,,,,
F0105,main03,0,recovery,nats,2.10.24,periodic,nats-old,16,0,2,15,65536,compressible,inherited,False,jetstream,1000,0.1,False,2026092508,False,complete,,complete,,,,,,,,,,,,,,,,,,,,,,,,,,,,,,,False,100.386005,0.909088263,9.467740000000049,909.081735,False,False,,,,,,,,,,,
F0106,main03,0,recovery,redis,8.10.2,periodic,redis-current,16,0,2,15,65536,compressible,inherited,False,autoclaim,1000,0.1,True,2026092509,False,complete,,complete,,,,,,,,,,,,,,,,,,,,,,,,,,,,,,,False,100.035153,0.905714224,5.746088999999984,905.710936,False,False,,,,,,,,,,,
F0107,main03,0,recovery,nats,2.10.24,periodic,nats-old,16,0,2,15,65536,compressible,inherited,False,jetstream,250,0.1,False,2026092510,False,complete,,complete,,,,,,,,,,,,,,,,,,,,,,,,,,,,,,,False,25.296704,0.226694099,1.9859519999999975,226.689248,False,False,,,,,,,,,,,
F0108,main03,0,recovery,redis,7.4.2,periodic,redis-old,16,0,2,15,65536,compressible,inherited,False,autoclaim,250,0.1,False,2026092511,False,complete,,complete,,,,,,,,,,,,,,,,,,,,,,,,,,,,,,,False,25.490652,0.227152568,2.639408000000003,227.148756,False,False,,,,,,,,,,,
F0109,main03,0,recovery,nats,2.10.24,periodic,nats-old,16,0,2,15,65536,compressible,inherited,False,jetstream,1000,0.1,True,2026092512,False,complete,,complete,,,,,,,,,,,,,,,,,,,,,,,,,,,,,,,False,100.341883,0.906996175,7.330034999999953,906.988152,False,False,,,,,,,,,,,
F0110,main03,0,recovery,nats,2.10.24,periodic,nats-old,16,0,2,15,65536,compressible,inherited,False,jetstream,250,0.1,True,2026092513,False,complete,,complete,,,,,,,,,,,,,,,,,,,,,,,,,,,,,,,False,25.366016,0.226990142,2.3485180000000128,226.982502,False,False,,,,,,,,,,,
F0111,main03,0,recovery,redis,8.10.2,periodic,redis-current,16,0,2,15,65536,compressible,inherited,False,claim,250,0.75,False,2026092514,False,complete,,complete,,,,,,,,,,,,,,,,,,,,,,,,,,,,,,,False,188.361364,0.146228385,84.58648599999998,146.225122,False,False,,,,,,,,,,,
F0112,main03,0,recovery,nats,2.10.24,periodic,nats-old,16,0,2,15,65536,compressible,inherited,False,jetstream,1000,0.75,False,2026092515,False,complete,,complete,,,,,,,,,,,,,,,,,,,,,,,,,,,,,,,False,750.689417,0.25882395,9.506520000000023,258.817103,False,False,,,,,,,,,,,
F0113,main03,0,recovery,redis,8.10.2,periodic,redis-current,16,0,2,15,65536,compressible,inherited,False,claim,1000,0.1,False,2026092516,False,complete,,complete,,,,,,,,,,,,,,,,,,,,,,,,,,,,,,,False,100.519589,0.925162408,25.678106999999954,925.158518,False,False,,,,,,,,,,,
F0114,main03,0,recovery,redis,7.4.2,periodic,redis-old,16,0,2,15,65536,compressible,inherited,False,autoclaim,1000,0.75,True,2026092517,False,complete,,complete,,,,,,,,,,,,,,,,,,,,,,,,,,,,,,,False,750.496879,0.255992655,6.486120000000028,255.989241,False,False,,,,,,,,,,,
F0115,main03,0,recovery,redis,7.4.2,periodic,redis-old,16,0,2,15,65536,compressible,inherited,False,autoclaim,250,0.75,False,2026092518,False,complete,,complete,,,,,,,,,,,,,,,,,,,,,,,,,,,,,,,False,188.003903,0.070098371,8.09897699999999,70.095074,False,False,,,,,,,,,,,
F0116,main03,0,recovery,redis,7.4.2,periodic,redis-old,16,0,2,15,65536,compressible,inherited,False,autoclaim,1000,0.1,True,2026092519,False,complete,,complete,,,,,,,,,,,,,,,,,,,,,,,,,,,,,,,False,100.800958,0.903569672,4.369062999999983,903.568105,False,False,,,,,,,,,,,
F0117,main03,0,recovery,redis,8.10.2,periodic,redis-current,16,0,2,15,65536,compressible,inherited,False,autoclaim,250,0.75,True,2026092520,False,complete,,complete,,,,,,,,,,,,,,,,,,,,,,,,,,,,,,,False,188.364015,0.062498611,0.8592800000000125,62.495265,False,False,,,,,,,,,,,
F0118,main03,0,recovery,nats,2.15.0,periodic,nats-current,16,0,2,15,65536,compressible,inherited,False,jetstream,1000,0.1,True,2026092521,False,complete,,complete,,,,,,,,,,,,,,,,,,,,,,,,,,,,,,,False,100.646781,0.903722951,4.367119000000002,903.720338,False,False,,,,,,,,,,,
F0119,main03,0,recovery,redis,8.10.2,periodic,redis-current,16,0,2,15,65536,compressible,inherited,False,autoclaim,1000,0.75,True,2026092522,False,complete,,complete,,,,,,,,,,,,,,,,,,,,,,,,,,,,,,,False,750.311835,0.259925777,10.234798999999953,259.922964,False,False,,,,,,,,,,,
F0120,main03,0,recovery,redis,8.10.2,periodic,redis-current,16,0,2,15,65536,compressible,inherited,False,autoclaim,250,0.1,False,2026092523,False,complete,,complete,,,,,,,,,,,,,,,,,,,,,,,,,,,,,,,False,25.353002,0.233774528,9.12402400000002,233.771022,False,False,,,,,,,,,,,
F0121,main03,0,recovery,nats,2.15.0,periodic,nats-current,16,0,2,15,65536,compressible,inherited,False,jetstream,250,0.1,False,2026092524,False,complete,,complete,,,,,,,,,,,,,,,,,,,,,,,,,,,,,,,False,25.405174,0.226646562,2.043443999999994,226.63827,False,False,,,,,,,,,,,
F0122,main03,0,recovery,nats,2.10.24,periodic,nats-old,16,0,2,15,65536,compressible,inherited,False,jetstream,250,0.75,False,2026092525,False,complete,,complete,,,,,,,,,,,,,,,,,,,,,,,,,,,,,,,False,188.45427,0.063654197,2.0593100000000106,63.60504,False,False,,,,,,,,,,,
F0123,main03,0,recovery,redis,8.10.2,periodic,redis-current,16,0,2,15,65536,compressible,inherited,False,claim,1000,0.75,True,2026092526,False,complete,,complete,,,,,,,,,,,,,,,,,,,,,,,,,,,,,,,False,751.016163,0.282142934,33.15458699999999,282.138424,False,False,,,,,,,,,,,
F0124,main03,0,recovery,redis,8.10.2,periodic,redis-current,16,0,2,15,65536,compressible,inherited,False,claim,1000,0.1,True,2026092527,False,complete,,complete,,,,,,,,,,,,,,,,,,,,,,,,,,,,,,,False,100.514845,0.931493399,32.00480399999992,931.489959,False,False,,,,,,,,,,,
F0125,main03,0,recovery,redis,8.10.2,periodic,redis-current,16,0,2,15,65536,compressible,inherited,False,claim,250,0.1,False,2026092528,False,complete,,complete,,,,,,,,,,,,,,,,,,,,,,,,,,,,,,,False,25.414169,0.302985171,78.39660300000003,302.982434,False,False,,,,,,,,,,,
F0126,main03,0,recovery,redis,8.10.2,periodic,redis-current,16,0,2,15,65536,compressible,inherited,False,autoclaim,250,0.1,True,2026092529,False,complete,,complete,,,,,,,,,,,,,,,,,,,,,,,,,,,,,,,False,25.734101,0.231586354,7.317097999999987,231.582997,False,False,,,,,,,,,,,
F0127,main03,0,recovery,nats,2.15.0,periodic,nats-current,16,0,2,15,65536,compressible,inherited,False,jetstream,250,0.75,False,2026092530,False,complete,,complete,,,,,,,,,,,,,,,,,,,,,,,,,,,,,,,False,188.413569,0.063606007,2.010514999999998,63.596946,False,False,,,,,,,,,,,
F0128,main03,0,recovery,nats,2.15.0,periodic,nats-current,16,0,2,15,65536,compressible,inherited,False,jetstream,250,0.1,True,2026092531,False,complete,,complete,,,,,,,,,,,,,,,,,,,,,,,,,,,,,,,False,25.375104,0.226930647,2.296278000000001,226.921174,False,False,,,,,,,,,,,
F0129,main03,0,recovery,redis,7.4.2,periodic,redis-old,16,0,2,15,65536,compressible,inherited,False,autoclaim,250,0.1,True,2026092532,False,complete,,complete,,,,,,,,,,,,,,,,,,,,,,,,,,,,,,,False,25.405132,0.224680786,0.08278000000001384,224.677648,False,False,,,,,,,,,,,
F0130,main03,0,recovery,redis,7.4.2,periodic,redis-old,16,0,2,15,65536,compressible,inherited,False,autoclaim,250,0.75,True,2026092533,False,complete,,complete,,,,,,,,,,,,,,,,,,,,,,,,,,,,,,,False,187.669911,0.070495527,8.162732000000005,70.492821,False,False,,,,,,,,,,,
F0131,main03,0,recovery,redis,7.4.2,periodic,redis-old,16,0,2,15,65536,compressible,inherited,False,autoclaim,1000,0.1,False,2026092534,False,complete,,complete,,,,,,,,,,,,,,,,,,,,,,,,,,,,,,,False,100.077134,0.907340479,7.413876999999957,907.336743,False,False,,,,,,,,,,,
F0132,main03,0,recovery,redis,8.10.2,periodic,redis-current,16,0,2,15,65536,compressible,inherited,False,claim,250,0.75,True,2026092535,False,complete,,complete,,,,,,,,,,,,,,,,,,,,,,,,,,,,,,,False,188.286961,0.134010186,72.29413899999997,134.007178,False,False,,,,,,,,,,,
F0133,main03,0,recovery,redis,8.10.2,periodic,redis-current,16,0,2,15,65536,compressible,inherited,False,claim,1000,0.75,False,2026092536,False,complete,,complete,,,,,,,,,,,,,,,,,,,,,,,,,,,,,,,False,750.79049,0.26431941,15.104942000000051,264.314452,False,False,,,,,,,,,,,
F0134,main03,0,recovery,redis,8.10.2,periodic,redis-current,16,0,2,15,65536,compressible,inherited,False,autoclaim,1000,0.1,False,2026092537,False,complete,,complete,,,,,,,,,,,,,,,,,,,,,,,,,,,,,,,False,100.27112,0.910799193,11.067037000000028,910.795917,False,False,,,,,,,,,,,
F0135,main03,0,recovery,redis,7.4.2,periodic,redis-old,16,0,2,15,65536,compressible,inherited,False,autoclaim,1000,0.75,False,2026092538,False,complete,,complete,,,,,,,,,,,,,,,,,,,,,,,,,,,,,,,False,750.319554,0.256254344,6.571254999999951,256.251701,False,False,,,,,,,,,,,
F0136,main03,0,recovery,redis,8.10.2,periodic,redis-current,16,0,2,15,65536,compressible,inherited,False,claim,250,0.1,True,2026092539,False,complete,,complete,,,,,,,,,,,,,,,,,,,,,,,,,,,,,,,False,25.427817,0.297955622,73.37934999999999,297.951533,False,False,,,,,,,,,,,
F0137,main03,0,recovery,nats,2.10.24,periodic,nats-old,16,0,2,15,65536,compressible,inherited,False,jetstream,250,0.75,True,2026092540,False,complete,,complete,,,,,,,,,,,,,,,,,,,,,,,,,,,,,,,False,188.533811,0.063488621,2.016036000000014,63.482225,False,False,,,,,,,,,,,
F0138,main03,0,recovery,redis,8.10.2,periodic,redis-current,16,0,2,15,65536,compressible,inherited,False,autoclaim,250,0.75,False,2026092541,False,complete,,complete,,,,,,,,,,,,,,,,,,,,,,,,,,,,,,,False,188.534438,0.071352144,9.883603999999991,71.349166,False,False,,,,,,,,,,,
F0139,main03,0,recovery,nats,2.15.0,periodic,nats-current,16,0,2,15,65536,compressible,inherited,False,jetstream,250,0.75,True,2026092542,False,complete,,complete,,,,,,,,,,,,,,,,,,,,,,,,,,,,,,,False,188.405599,0.063411681,1.809311000000008,63.403712,False,False,,,,,,,,,,,
F0140,main03,0,recovery,nats,2.15.0,periodic,nats-current,16,0,2,15,65536,compressible,inherited,False,jetstream,1000,0.75,True,2026092543,False,complete,,complete,,,,,,,,,,,,,,,,,,,,,,,,,,,,,,,False,750.056053,0.257509895,7.559972000000016,257.503919,False,False,,,,,,,,,,,
F0141,main03,0,recovery,nats,2.15.0,periodic,nats-current,16,0,2,15,65536,compressible,inherited,False,jetstream,1000,0.75,False,2026092544,False,complete,,complete,,,,,,,,,,,,,,,,,,,,,,,,,,,,,,,False,750.620349,0.254154498,4.768958999999995,254.14861,False,False,,,,,,,,,,,
F0142,main03,0,recovery,redis,8.10.2,periodic,redis-current,16,0,2,15,65536,compressible,inherited,False,autoclaim,1000,0.75,False,2026092545,False,complete,,complete,,,,,,,,,,,,,,,,,,,,,,,,,,,,,,,False,750.039455,0.25696535,7.001541999999972,256.962087,False,False,,,,,,,,,,,
F0143,main03,0,recovery,nats,2.10.24,periodic,nats-old,16,0,2,15,65536,compressible,inherited,False,jetstream,1000,0.75,True,2026092546,False,complete,,complete,,,,,,,,,,,,,,,,,,,,,,,,,,,,,,,False,750.325018,0.256441552,6.762158999999997,256.437141,False,False,,,,,,,,,,,
F0144,main03,0,recovery,nats,2.15.0,periodic,nats-current,16,0,2,15,65536,compressible,inherited,False,jetstream,1000,0.1,False,2026092547,False,complete,,complete,,,,,,,,,,,,,,,,,,,,,,,,,,,,,,,False,100.240727,0.904408929,4.644113999999945,904.403387,False,False,,,,,,,,,,,
F0145,main03,1,recovery,nats,2.15.0,periodic,nats-current,16,0,2,15,65536,compressible,inherited,False,jetstream,1000,0.75,True,2026092548,False,complete,,complete,,,,,,,,,,,,,,,,,,,,,,,,,,,,,,,False,750.445862,0.255185467,5.624269000000027,255.178407,False,False,,,,,,,,,,,
F0146,main03,1,recovery,nats,2.15.0,periodic,nats-current,16,0,2,15,65536,compressible,inherited,False,jetstream,250,0.75,True,2026092549,False,complete,,complete,,,,,,,,,,,,,,,,,,,,,,,,,,,,,,,False,188.552716,0.063475886,1.9846139999999934,63.431898,False,False,,,,,,,,,,,
F0147,main03,1,recovery,nats,2.10.24,periodic,nats-old,16,0,2,15,65536,compressible,inherited,False,jetstream,250,0.1,True,2026092550,False,complete,,complete,,,,,,,,,,,,,,,,,,,,,,,,,,,,,,,False,25.463777,0.226619057,2.0739739999999927,226.610197,False,False,,,,,,,,,,,
F0148,main03,1,recovery,nats,2.10.24,periodic,nats-old,16,0,2,15,65536,compressible,inherited,False,jetstream,1000,0.1,False,2026092551,False,complete,,complete,,,,,,,,,,,,,,,,,,,,,,,,,,,,,,,False,100.344987,0.905988052,6.280533999999989,905.935547,False,False,,,,,,,,,,,
F0149,main03,1,recovery,redis,8.10.2,periodic,redis-current,16,0,2,15,65536,compressible,inherited,False,autoclaim,1000,0.1,True,2026092552,False,complete,,complete,,,,,,,,,,,,,,,,,,,,,,,,,,,,,,,False,101.050831,0.903556931,4.60367599999995,903.552845,False,False,,,,,,,,,,,
F0150,main03,1,recovery,redis,7.4.2,periodic,redis-old,16,0,2,15,65536,compressible,inherited,False,autoclaim,250,0.75,False,2026092553,False,complete,,complete,,,,,,,,,,,,,,,,,,,,,,,,,,,,,,,False,188.161838,0.068001048,6.161269000000004,67.999431,False,False,,,,,,,,,,,
F0151,main03,1,recovery,redis,8.10.2,periodic,redis-current,16,0,2,15,65536,compressible,inherited,False,autoclaim,1000,0.1,False,2026092554,False,complete,,complete,,,,,,,,,,,,,,,,,,,,,,,,,,,,,,,False,100.347269,0.909983822,10.327938000000017,909.980669,False,False,,,,,,,,,,,
F0152,main03,1,recovery,nats,2.10.24,periodic,nats-old,16,0,2,15,65536,compressible,inherited,False,jetstream,1000,0.1,True,2026092555,False,complete,,complete,,,,,,,,,,,,,,,,,,,,,,,,,,,,,,,False,101.153392,0.907950298,9.096041000000014,907.942649,False,False,,,,,,,,,,,
F0153,main03,1,recovery,nats,2.15.0,periodic,nats-current,16,0,2,15,65536,compressible,inherited,False,jetstream,1000,0.1,False,2026092556,False,complete,,complete,,,,,,,,,,,,,,,,,,,,,,,,,,,,,,,False,100.192628,0.904534451,4.716645999999969,904.524018,False,False,,,,,,,,,,,
F0154,main03,1,recovery,redis,7.4.2,periodic,redis-old,16,0,2,15,65536,compressible,inherited,False,autoclaim,1000,0.75,True,2026092557,False,complete,,complete,,,,,,,,,,,,,,,,,,,,,,,,,,,,,,,False,750.846774,0.255157138,6.001049999999964,255.154276,False,False,,,,,,,,,,,
F0155,main03,1,recovery,nats,2.15.0,periodic,nats-current,16,0,2,15,65536,compressible,inherited,False,jetstream,250,0.75,False,2026092558,False,complete,,complete,,,,,,,,,,,,,,,,,,,,,,,,,,,,,,,False,187.605613,0.064851239,2.4475089999999966,64.841896,False,False,,,,,,,,,,,
F0156,main03,1,recovery,redis,8.10.2,periodic,redis-current,16,0,2,15,65536,compressible,inherited,False,autoclaim,250,0.75,False,2026092559,False,complete,,complete,,,,,,,,,,,,,,,,,,,,,,,,,,,,,,,False,188.542081,0.06999621,8.535095000000013,69.993014,False,False,,,,,,,,,,,
F0157,main03,1,recovery,redis,8.10.2,periodic,redis-current,16,0,2,15,65536,compressible,inherited,False,claim,250,0.75,True,2026092560,False,complete,,complete,,,,,,,,,,,,,,,,,,,,,,,,,,,,,,,False,188.39396,0.146398317,84.78716600000001,146.393206,False,False,,,,,,,,,,,
F0158,main03,1,recovery,nats,2.15.0,periodic,nats-current,16,0,2,15,65536,compressible,inherited,False,jetstream,250,0.1,False,2026092561,False,complete,,complete,,,,,,,,,,,,,,,,,,,,,,,,,,,,,,,False,25.369977,0.226885406,2.2348149999999976,226.864838,False,False,,,,,,,,,,,
F0159,main03,1,recovery,redis,7.4.2,periodic,redis-old,16,0,2,15,65536,compressible,inherited,False,autoclaim,1000,0.1,False,2026092562,False,complete,,complete,,,,,,,,,,,,,,,,,,,,,,,,,,,,,,,False,100.918823,0.908601716,9.517276000000038,908.598453,False,False,,,,,,,,,,,
F0160,main03,1,recovery,redis,8.10.2,periodic,redis-current,16,0,2,15,65536,compressible,inherited,False,claim,1000,0.1,True,2026092563,False,complete,,complete,,,,,,,,,,,,,,,,,,,,,,,,,,,,,,,False,100.496897,0.920479795,20.973615999999993,920.476719,False,False,,,,,,,,,,,
F0161,main03,1,recovery,redis,7.4.2,periodic,redis-old,16,0,2,15,65536,compressible,inherited,False,autoclaim,250,0.75,True,2026092564,False,complete,,complete,,,,,,,,,,,,,,,,,,,,,,,,,,,,,,,False,188.067392,0.069653181,7.717420000000004,69.650028,False,False,,,,,,,,,,,
F0162,main03,1,recovery,redis,8.10.2,periodic,redis-current,16,0,2,15,65536,compressible,inherited,False,autoclaim,1000,0.75,False,2026092565,False,complete,,complete,,,,,,,,,,,,,,,,,,,,,,,,,,,,,,,False,750.785551,0.26001384,10.79636800000003,260.010817,False,False,,,,,,,,,,,
F0163,main03,1,recovery,redis,8.10.2,periodic,redis-current,16,0,2,15,65536,compressible,inherited,False,claim,1000,0.75,False,2026092566,False,complete,,complete,,,,,,,,,,,,,,,,,,,,,,,,,,,,,,,False,750.111951,0.275822668,25.930364000000054,275.818413,False,False,,,,,,,,,,,
F0164,main03,1,recovery,redis,7.4.2,periodic,redis-old,16,0,2,15,65536,compressible,inherited,False,autoclaim,1000,0.75,False,2026092567,False,complete,,complete,,,,,,,,,,,,,,,,,,,,,,,,,,,,,,,False,750.872141,0.255468095,6.3371570000000474,255.465016,False,False,,,,,,,,,,,
F0165,main03,1,recovery,redis,7.4.2,periodic,redis-old,16,0,2,15,65536,compressible,inherited,False,autoclaim,250,0.1,True,2026092568,False,complete,,complete,,,,,,,,,,,,,,,,,,,,,,,,,,,,,,,False,25.15765,0.22672354,1.877867000000009,226.720217,False,False,,,,,,,,,,,
F0166,main03,1,recovery,redis,8.10.2,periodic,redis-current,16,0,2,15,65536,compressible,inherited,False,autoclaim,1000,0.75,True,2026092569,False,complete,,complete,,,,,,,,,,,,,,,,,,,,,,,,,,,,,,,False,751.002857,0.258174255,9.174024000000031,258.171167,False,False,,,,,,,,,,,
F0167,main03,1,recovery,redis,7.4.2,periodic,redis-old,16,0,2,15,65536,compressible,inherited,False,autoclaim,250,0.1,False,2026092570,False,complete,,complete,,,,,,,,,,,,,,,,,,,,,,,,,,,,,,,False,25.680644,0.231764644,7.441735999999992,231.761092,False,False,,,,,,,,,,,
F0168,main03,1,recovery,redis,8.10.2,periodic,redis-current,16,0,2,15,65536,compressible,inherited,False,claim,250,0.75,False,2026092571,False,complete,,complete,,,,,,,,,,,,,,,,,,,,,,,,,,,,,,,False,188.247541,0.128214432,66.460846,128.213305,False,False,,,,,,,,,,,
F0169,main03,1,recovery,nats,2.10.24,periodic,nats-old,16,0,2,15,65536,compressible,inherited,False,jetstream,250,0.75,False,2026092572,False,complete,,complete,,,,,,,,,,,,,,,,,,,,,,,,,,,,,,,False,188.440649,0.063452383,1.8839900000000114,63.443341,False,False,,,,,,,,,,,
F0170,main03,1,recovery,nats,2.15.0,periodic,nats-current,16,0,2,15,65536,compressible,inherited,False,jetstream,1000,0.75,False,2026092573,False,complete,,complete,,,,,,,,,,,,,,,,,,,,,,,,,,,,,,,False,751.043344,0.255310744,6.345935000000054,255.302591,False,False,,,,,,,,,,,
F0171,main03,1,recovery,redis,8.10.2,periodic,redis-current,16,0,2,15,65536,compressible,inherited,False,claim,1000,0.75,True,2026092574,False,complete,,complete,,,,,,,,,,,,,,,,,,,,,,,,,,,,,,,False,750.40064,0.272622861,23.019270000000006,272.61863,False,False,,,,,,,,,,,
F0172,main03,1,recovery,nats,2.10.24,periodic,nats-old,16,0,2,15,65536,compressible,inherited,False,jetstream,250,0.75,True,2026092575,False,complete,,complete,,,,,,,,,,,,,,,,,,,,,,,,,,,,,,,False,188.484349,0.06363982,2.1156699999999944,63.631321,False,False,,,,,,,,,,,
F0173,main03,1,recovery,redis,7.4.2,periodic,redis-old,16,0,2,15,65536,compressible,inherited,False,autoclaim,1000,0.1,True,2026092576,False,complete,,complete,,,,,,,,,,,,,,,,,,,,,,,,,,,,,,,False,100.355123,0.905365285,5.718013000000042,905.36289,False,False,,,,,,,,,,,
F0174,main03,1,recovery,redis,8.10.2,periodic,redis-current,16,0,2,15,65536,compressible,inherited,False,autoclaim,250,0.75,True,2026092577,False,complete,,complete,,,,,,,,,,,,,,,,,,,,,,,,,,,,,,,False,187.709076,0.064746162,2.4519070000000056,64.742831,False,False,,,,,,,,,,,
F0175,main03,1,recovery,nats,2.10.24,periodic,nats-old,16,0,2,15,65536,compressible,inherited,False,jetstream,1000,0.75,False,2026092578,False,complete,,complete,,,,,,,,,,,,,,,,,,,,,,,,,,,,,,,False,750.855886,0.259241539,10.090598999999997,259.234713,False,False,,,,,,,,,,,
F0176,main03,1,recovery,redis,8.10.2,periodic,redis-current,16,0,2,15,65536,compressible,inherited,False,claim,250,0.1,False,2026092579,False,complete,,complete,,,,,,,,,,,,,,,,,,,,,,,,,,,,,,,False,25.45394,0.303018835,78.470031,303.016091,False,False,,,,,,,,,,,
F0177,main03,1,recovery,redis,8.10.2,periodic,redis-current,16,0,2,15,65536,compressible,inherited,False,claim,250,0.1,True,2026092580,False,complete,,complete,,,,,,,,,,,,,,,,,,,,,,,,,,,,,,,False,25.568215,0.313489407,89.05650700000001,313.488292,False,False,,,,,,,,,,,
F0178,main03,1,recovery,redis,8.10.2,periodic,redis-current,16,0,2,15,65536,compressible,inherited,False,autoclaim,250,0.1,True,2026092581,False,complete,,complete,,,,,,,,,,,,,,,,,,,,,,,,,,,,,,,False,25.838321,0.230831917,6.667398999999989,230.829078,False,False,,,,,,,,,,,
F0179,main03,1,recovery,nats,2.10.24,periodic,nats-old,16,0,2,15,65536,compressible,inherited,False,jetstream,1000,0.75,True,2026092582,False,complete,,complete,,,,,,,,,,,,,,,,,,,,,,,,,,,,,,,False,750.088555,0.258209084,8.290422000000035,258.201867,False,False,,,,,,,,,,,
F0180,main03,1,recovery,redis,8.10.2,periodic,redis-current,16,0,2,15,65536,compressible,inherited,False,autoclaim,250,0.1,False,2026092583,False,complete,,complete,,,,,,,,,,,,,,,,,,,,,,,,,,,,,,,False,25.735953,0.231108681,6.841441999999972,231.105489,False,False,,,,,,,,,,,
F0181,main03,1,recovery,nats,2.10.24,periodic,nats-old,16,0,2,15,65536,compressible,inherited,False,jetstream,250,0.1,False,2026092584,False,complete,,complete,,,,,,,,,,,,,,,,,,,,,,,,,,,,,,,False,25.413087,0.226713968,2.1180319999999995,226.704945,False,False,,,,,,,,,,,
F0182,main03,1,recovery,redis,8.10.2,periodic,redis-current,16,0,2,15,65536,compressible,inherited,False,claim,1000,0.1,False,2026092585,False,complete,,complete,,,,,,,,,,,,,,,,,,,,,,,,,,,,,,,False,100.428401,0.980693475,81.11769299999992,980.689292,False,False,,,,,,,,,,,
F0183,main03,1,recovery,nats,2.15.0,periodic,nats-current,16,0,2,15,65536,compressible,inherited,False,jetstream,250,0.1,True,2026092586,False,complete,,complete,,,,,,,,,,,,,,,,,,,,,,,,,,,,,,,False,25.424037,0.226734427,2.1370550000000037,226.713018,False,False,,,,,,,,,,,
F0184,main03,1,recovery,nats,2.15.0,periodic,nats-current,16,0,2,15,65536,compressible,inherited,False,jetstream,1000,0.1,True,2026092587,False,complete,,complete,,,,,,,,,,,,,,,,,,,,,,,,,,,,,,,False,100.468944,0.904209785,4.67182600000001,904.202882,False,False,,,,,,,,,,,
F0185,main03,0,recovery,redis,7.4.2,periodic,redis-old,16,0,2,15,65536,compressible,inherited,False,none,250,0.1,True,2026092588,False,complete,,complete,,,,,,,,,,,,,,,,,,,,,,,,,,,,,,,True,25.529026,0.510501661,,,,,,,,,,,,,,,
F0186,main03,1,recovery,redis,7.4.2,periodic,redis-old,16,0,2,15,65536,compressible,inherited,False,none,250,0.1,True,2026092589,False,complete,,complete,,,,,,,,,,,,,,,,,,,,,,,,,,,,,,,True,25.359433,0.614498953,,,,,,,,,,,,,,,
F0187,main03,0,recovery,redis,8.10.2,periodic,redis-current,16,0,2,15,65536,compressible,inherited,False,none,250,0.1,True,2026092590,False,complete,,complete,,,,,,,,,,,,,,,,,,,,,,,,,,,,,,,True,25.411122,0.51063182,,,,,,,,,,,,,,,
F0188,main03,1,recovery,redis,8.10.2,periodic,redis-current,16,0,2,15,65536,compressible,inherited,False,none,250,0.1,True,2026092591,False,complete,,complete,,,,,,,,,,,,,,,,,,,,,,,,,,,,,,,True,25.398772,0.50471452,,,,,,,,,,,,,,,
F0189,main03,0,trace,nats,2.15.0,always,nats-current,16,0,2,15,65536,compressible,inherited,False,,250,0.1,True,2026092592,False,complete,,complete,10382.0,10382.0,0.0,691.6574903636214,22.854572,43.694846,10382.0,23.12385162251972,72.756023,10279.0,103.0,15.010319623,15.010887615,0.056635691493051,2.83178457465255,0.0,0.0,0.15954224166947156,0.0030292830696735107,15.012627919,0.1962801593364395,9.814007966821976,0.0,0.0,0.08218489506974407,0.048967452770912745,,,,,,,,,,,,,,,,,,,,,,
F0190,main03,0,trace,redis,8.10.2,always,redis-current,1,0,2,15,65536,compressible,inherited,True,,250,0.1,True,2026092593,False,complete,,complete,8233.0,8233.0,0.0,548.8162978801206,1.707255,2.861215,8233.0,1.8178139205635864,545.055431,8151.0,82.0,15.001376657,15.001764691,0.05559125990693091,2.7795629953465455,0.0,0.0,0.10252525252525252,0.0025252525252525255,15.00312453,0.2059235723746939,10.296178618734695,0.0,0.0,0.06578892196737808,0.036605308398675,,,,,,,,,,,,8233.0,{'fdatasync': 8233},0.0,1.4550036438722214,1.355,2.272,544.563,11.979044999999998,15.00312471,0.0,1.0
F0191,main03,0,trace,redis,8.10.2,always,redis-current,1,0,2,15,65536,compressible,inherited,False,,250,0.1,True,2026092594,False,complete,,complete,9012.0,9012.0,0.0,600.7701739636867,1.617841,2.686848,9012.0,1.6604140697958207,7.202225,8922.0,90.0,15.000744695,15.001337996,0.06221138409446181,3.1105692047230904,0.0,0.0,0.12304325871065477,0.0026931493014644,15.003016503,0.1675876314271358,8.37938157135679,0.0,0.0,0.05550439514441189,0.039807450816241104,,,,,,,,,,,,,,,,,,,,,,
F0192,main03,0,compression,nats,2.15.0,always,nats-current,16,0,2,15,65536,random,inherited,False,,250,0.1,True,2026092595,False,complete,,complete,10554.0,10554.0,0.0,703.0599342468332,22.268202,43.134604,10554.0,22.74334249611518,301.206791,10449.0,105.0,15.011522469,15.012075398,0.05965844003949759,2.9829220019748797,0.0,0.0,0.10543130990415335,0.002522280141247688,15.013235501,0.19159161260132157,9.57958063006608,0.0,0.0,0.06784339969884558,0.04655345491049021,,,,,,,,,,,,,,,,,,,,,,
F0193,main03,0,compression,redis,8.10.2,always,redis-current,16,0,2,15,65536,random,inherited,False,,250,0.1,True,2026092596,False,complete,,complete,78760.0,78760.0,0.0,5250.024213503625,2.965608,6.170674,78760.0,3.0441537886237082,11.234503,77973.0,787.0,15.001835572,15.002107808,0.2726393552390608,13.63196776195304,0.0,0.0,0.2908214166943798,0.002660458929165281,15.00359677,0.21026184909926768,10.513092454963385,0.0,0.0,0.061520458059932295,0.042838634178961006,,,,,,,,,,,,,,,,,,,,,,
F0194,main03,0,compression,redis,8.10.2,always,redis-current,16,0,2,15,65536,random,off,False,,250,0.1,True,2026092597,False,complete,,complete,76892.0,76892.0,0.0,5125.263416906634,3.032704,5.044867,76892.0,3.118079518181353,168.008266,76124.0,768.0,15.002545966,15.003063282,0.275953911689966,13.797695584498301,0.0,0.0,0.2536990856192851,0.002660016625103907,15.00481333,0.20723530054072323,10.361765027036162,0.0,0.0,0.07184352405232583,0.04409244786224767,,,,,,,,,,,,,,,,,,,,,,
F0195,main03,0,trace,nats,2.15.0,always,nats-current,1,0,2,15,65536,compressible,inherited,True,,250,0.1,True,2026092598,False,complete,,complete,7860.0,7860.0,0.0,521.0794230282165,1.827093,3.24858,7860.0,1.9145824323155227,254.025031,7782.0,78.0,15.084072893,15.08462832,0.0797774379634168,3.98887189817084,0.0,0.0,0.16599462365591397,0.0030241935483870967,15.08631368,0.4120829734729472,20.60414867364736,0.0,0.0,0.07877894736842106,0.03747368421052632,,,,,,,,,,,,7860.0,{'fsync': 7860},0.0,1.439316921119593,1.366,2.663,253.175,11.313031,15.086314181,0.0,1.0
F0196,main03,0,trace,redis,8.10.2,always,redis-current,16,0,2,15,65536,compressible,inherited,False,,250,0.1,True,2026092599,False,complete,,complete,76540.0,76540.0,0.0,5101.972361356557,3.081858,4.952641,76540.0,3.1324951166840904,11.295551,75775.0,765.0,15.002041285,15.002682266,0.2739652101621066,13.698260508105331,0.0,0.0,0.2579358484294499,0.002659132458035566,15.004317677,0.20335793107588174,10.167896553794087,0.0,0.0,0.06429737536104484,0.05069278747540709,,,,,,,,,,,,,,,,,,,,,,
F0197,main03,0,compression,redis,8.10.2,always,redis-current,16,0,2,15,65536,compressible,inherited,False,,250,0.1,True,2026092600,False,complete,,complete,74033.0,74033.0,0.0,4934.59869895649,3.085327,6.730262,74033.0,3.2386233505868955,217.34942,73293.0,740.0,15.002841065,15.003464723,0.26990505691609906,13.495252845804954,0.0,0.0,0.23916292974588937,0.0028234512539445276,15.005357448,0.19861886065214912,9.930943032607455,0.0,0.0,0.07619246861924686,0.049665271966527196,,,,,,,,,,,,,,,,,,,,,,
F0198,main03,0,trace,nats,2.15.0,always,nats-current,16,0,2,15,65536,compressible,inherited,True,,250,0.1,True,2026092601,False,complete,,complete,9690.0,9690.0,0.0,644.9884774276205,24.817486,45.389735,9690.0,24.797342066047396,76.319883,9594.0,96.0,15.023524201,15.024115765,0.05627772131320502,2.813886065660251,0.0,0.0,0.11818029209333557,0.0033573946617424877,15.025838733,0.3147874860131443,15.739374300657216,0.0,0.0,0.061587648815783935,0.04471835429725295,,,,,,,,,,,,9690.0,{'fsync': 9690},0.0,1.4146194014447884,1.386,2.384,6.908,13.707662000000001,15.025839375,0.0,1.0
F0199,main03,0,compression,nats,2.15.0,always,nats-current,16,0,2,15,65536,compressible,off,False,,250,0.1,True,2026092602,False,complete,,complete,10061.0,10061.0,0.0,670.6143380498382,22.947958,46.340025,10061.0,23.851661592784012,324.461923,9961.0,100.0,15.002661633,15.003248432,0.056939535719340274,2.846976785967014,0.0,0.0,0.12798118911656028,0.0030231776956667787,15.004998549,0.18417735869652432,9.208867934826216,0.0,0.0,0.08199949719265902,0.04537836252409285,,,,,,,,,,,,,,,,,,,,,,
F0200,main03,0,compression,nats,2.15.0,always,nats-current,16,0,2,15,65536,compressible,inherited,False,,250,0.1,True,2026092603,False,complete,,complete,10152.0,10152.0,0.0,676.3348280422528,23.520201,44.65421,10152.0,23.651069468183685,68.773805,10051.0,101.0,15.010316753,15.010966038,0.05804236701318157,2.9021183506590784,0.0,0.0,0.10681244743481917,0.002691337258200168,15.012758077,0.19338152157715607,9.669076078857804,0.0,0.0,0.060890322040286445,0.04715440345073077,,,,,,,,,,,,,,,,,,,,,,
F0201,main03,0,compression,nats,2.15.0,always,nats-current,16,0,2,15,65536,random,off,False,,250,0.1,True,2026092604,False,complete,,complete,10308.0,10308.0,0.0,686.8366683019032,23.001283,45.567199,10308.0,23.289397609332664,82.150676,10205.0,103.0,15.007934893,15.008667162,0.056832761416659626,2.8416380708329814,0.0,0.0,0.16428691416092725,0.0030236855367041827,15.010477602,0.1865976602654405,9.329883013272026,0.0,0.0,0.05741066198008202,0.04669846849108712,,,,,,,,,,,,,,,,,,,,,,
F0202,main03,0,trace,redis,8.10.2,always,redis-current,16,0,2,15,65536,compressible,inherited,True,,250,0.1,True,2026092605,False,complete,,complete,60232.0,60232.0,0.0,4014.5363048365502,3.955971,5.964129,60232.0,3.981389700209175,229.757606,59630.0,602.0,15.003476224,15.004046842,0.2291413134205943,11.457065671029715,0.0,0.0,0.21713906845682082,0.0026520802254268194,15.005874824,0.32705830600096714,16.352915300048355,0.0,0.0,0.07328475761277008,0.03563155456345028,,,,,,,,,,,,7270.0,{'fdatasync': 7270},0.0,1.5334770288858324,1.473,2.238,226.561,11.148378000000001,15.005874994,0.0,0.12069996015407093
F0203,main03,0,compression,redis,8.10.2,always,redis-current,16,0,2,15,65536,compressible,off,False,,250,0.1,True,2026092606,False,complete,,complete,78662.0,78662.0,0.0,5243.422967673011,2.989885,5.241595,78662.0,3.0478540177214115,11.662798,77876.0,786.0,15.002032162,15.002574647,0.2808613254154069,14.043066270770346,0.0,0.0,0.2568306010928962,0.0023182646133465806,15.00426777,0.19968585244730006,9.984292622365002,0.0,0.0,0.06843073321628626,0.043182008193294874,,,,,,,,,,,,,,,,,,,,,,
F0204,main03,0,trace,nats,2.15.0,always,nats-current,1,0,2,15,65536,compressible,inherited,False,,250,0.1,True,2026092607,False,complete,,complete,8179.0,8179.0,0.0,545.2081842928759,1.752555,3.198519,8179.0,1.8296762385377137,274.957464,8098.0,81.0,15.001608992,15.002198814,0.08370599640554796,4.185299820277398,0.0,0.0,0.1220253164556962,0.0037130801687763715,15.004120548,0.20527900919928013,10.263950459964006,0.0,0.0,0.06669742858341374,0.03871806703301313,,,,,,,,,,,,,,,,,,,,,,
